1	3607520	G	119	AAaGGAGAGGAGaAGGaAgGggGgaAgagagAAGggGGAgAaAGAGAGAgGGaGGgGGAaGAaagaaGggGAAGAGGaAGAAAagGAGGaGGgGGGgAagGaGgagGGggGagaggagA	ECC>BGB<@=HCE;CCEEFCFEAFEFEEDEFHFCEFCCHFGEHCGCHCGGCBEACGCCEFCCFFAFD=GCCCHBGBBFG=GGGFGCH;BFBBGBABGGEGBFBGFGBAFF@FFE@B>>A	G	69	A	50	1	3607520	3607520
1	11018723	A	110	aGaAAAagaGAAaAGaGaAAagaGGGGgGGGGAGGAAAGAAaGgaAAGgAAaaaaGGGaAgAgGAgaGAgagAAgGAGAggAGAAggGaagGGagAGggaAaAagGGaGG	A=DDEFFBFCHHFHCFCFBFFCFBCCCC>C;CGC=HHGCHHGCDGHGADHHGFGGCCCGHDH7CHCGCHAGDHHDBHBG?DGBGGCDBGGC:BGDGADDGGGGFCA=???	A	57	G	53	1	11018723	11018723
1	17413121	A	117	CCAaCccaAAaCAAaAAaacACcAcCACaCCaAcaCAcaaACCccAAaCcCaCcAAACAcaaAcAcAcAcAAaaaaaaaAcCCaCccCAaCACCaCaCcCCACaaaCAAAaccacca	A5A>?BDEGHEDDHEHHEADHCDEDDGDE>AEFDEDHEFFGCDEEHGFCEDDDEHHHDHEDBHEHEDEHAHGFFFFFBFGECCFCEECGFCGCCF<F=EACCCFFFBGFF@C@>?=B	A	64	C	53	1	17413121	17413121
1	24200969	T	33	CcccTCcTCCTTCTCTTtccTTTcCTCtTCctC	@CFFEDFFDDGGDGCFFFGGFFFGCFCFFC?8C	C	18	T	15	1	24200969	24200969
1	24200983	C	38	ttCTtCTTCCTCTCCcttCCtTCTcCTtTCtcCCCctc	BBBEDGGGGGGGFGGGFFGFFFFF;FFFFFFGEA=??D	C	20	T	18	1	24200983	24200983
1	24201919	T	115	TtTCtCttctccCTctTccttctCTTTCcCcttTCTtctCCTtCTtcCCCTCTtcCcTTCcCCctccTCttCCtCTCtcCCtTcTctcTTTTccccttcccCcCCTTTccTTTct	<DBFEFEDDEDDGEDEEDDEECEG@ACEEFDEFEGAEDEFGDEF8FD>F<FGEFEGEEDGEFF?FEDEFFFEFFFDCFEEEGAEEEFEEEEDDEEEFDEEEE>EFDAD9EFDBBA	C	60	T	55	1	24201919	24201920
1	24201920	T	115	TtTCtCttctccCTctTccttctCTTTCcCcttTCTtctCCTtCTTtcCCTCTtcCcTTCcCCctccTCttCCtCTCtcCCtTcTctcTTTTccccttcccCCCTTTccTTTctc	;EACHDGF>GBBDDBGEBBGGBGDEEBDBDBGEEDEHBGCD8HDD8GBDCDCDHCDCEDCCDD:HB?EDHHCCDCACFCCCHDCDBHCDDDD<CCCHHCCCCBCCCCACDECBE@	C	59	T	56	1	24201919	24201920
1	26887150	A	38	GGAGGGAAGAAAAGGAGAGAGAAGAGGAGAGGAgGAGG	G=CBGFEEHEEEDGHEFDGDGDBGDGGDGCGG@?C<??	G	21	A	17	1	26887150	26887150
1	89652071	T	56	tTTTtctTTTCcTtccTctttcTttCTTTttTTTTTTTttttttttTTTTttttTt	D@GGEFAGGGBF<EFFHEEEEFGEECGGGDFEFGGGGGFAFEBFEFDCFFEFEEE?	T	48	C	8	1	89652071	89652071
1	111436857	T	140	TTTTGGGGTTGTGTGGTGTTGTTTTTTGTtTTGTTGGTTGtGTTTGGGTGGGGGGTtGTTGGTTGtTGTGGTTggtGGTTGTTGGtGGtGTTTtGtTgTGGTGGGGtGGGTtGtggGGggtGgtTGggtgGgtTttTttt	AF@GCCCBGFBGCGDCGDGGBGGGGGGCGEGGBGGCCFGB:CFGGCCCGCCCCCCGECFFABFFBEEBFBBFFGGA<BFFBFFBBFBBFBFFFFBEFCFBBFBBBBF@BAFEBFGGBBG<FAGDEAG6EE?D@B??A?<;	T	72	G	68	1	111436857	111436858
1	111436858	C	142	CCCCTTTTCCTCTCTTCCCTCCCCCCTCcCCTCCTTCCTcTCCCTTTCTTTTTTCcTCCTTCCTcCTCTTCCttcTTCCTCCTTtcTTcTCCCcTcCCTTCTTTTcTTTCcTcttTTtttcTtcCTttctTtcCccCcccCc	@CEGFFEDGGFGFGFFGGGGGGG@GGFGBGGDEGFFGGECEGGEEEFGFFFFFFGCFFGEDGGFCFFEEEFFHHCBDFFEFFEE9CEE@EFFFCECFEDEFEEEEC?EDFCECHHEEH6HAEHBEDHGCFEG?B==A=9<A=	C	74	T	68	1	111436857	111436858
1	144013853	T	137	TtcTTTTCTTTttTCTtTTcCTCTtTTttttttCTCCTTTTTTTCCTCCcTTtCTTCCCTCTCTTTCTTTtCTtCTTTCtTctCTTCCTCCTTTTCTTTTCTCCtCCtTtTcTCTCTTTTCtTTTTCTttCtCTTcT	CEF@BACF>FEEB;CDDAEGFBFEE6FFEEFFFCEFEFEF=E=EFGEFFFDEFGDCE=FDFDFDD=F?EBFE;FFDBEE6EGFDECFDDEFDB>D@DCDAEEFFFDFFCFDGCFEFDDCAEFEECBCCBCBAA???A	T	93	C	44	1	144013853	144013853
1	144013865	T	177	TGTTTtTtTGTtTTTgGTGTtTTttttttGTGGTTTTTTTTGGTGGgTTTTTtGTTGGGTTGTGTTTTGTTTtGTtTGTTTGtTgtGTTGGTGGTTTTTGTTTTGTGGtGGtTtTgTGCGTTTTGtTTTTGTttGtGTTgTTgtTTTTTttgTTGGTtTGTGGTTTttTtTGTGttt	B5?GGGGGGCGGGHHCDGCGDGGGAEGGGBGCCGGGGDGGFCCGCCCGGGGGHBGGCCCGGBGC?GGGAGGGHC=GFBFFGCDFDH=FFBBFBBFFF8FBFFFFBF@BH8BHEFFEFBCBFFFFBHFFFFBFHHBHBFFDFFEHFFFEEHHDFEBBEGGBGCBGEDDDDBCACCECE	T	124	G	52	1	144013865	144013865
1	144014051	G	220	AGagGgAaagGAAGgagagggggaGGgggaggGagagGGGGgaGggAagAGAaagGggAggggggaGGgggGAGGGgaagagAgagGaaGaAGgagagAGAGagAggGgggGGGggggagaAAgagGAGGGgGaggagggGAgggagGggagGgggggggaaGGggggggggggagggAaaagggggagaaggGgagaggggaaggggggggggaggggg	@9AC7@BAAB>BB=BBCBBC@CFE<CFEEEDD8EEEECCBAFECF?HEEHCGEEDCFFHFFEEDEECCFFFBGACDFDDFEFEFEFCEEBDHCFAFEEHCHCFECDECGEFCCCGGEEEFEGEGF?CHBBCFCFFFFGGFCGGGFFGCGBFFCFFECAFFFF>CFFGDFGEFGGFGFGGFFF=GGFGFGAEFCBFFHEFFFGFFGFGGGGFAGEEFDB>D	G	156	A	64	1	144014051	144014051
1	144014068	T	183	TctCcccccCtCcTTcttTCCTTccctctCtccTccTcCCtccctCTCTctCtcCcttTCTttttctcCCtctCCCCCcCcttccttTCttcccCccctTttttttccTCttttcttcctccccCccccccttcccctcCccccttctccctttcctcccctccccccctccCctttctcCcc	DCB@>8??=;B@@EFBHGGGEEGBABGBGFGBBGBBFBGFGBBBGGFGDBGGABGBGGGGGAGGGBGBGGGB=GGGGGBBBGGBBGGGGGGBBCGCBBGGHHFGFHCBFGGGGFCHHCCHCCC@ACCCACCHHCCCBHCGCBCCHHCECBCHHECAFCCCCHCCCC7ACHCCFCHHHBD?A@@	C	112	T	71	1	144014068	144014068
1	145075923	C	279	cccctccCtccttCCCCCCttCCtcctCCCtttCCccCccCTCctccTCtccTtttCCCtctttccTTCTCCcTCttCCCCccCCTccttCTccTCTccccTCctTCTtcTTCttcccTccCCCctcccctCCctCcCcCCcTCCTCCctcTTTtTCcttCCCcttTcTctccCTCtttCTCTtccCccTtCtTccccCttctctcttccccccttccCccccccccctCctcccTcctcctcCccccctttcccccttcttccccccccttctccttt	C?A?CCBA=CCBB>BBAA=CC@ADEDEFFGEEEEGFFFEFGEBFEEFFGEFDBEEEFGGEFEEE=FEEGAEGFEGEDED=GFFGBEEFEEGF<FFFE?FFFDFFEFG:EEEE?EEFFFEFFG@GFEFFBFEGGFEGFGFGGGEGGEGGEFFDEEEEGFFFGGGGEFEDDGFGGFDF>FFAEGEEGGGGFE@GCE>FGFFF?EFGBGFFF@GDGFFF>GGGGFGGGGGCCFDFGGFD8GCGEFGFHGFGFFFFGGBGGEFGFEGEFGEGEGEED@AAA?;	C	179	T	100	1	145075923	145075923
1	145103928	G	329	GGGggGGgAGGaGGGggAGGGGGGGaggGGggGGGAggaGGGggggGgGGGGGAGaggGGgGGggGgggAgGGGggggggggGGAgagggGGGGGgGGGGGAGGgggGGAGGAgaGGAggGgAGGGGggggGGGgGGGggGgggggGAGGgggGggggGGGgaaaGAgaGgagggGGGaGGGagGAGGggggGgGgGGGagGGGGGGgGggaGgggggGGgggaGGGggGGGAGggaGggGAGGggagGgGGggggGGgGGGgAagggGGGAGggggGGGAGGgGGgGGGGgggGgagGaggggGggggagaGgggGGggaggggGAgg	DCDABCCDEECFFGFFEFGGGGGFFFFFGGFFGGGFFDEGG;FFFFGFGGGCGDGFFBFFCHHEEGFFFFFGFFC5FFFFFFGGEGFFFFGGGGGFFGGFGFGGFFFAFAGGFEGGGEFGGGBGGFFGGGG:GGGFGGGGGGFFGFGFGEGDGGGGGGGGGGEFGGFGGGGGDGGGGCGGGGGGGFGGGEGBEF=AGFFEGEGGFFFEFGGDFGGGCFFFGGGEFFFGGFFFEEHHHFFEFEEFGGDGFGFFGEEGFFGFFFGEGGGGFFFEFGGGGFFFEFFGFFGFFFFGGFFGGGFFGGGEFFEEFCEFDDCADD>BAA?????@D	G	285	A	44	1	145103928	145103928
1	145103947	T	331	TcTCTTTCTcttTCtCTttTcttCtTTTttttctttTTCtcttcCTTTTtTTTTCCTTtttCTCTCCccTTCttTtCTTTCttccTTTtCTTttTtttctTCTTtctTttttTTTtcccTCtcTtctttTTTcTTTctCCTCttttTcCtcCCCctTTTCTtTctcTtttttCTtttcTTTttTTCCTttcTttTCTTtcccTtTTttttTTtTTTtCccttTTTCCctttTTTCTTcCTcTTTTtttCtctTcttttTttctctcTtttTTttcttctTCttcttcCtcttTtcctctTTCTCttcccTTTcTtcttttcctttcCTtct	BC?A?>>BBFCBDFEFEDDFGDDFCEFFDBCDFDDDFFFDGDDGFFCFEDFFFFFFFFDDDEFFBFGGGDFEDDFD@FFFFDDGFGGGDGFFDDFDDDHDFFFDDCDFDDDDFFFDGGGFEDGFEHDEDFFFGEFFFEGBFFDEBEFHA9HFFFHEFFFFEEFHEHFEEEEDFFEEDHFFFEEFFGCFBEHFEEFFFFEHHHDDFEECEEFEEDEEEFHHEEEEEDEHEEEEEEEEEHFEGEEEEEDEFEHEEHEEFFECCHDHEGEEEEEEAEHEEHEEFEEACAGEEFEEDEHHEHEEEEEEEEHGHDDDHDEFEEECFFAB@?B>?<B	T	233	C	98	1	145103947	145103947
1	145109456	C	179	TCCCcCCTCCCTCTCCCTCTTTCCCCCCTTCCTCcCTCCCCCCTCCTTCTTCTCCCTCTCCCTCTCCTCCCCTCCCCCCCTCCTTCCTCCCCCCTCCCCCCCCTTCCCcCTCCCCCCCCCCCTCCCTCCCCCcccTCCCtCCTCCTcccCCCCTTCCTTctTCCTTCTTtTCCtTcccc	>?=GFGGEHEGEGEGEGDBEEAE9GGFGEDFFEGGGEGGGG=GEFGEEGDCEEFDFCFDADFCFDFFDAFFFDFFFEFFFDFFDDFFDFFFFFFDFFFFFFFFDDDFFGFDFDFFFFFFFFFCFFFDEEEFFFGFCCEFEFFDEEBGGGEEEEBEDFBCCCCCCBBCBAABAA>@?DDB	C	127	T	52	1	145109456	145109456
1	145109493	C	342	CCCCCCCCCCCCCCCCCCcCCCCTCCCCCTCCTCCCCTCCCCCTTCCCCCCCCCTTCCTCCCCTCCCCCTCCTTTCCCCCTCTTTTTCCCCCcCCCCTCTCCCCCCCCCCTTCCCctcCCCTcCTCTCCctcCTCCCCTCCCccCCTCCCCCcCTCcCctcttcCCTCCcCCCccCTTCCTCtcTCCCCctCCCCTCcCCCCTCctccCCccccCcctcTCTcCCCCCCCcccCTTCTCCcccTCCCCtCCCTCCCTTcCTCcccccTTCCtcccTTCcctttcCCCCTtCTCcCTTCCcCCcccCcCCCCtttcCCCCccccCCCCCCtCCTCCctTttcc	BA@BB??>CBGGGGGGGGGEGGGGG>FGGGGGGDDDGHEGEGGGDGDGGGGGGEGGGGFGGFGGGGGGGGFFDDGGFFGFFGGG<GGEGGGGGGGGGDGGGGGGGDGGDGGGGGGGCHGGGGGGGGGGGHEHGGGG5CGGFFCHGGGFGGGFHGGGGGHEHEEGFFFFFHFFFHHFFFFFFF@EFFFDFHEFFFFFFHFFFFFFHEHHFEIIIIFDGEHFFEHFFFFFFFHHHFFFDFFFHHHFFFFFEFFCFFFFFEHFFFHHHGHFFFDEHHH7FFGGEEEHDFFDEEEFEHEE:FEHEEGGFFGCBBDABBCAABAACCC@A@AAA>>>CAAC@CBBAE	C	262	T	80	1	145109493	145109493
1	145109809	T	25	tattattttatatttttttttatta	CACDCDED;FEFDEFFFEFDFFFDC	T	19	A	6	1	145109809	145109809
1	150960350	A	44	CAAACACAaACAAACacaCCAcaCAAcacCAAACCACAaACACA	DGEDDHDHEHCEHCDFEF7CGEDCFFEEECGGGCCGCFE?BCCC	A	26	C	18	1	150960350	150960350
1	156146825	T	54	cctTTttCtcCttCttcCcctcttttccctcttcttcttttcttcctcccctcc	CA@=GFFDGBDGGDGGBDBBGBGCGGBCAGCGAAHGCGHHHBH:CCHCC<BFCC	T	28	C	26	1	156146825	156146825
1	158587390	C	163	CTTTCTCCCCCCCTCtTCcCTCTTCTTTCTcCCCCCTCTTCcCTtcCTCCCTTCTCTCTCCTTtcCcCTttTTcTCTCttttctctTcCtcTTCCTtccTTcctctctcCCtttTCTCttcCTTCtCcTTCTTtcTtccCTTTcttctCTTCcTCcTCTCttc	?BBAD?BEGGGGGG8DGGDGGGGGGGGGEGDCGGGGEDGFGCGGFEGGGDGGGGFGGGGFGGGEEGEDGFFGGDGGGGEFCFEFEFGDGEEFGGFFDEEEFEEEEFEFBGFFFDFFEFFFEFFFFEFEFFFFFEB>FE<EEFFDDFDEFCCCABC=:AAB<BB	T	82	C	81	1	158587390	158587390
1	173331848	G	25	gGgTGTTTgTTGgGGGTGGGgTTtT	DEDBECFEFBFDGADCEDDDFFEB@	G	14	T	11	1	173331848	173331848
1	213224719	T	29	CTCTCCTCcTCTcCTCCcCctcTCtTcTc	FFFFFGEEB;=ECFDEECFCHCE?HEBD>	C	18	T	11	1	213224719	213224719
1	233490543	G	76	GGGGGGGGGGGGGGGGGGGGGGggGgGGGGGgaAGaGGAAAAAAAAAGAAAAAAAAaaaaaAGaGGGaGGGGAGaG	CBCCCC@CCCCACACCB@C>BBGGBABB<BBFGGBGA6GGGEGGGGFAGHHGGFHEHGGGGFC@??@C>?=?C=?A	G	46	A	30	1	233490543	233490543
1	244747150	G	106	GAGGGGAAAAAGGAGGGGAAGGAAGAGGGAAGGGGGGAAAGGAGaGAggAaaGggGagaAAGgAAAAgaaAAaGggaGGgAgAAAGgGgggGAaaaagaagGGAGg	<@@?ABHGFFHCCHCCCCHHCCHHC8CCDHH@CCCCCHHH@CHBECHGGHEEB=EBEGEGGBGACBGGEEGGEBG=EBBGGCGGGBGBEGGBDAA@?B==@CA??D	G	57	A	49	1	244747150	244747150
1	248112745	G	122	tgtTGTTgttgTgtTTtTGtttttttgggtttgTgttttggtttgttgTtgtgtgggtgtttgTTTTTtttTTgtTTTgggggtggtgTtgtgtttgttgggTTgTTTgtTTtgTTTTTTTg	?C@?<??ACC?@BCBBEEDGHHFFGGBBCGGGCFCGFFECCGGGCGGCFGCGCGCCCGCGBGCFFFEFGGGFFCGFEECCCCCGCCGCFGCGCGGGCHHDDCFEDEDFDGFFGDFFEEFFFD	T	81	G	41	1	248112745	248112745
1	248113026	T	60	AaaaaaaaaaaaaAaAaaTaAATaaAaaaTATAaAtAAtataAAaaaaAtAaaaaaaaAa	C?A@C@6DDDDCDFDDDCFDFFGDCFEEEGFGEEFDFFEEDCFDBEEEEEEEEEDD:?C>	A	52	T	8	1	248113026	248113026
1	248113040	A	57	gggggGgGggAgGGAggGgggAGAGgGaGGagagGGggggGaGgggggggGgGGGGg	A?@ADFCFCCECGGECCGCCCFGFBDGGGFGDGCGGDDDDFGEDD?DD?DFCEEFE?	G	49	A	8	1	248113040	248113040
1	248167018	G	176	gGTGtgTTgggtTtgtGggtgtTGTtgGtggttGTtTggTTTTTtTgTTGgGgTGGtGGGGGTgGggtGgtGGgGGGtttTGtGggGGGGGTTgtgggGTtgGTGgtGtGttGGGGtGgGGGTGtTGtgtTttgtGTggGGGGtGTtGGGtGgggggggGGgGgGGGGGGgggggg	C?BAGDEECBCFDFBFECCEC?EEFGCEGCAGGEEGFCCFFGG:DECFFECEDFEEGEBEEEFCECAFECFEEDDEEGGEFEGADDEEED9FFDHDDDEFHDEFD>GEHDHHEEDDHED@EEFCHEEHDGFCHDCDEDDDDDDHDEHEDDHDDEDDDDDBDDD@CCBBC=?=8=<8	G	113	T	63	1	248167018	248167018
1	248167092	T	146	TcTCcTTTTtttttttTTtTtTTTTTTttttttTcTtctTTtTttctcTCCctCtCTCTCCtCtCTTTttttTTCtttCcccctttTTCttTTttctctcTTTCCtCtTttTctTccTtcttcttCTcCCtTttCTTtTCttcccc	BC<<@<@@EEDDDECEEEEC9EEFEEFEED@EDEDEEDEEEEEEEDEDEGFDEGFGEGEDGEDDFEEDFFFFEEG>EFGEEEE>FFEEG<EDDFEEF5EDDEDFFFFBDEADEEDEE9FEFFEFFFDEAFFDFEEDD9EFEDBA@=	T	101	C	45	1	248167092	248167092
1	248167096	C	144	CcccccccCCcCcCCCCCCccccccCtCctcCcCcctctCTTtcTcTCTCTTcTcTCCCccccCCTccTttttcccCCTccCCcctctctCCCTTcTcCccCtcCttCctccctccTCtTTcCccTCCcCTccttttctCTtcc	=CCDDFEFDDFDFDDDDDDFEFEFFEEDFBFDFDFFEFEDGGEFGFGDGDGG>GGGCDDGGGGDDGGGGFFEF>GGDDGBGCCDGFGFGFCDCFCFFGCDGCFFCEGCFCEGDFGGFCFEFGCGCFCCECEGFFFDEA@@A?DD	C	99	T	45	1	248167096	248167096
1	248224398	A	269	AAgAagAAAAaGgaaAagGaAAagagGaaGaaagaAaagAGaAGGGaaaAAAagaagaAaaaaaGGagAaagAAggGaAAgagGAggAaAaaagaAgGGAgaAgaaAAggaagaAgaAAgAAAAgAAgAAAGGaaGagAAaaAaaAagaggaaaaggAggggaAAaaggAagaggAgaAgaaaAggAagaAaAAgAAagAaGAagAaagaAAaAAaaAaaaaAAaaAAagAAAAAagAGAAAgGGAaAaAAAaaaaaAAAaaaAAAAAa	BC??ABA<;>BBBFEFFEGEFFFFFFGE@GFFFFFFFFFFEEFGGDFFFDFEFFFFFEFDFFFFEFFFFFFFBFFFGFEEFFFGFFFFFFFFFFFEFGGFGG9GEGFF:GGDGGDGGFFGFFCFGFFGFFEFFGGGGGF:GGFGGEGGGEGFGFFGGEGGGGFFFGGGGEGGGFG>GDEGGGFECGDGGGEGDEGFEDGEGFEGGE9HGFEEGEEGGEGGGFEDGGEEGFEEEEEGGEFEEBGFEDGEGDDBGGGGGDDD>FEEBA??B	A	192	G	77	1	248224398	248224398
1	248224489	A	193	GAaAaAAAaaaaaAAAaaaAAAAAAaAAaaagaaaaAaAGaaAaaAAAAaaGAGGaaaaAaGaaAaAaaagaaaAaaAaGAAAaAGaGaAaaAaaAGAAaGAAAGGAaaAaAAAGaaAaaaGAGaaGAAaAAAaaAAAaAAAGGGGaGaaaGAaAAAAAaaGaGAAAGAaaaGAaaaAaAaAAaAaAaAGGGa	>ECA@>A>B<BABCBC5C=DDAHGGDHHCDDFDDDDHDHCDDIDDF9GHDDCH<CDDCDGEBDDHDGEDDFDDCGEEHCCHHHEHCDCEHEEHEEHCHHDCHHHCCHEEHEHCHCEDHDEECHCECCHHEHFGEEGGGEGGGCBBBEBEED@GFGGGGGEEB>AGGG;GEEEBGEEEAEFEGH<@@D:BCCCA	A	161	G	32	1	248224489	248224489
1	248224569	G	224	GgTGGGTGgggTGgggGgGgGGgGgGgGTTTgTGggGGgggGTGGTtGGtgGGTtGGTTtttgtGtTTTtggTttgGTTGGtgGtttGGTtttgtgtttTGtgtTGTggGgtGgGGTggtgttgGgttTgggttgTtGGtgtgggGGtgGGTggttGgtGGGGttggGGgGgTgtggtggtggggggGgGGGgGGGGgGGGGGGGgggGggGgggGgGGGgGgg	B?>@ABCCCDBFECCCACECEECDCDCEFFFCFECCEECBCDEEEFGFEGBEEFGEEFEGGGCGEG=FFGBCFGGCEDFEEGCEGGGEBDEGECFCGHHFEGDGFDFCCD<FEDEDCDD;DHHDEDHHE=7DHHCFHEDHDGDCDEEDDEDEDCHHEDHEEDEHHD6EECDD:DBDDH>DHDDDDDDDDDDDDDDDDDDDDDDDDDDBDDDDDDCDDCB@?>?A	G	153	T	71	1	248224569	248224569
1	248224595	C	215	CCTtCCTTtttctCtTTTtccTttcCTTTCCtcCtttCCTtttctctttTCtctTCTccCctCcCCTcctcttcCcttTcccttcTtCCtctcccCCtcCCTcctCctCCCCttccCCcCcTctcctcctccccccCcCCCcCCCCcCCCCCCCcccCccCcccCcCCcCccCcCCCCccCCccCccccCcccCcCcCCCCccCcccccCcccCC	DDB5>?>>BBA>BCDCDCEGFCDDEEECAGFDFFDDEGFDEEEEDEEEEEFEFEDGFFFDFDGFGGDFFDFEEFGFEEEEEFECFEEFFEFEEFFGGEFGDCFFEGFEEGGEEEFFGGFGG@GBGEFGGFGGGGGGGGGGAFFGGGGGGGGGGGGGGGGG:GGGAGFFEFGGFFFFFFGFFFGGDGGGEFGGGFGFFFFEEGGEFFEDDCABB@B	C	155	T	60	1	248224595	248224595
2	1499927	A	122	AAAAacAACaCAAAcaCCaaAAaaaaAaAAAaAaaaCCCacaAaACCaAacaCAaAaAccaaaCcAacaAaaCAAACacCAaaACACcaCcAcAcacAaaAcCCAAacAaacaCAaaCaCcC	DA@DEEHGCDDFHHDEDDEEHHEEEEHDB8HEHEEECCCDDEHEHDDFHBAFBHFHFHEEFFADEHF9FHFFCGGGDFECG:FGCGCEFCEGEGFFDGEFGECCGGFEGFFEFCGFFCFCDA	A	81	C	41	2	1499927	1499927
2	10915020	A	81	aGGgGGgAaAGgaGaggGgAAGAaAAGaGGaGGAAgGAGGGgagGaagagAAagGGgAGGAAgAggGAGggAAggGGggaG	C;<BC8CH6HCCFCFCCCCHHCHFCHCG@BGCCGHDBHCCCCFDCG<DCCGGGDABC=BBGGDGDDBGBDDGFDC@??=?A	G	49	A	32	2	10915020	10915020
2	10933249	C	95	ttCcCCcTCCccTCCCCTcTTtCCCcTtTTctTTTTTtCcCctcCCtCTcttCTtTctTCCtcCcctTCctcTtTCctcccccctcCctctCTcc	AC<A?BCCEFD6EGGGBEDEEEEGFD<EEE>EEEEAECFDEEFECAFGDEBFGEFEEDEGGFE9EEEDFEEECFDFEFEEEEEEFEFDFEFCB@@	C	54	T	41	2	10933249	10933249
2	10942687	C	169	TTCTCCCCCCTTCTTTTCTTTTCtTCTTCCTTTTCCtTCTtCTCCTTTCcCCTCTCCCTCCTctCTTtCcctTCTCTCTCTTtCCCTCccTccctTTCTtctctCcttcccTTTttcCCccTttttCtttCCtCTTCTTcTCTCtCcTTCCcTCTTcCttCTTctccct	?@>CEEFGGGE>ADDEEGEEEEGHEGECGGEEEEGGGEGEEDEGGEEEFCGGEG;GGGEGGECHG7DHGCCHEGEGDE>FDACGFFDFBBDC@CFDDFDF@BCHF>HHCCCDDDH<CFFAACHHHHFHHGFFHFDDFDCCCFCEFECCCEEBDFCD@CCBBB@:C>;@E	T	88	C	81	2	10942687	10942687
2	79254065	C	126	CCCcccccCCCCCCCCccCCCcCCcCCCCCcCcCcCTCccTcCCTtccTTTTTtCCCCCTTTTTCCTTCTTccTCCtcTTTCTTtTTCCCTCTCCCctCCTCcTTTCCtcCTcTTTCcCCCCtcCC	?FFFFFFFFDFGF8GFEFGFGDGFGGFEFGGGDFGGDGGGEGEEFFGGBFFFEFFEEFFE7EEEFEEEFEE>GDFEFG6DEEEDEDEDFFEFDFEFGFEFDEGEDDEDEFGEECCDCA>>@B>?AC	C	84	T	42	2	79254065	79254065
2	79385758	A	73	AcaAaaAaCCAaaACAAAaCaAcAAAaAaACCAAcaAAaaacaaAcaAcAAAAaAacacaAaaAaAAaaaAaa	E@>F>EGECDHEEHDHHGEDEFDEHHEHFHDCHHEEEHFFFDDFGEEFEAHGFFGFBGEFGEFGFGGEFBCA?	A	59	C	14	2	79385758	79385758
2	79385786	T	62	TTTtTtTCCTTctTTtttctttTcctTcTTTTtTtctctTttTtTTttttTtttTTtTTtTT	A@@CFHGDDHGGGFEGGGGHGDFGFG7FGGGGGGHHHGBGEHGHGFHHAHFHGHFFHFAHFF	T	53	C	9	2	79385786	79385787
2	79385787	G	61	GGgGgGAAGGagGGgggagggGaagGaGGGGgGgaggagGggGgGGggggGgggGgGGgGG	@A@DCGHACHDFAHFFFFFFDHF8FHFBHHHFHGBGGEEHFGHFHFGGBGGGGGFGGFGGG	G	52	A	9	2	79385786	79385787
2	128393261	T	41	cTCcCCtTCTcCCTCTtTTTTTTtCCTTCTTTTCCCTTTTC	BGDBDDHGDFBDDFCFHEFFEFFHCCFFCFFFFCCCEFF@A	T	24	C	17	2	128393261	128393261
2	191109533	C	86	TCTcCTcTtTTcCTCCcTTtcCTtcCCTtCCccTCtctCtTctCTtCtTTTCcTCCCtcTCTtCCtTTtCccCccTtCCtcCTtCc	ADFGFFBFDFEGEAGFGF>DGFDEHEF;EGFGHFGEHEEEEGEEEEGEEEBEHEDFEEHEF=EFFFEDEFHHFHCEEEEEFDDACE	C	45	T	41	2	191109533	191109533
2	191161622	T	152	CTCCcttCTTTtTtTtTtCTTCtCCcTtTttTTCTtCCtTCTCctCCcttCtcttTTTctttTctCTCCTCttcttcTtccctCtccccttctTtTtcttccccCccTctTctcctTttccttTCctttCCTctCccctCtTcccccTctTt	CBB?8BC7FFEGFGFGFGGFDDGFFBEGFGGFFGFGFFGGHFGBGGFBGGECBGGEEEBFGGFCFGFGGFFHHBHGBDHBCCHFHCCCCHBCHFHFHCHGCC?CGCCECHFCGC@HDHHACFHEBCHGHEFE<HE=>@HDHDBCBBCDCEA;	T	84	C	68	2	191161622	191161622
2	215632192	G	67	AGGGGAGAGAGGGgGGGGGGgGAAAgGAGAAAgAAAagAgGGAAAGGAgGGaGggAGGGAGGAGGAA	A><CCHCHCHCCCFCCCCBCGCHHGGBGBGGGGGGFGGGFBBGGGBBGGBAGBFFFABBC>?@C?C@	G	41	A	26	2	215632192	215632192
2	215632255	C	131	cCCTTcTTTtcTcCCTTTCCTTcCCtCccTCCCTCCTCCTTTttCTTcTCTTTcCCCTTTCTTCCCCTtCttCCcCTTCccTTccCCCcCTtCcTcTCTTtCCcTcTcCCTTtcTTcCTttttcCcccccc	CBGGEBGGGGBGBGGGGGFGHHBGGGGBBGGG?BFEEGGGFGC;GGGCGGGGGCGCFGGGGGEEGGGFHFHHGGCFEGGCBFFCCFFFCCEBFCFCFFFFHFFCFCFCFFFFHCEEAFEGEGGBB===9;@	C	72	T	59	2	215632255	215632255
2	225376032	G	52	GCGGGCGGGGCgGGCCGCGGGGGGgCCGCCCGCCCCGGGCGGGCGggGGGGG	DEGFGGGGGFGGGGG=EDFEFBFCGFFFF=FFFFFEEFECEEEEFFFFDDBA	G	35	C	17	2	225376032	225376032
2	234740758	A	57	AAAAAAAAGAAAAAgGAAGGaGAGGGAGGAAaAAaaAAAAAaAAaaAAAaAAAAAaa	ABE@DEBFEE7FE:GDDFEDGEFEEEFEEFFFFFFGEEEEEGEEGFEEDFBCCCB=B	A	46	G	11	2	234740758	234740758
2	242680430	A	83	AagAaaAGAAaAAaAaggagGagAGGAgGAAGAAAaAaggaGAaggggaaAGAagaaGAAgAaaAgaaaAGaaagAAaaagag	?FFDFF6EFEEF@F=DFFFFCFFFEEFGEFEE9DFGFGGGGEF@GGGGGFFEFGGGGAEEGDHGEGGGGEDGGGADECA=89@	A	55	G	28	2	242680430	242680430
3	9425911	G	42	GAAGAGGAGGGGGAGGGGGGGgAGGgGGAAAAGGAgGGGAGG	@FEGFGGFEFGFGDFFGFFFFEDFFGFFEEDEFEDFDCCBBA	G	30	A	12	3	9425911	9425911
3	13407556	T	101	CcccttttCCCCtccCCcCTcCCccTCCCctccctCttccCcTctCtctttctTttTcCcTTtcTTCcCttttttctcccccctctcttcccttccctccc	>CCCCCC?BB?AD@@EEAAGAGGBBFFGGBGBBBF;GGBBFBG>FAGBCEGB=G<HGB?CCFHCFGECFHHHHHFBHCCCCBC:@GDDBCCCGHCCC7?==	C	60	T	41	3	13407556	13407556
3	13679688	T	112	TTATTTaAaATATTTTtTtATaTATTTaTtTtTAAtTTtAtttATTATTaATTAtatTTTTTTATttATatttaatTTATtTttttaatTtttttatTatTaatttttttat	C;HGEGFHFHGHGGGGFDG@GFCHGDGGAHDHGHBHGGHEGHHHDGGEEGFFGGHGHFFFFFFGFGHG9GHFHGFHFFGFHFHHHHGGGFHHHGGFEECEDBBCC@BC@@DE	T	80	A	32	3	13679688	13679688
3	13679695	C	120	ACCCaAaACCACCCCcCcACaCACCCaAcCcCAAcCCcAcccACCACCaACCAcacCCCCCCACccACaacccaacCCACcCccccaacCcccccacCacCaacccccccacAcAAcccc	EAA?CFDADEDDADDGDGHDDBH7ADDAG@HDHHHCDHEHHHHDDHDDEHDCFHEGCCDCCCGCHHGCEEHHGFEGCCGCHCHGHHDEHCHHHHHEGCEGCEEHHHGHHHCHFEEECCEE	C	83	A	37	3	13679695	13679695
3	37774304	C	175	TTCCtcctTTCCCTccCccCTTCTcTCCCctTctctCCTtccCTcCcCTCcccttTCTTCTccTTTCcccctTcCCTtTtcCCCtcCTTCcTTcccTttttTTctttctCTttctcCTtCCtCccCtctCtcttttcttttcTTccctcctTcttcttCtcctttccccTcccCc	DD?@C??C@B?@BB>@D@?FEFFEBGFGGAFGAGBGGGGG@BGGBGBGEFBBBGGGGGFGGBBGFGG@B@BGGBGBAGGGBG7AFBDFGGCGFCCCGHHHGGFC?HHBHGGFGCHCGGGGGAG?CGGCHGHCFHHHCHHFHCGFC@CGCCFFBHH@HHFHCCHHHCCBCFBA?A@	C	93	T	82	3	37774304	37774304
3	46713457	C	180	gcGCcgcggCcCgggcCCGggCCcGCCcCGcCGCCCgCGGCcGCCCCCCCGCCCCGcCGCgCCcCCGgGGccGCGCcgGccgCCCcccGgcCcggcGGGcCCgcCCccgggcggCCCCcCcGGcCGCGCGCccccccggCgGGccccCCGCcgggGCcgcCGcGGcgcCCGGccGGCcGc	?C;>>A>A=@BBCCCBDDCCCDDAADDBDCBDCDDDCDCCD>CDEEEDDDBDDDDCCDCDDDDBDDCCCCCCCDCDBDCCCD@DDCCACCBCCDDCCCBCDDDBDDCCDDDCD@CCDCCCBBBCCBCBCBC@ACCACDDCDB@CCACCCBCCDDDB?CDBCBCABCDCCDC@?@>=<>C@	C	111	G	69	3	46713457	46713457
3	69047141	G	198	GaGGGGaGGaGAGGAGAgAGaaGGAGAAAgaAGAGaggaGGaggGAAaaaGGaGgAgAGAAAGggAAGAaAggaaaGGaagaaGAGAaaGgGaAAgGAaggGAggGAagAaGGAGgAgAaaGggGAGgaggggaAGAAggAgaaAgAGggAgagAGAggggaAGAggaGGGagGGgagGgGGagggagAaAgagAGag	@E?ACAF>CFCHCCHCHCACFFC?H<HHFCFF:GCFCCFCCFCC7HHGFDCAGCDGDHCHHHCCDHHCDGHDDEG:CCGGDGGAHCHGGCDCGFCDCHF?DCHDDCHFCH=CCHBDGDGGGCD@BHBDGDDDDGGBGGDDGDGGGCGBDEGDGDGAGDDDDGGBGDDGBBBGDABDFDADABF?CCFCC@C<>>CCDA	G	108	A	90	3	69047141	69047141
3	97651884	A	45	ACCACACACCACACCAAccAAAACaaCCACCcCAcCCCAcAcaCc	FD9FF@FAGGFGFFFFFEEEEDE>FFEFEEFEFEDFEDDDC@AB<	C	26	A	19	3	97651884	97651884
3	130286886	T	45	CTCTTTTCCCTTCTTTTTTtctTTCCttTCCTTCTttCCTTtCTt	AGGFGGFGCGGGGGGFFFFHCHFCFFHHEFFFFFCHFFB>B9CAC	T	30	C	15	3	130286886	130286886
3	190999872	G	146	GGGAAAGGAAAAAAAGGGAGGgGgAGAAGGGaGGAGGGgAAGAGGGAAGGGgGGAGGAGgAgGAAAaAGAagGGggGGAgGAGGAGGAgaGAgagAgGAAAGaAGAgGaAAaGgGGaaGGggaaaGaaAggAaaAAGAAGGgggGa	=??HHHCCDGGHHHH<DCHC=FCFHCHHCCCDCCHBCCGHGCGCCCH9CACCC=HCCHBDGGAGFGGGBFGGBBGGBCGD;GB?GBAFHHBGFFHGGBGGGBGGBGGBGGGEBDBBGGAAGEFE<BGFGEGHFEED;EC>=<??CB	G	81	A	65	3	190999872	190999872
3	191107192	A	37	gAAGGGAgAAGGGGGaaGAGGAGgAGAAGAGAAAGGG	BHHCCCHGHH>BBBBEEBGBB?BEGBGG@D@DBAACC	G	21	A	16	3	191107192	191107192
3	196529926	C	63	CCCCCCCCCCCCcCCCCCCCCCCCCCCAACACCcCCcCCCCCCcACCCCACAacCcCCcCCcC	<DDDDDDDCDDDHDDDDDDD=C:BCCDGGDGCCHCCHCCCCACHGCCCCGCGECCEAABA?A?	C	56	A	7	3	196529926	196529926
4	1087265	T	181	TTTTTtTCcctCTtCCttcTCCCTtTTTcTttttCCTctcTcTTtCTCCtcCTCtTTtCTcTTTCctcTCTtCtcTctTttTctTcTCCtCcTTcCctTtTTctCCCCctcTCTtcCTctTTcCctCtttctctcTTcCCTcccCttTtCtttTtttTTttcCccttttCCcCtcCCTCCc	DB??ADCBACH?GFA<GG@EGEGGGGFEBGGGGFGGGBGBGBGFGGGHFGAEGGGGFGGGBGGGGCGBFGGHGHC8CAG8HFCCGCFGGHC?GFCG?HGHFGCHF<EGCG?GGGHCAECHFE<FCHFH;HCHCHCFFCCFEC<CFIHFHFHEHFDHGFF::CFCC:CHHFECFFBCGCCB;	T	101	C	80	4	1087265	1087265
4	87706506	T	92	TGTggGtGGtGgtGTgtGtGtTggtTGtGTTGTttGtGtTTGtgGgTGttggGTTGTttGgtTtgtggGgTgTTttGGgtTtgTTtTggtgt	A@>CEFCGG?FEDGGFDGCFDGDFDHHCGGCGFED:EFEGGGEFFEFFEDGGGGEGE?CGGEFE:EGEGGFEFFDFFFDEFDD?FDEFFCC=	T	49	G	43	4	87706506	87706506
4	119947985	G	155	CCCccGgCCccCCGCccgCCGggccgcgCcccccCcggCGgggGgGgggGCGcgCGcggcccccgcccGGccCGGgGGgGCgCggcCcGGccgGGCCGgggcCccGggGCccGgCGgGggCgCcCcCcggccggggCgCGcgggCCGGCcGCCCG	DC>>@BCF?ECFADGDDFFFDFF@AFDEGDDDDDEDEFGEFEEDFEFFDEGEAEFEDFEDAECDGEEEEEEEDCEFEEFEFFFFGEGEE9<EFEEFFEFF@DFEEDAGDFEEDGFDGDFEFFEEEEFDEFEEFGGG=FEDEGFFEECDDBB9BAC	C	79	G	76	4	119947985	119947985
4	122824052	C	151	CCCcCTTCtCTCCCCTtTTTcCTTCTtTCTCTCcCTccCTTCTTtCCCCCCcCcctCCtCcTCCTTcCcctctcTcctCccTccTCTTTccCtcttcTcCCTtccCtcCTCttTCtccCCcTTCttcTccttcTctccctcCcctcTTctt	<>?9CBEEFFE@;FGFEFFFD?FEFFEDEFEDEDFGDDFGFEFAEGFEGFGD7DDEFECFEFGFDFDGDEFDFEFEEFFEECEEFGFFEC?FEECFEFEFFFE:EFFE>EFFFEEF;ECEFEEFFFBEEDFFEEEEEEDFEDEED6DC@A?	C	88	T	63	4	122824052	122824052
5	665280	T	117	TtCCTCCTtCcCCTCTCTTTtTCctTTTtCtCTTTtCTttCTCTCCcctttTTCtTTCCttCcctTcTCcCtTTTtTTCTTCtTTCttttCtCtTcCtTtCTtctTtCctcTCcccC	BA>CEBDGGDBBCGDDDGGGEGDBBHGGGDHDGGGGDGHGDGDGDDCCHGHGGDHGFDCHGDCC:GCGDCCHEFGEGGBFFCHFFCHCHHCFCHF=CHDHCFHABDGBBF@C@;6=C	T	69	C	48	5	665280	665280
5	35654711	C	101	TTTCCTCCTCCTTTTTCCTTCCtCCCCTTTTCcTTtTtTTTCCTCtTCTcCCTCttcTcCCtcTCCTTcCCTCCCcTtTCCtCttTTTtTTtTCcCTtctT	BFGDGFGGGGDEHGGEGGGGGGGGGGGFDEFDCGGHGHGGGGGGGHDFGCDCFFHHCFCCFHCFFEFFCFFFFFFCDHFFFHFHHFFFGDGFBA>AB=>BA	T	56	C	45	5	35654711	35654711
5	35857235	C	123	CGcCcGgcCCGGCcGGgGgcccCCcgCcgcgcgCcgcGCGggGCgGgCCGcgGcCgCcgcgcgggCgggCGgccgCGccGgcggCcgccgggcgcgggcgcggggccccgggccccggccccc	DD??CAACAABDCCFFEGEGGGFGGFGFFGFGFGFFGGGGFFGGFGEGGGGFEHGFGGGHFFFFGGGGFFGGHHGGGGFGGEDGFHGHFFGFHGHGAGHGHGGGEHIIAGFGHHHHGGHHHAD	C	62	G	61	5	35857235	35857235
5	40998814	T	60	tataattaaattttatttattattttttAatttaattaAAaataaatAaaataataaata	C?A?CBCBCCBDDDGEEEEEDEEEEEEEFFEEEFFEEFFEGGFGGGFEGGGFGFEGAAB?	A	31	T	29	5	40998814	40998814
5	41039000	A	68	GaaaaaGaAaaGAGggagAaAaaAGaaAgAGgaagAAAAaaAGAgagaaaaaaaGaaagaGGagAaGg	@FFFEECFCFFCGCCCFCHEHFFHCGFDCHCDFGDGHFHGDHCHCGDGEGGGEGBFHGBGBBGDGG=A	A	46	G	22	5	41039000	41039000
5	64838584	G	27	AGGAGAGgGgGGAaaGAAGGgaAAGGG	<GGFG?GGGGGEFGGFEEEEGEFCD?A	G	16	A	11	5	64838584	64838584
5	70800475	C	25	TtCCCCTttCTTCTCCTCccCCTtT	FFCFEFFHHEF@GEEFEFCCFED@A	C	13	T	12	5	70800475	70800475
5	112406862	G	53	GggGgGgggGgGAgGgAGGgGGAagGAAAGggGgGGGGaagGGggAaGgagGG	>CCCB=CCCCC9ICCCHCCDBCHFDCHHHCDDBDBBBBGGDBBBDGGBBF>:?	G	41	A	12	5	112406862	112406862
5	126889640	A	65	GAgAGGaAGaaGgGGGgaaggagGgGAGaaAggGaAGAgaaGgaaAgagaGGGGggagggagagg	>>A@AECFCDDEFEEEFDDDFDFEEFFEDDFFFEEEEFGDDEGEEEGEEDEEEEGGEGGHEG:??	G	39	A	26	5	126889640	126889640
5	140174622	G	52	AgAagaaaagggAaGagggaGaGagaaagagAgaggaaaaagggaaggaaGg	9BADCDCCDFFFEDDDFFFAEDEDFD;EDDGEFEGGEEEDEGGGEEGFEEDG	A	28	G	24	5	140174622	140174622
5	140187102	A	78	GGAAAAAAAAGAAGGAAGGGGaAaGAGGGGaAAAGaaaaaGGGagGAaaAaAGAgAAAgAaAAGAgGaaGAGagaAGA	CD@?:=EEECGEEHHCEHHGHFDGGEHGHHGE6EHGCGGGGGCGDGDGGDGDGDDDDDADGDDGDCFCDEACB<;ACA	A	48	G	30	5	140187102	140187102
5	148610276	C	107	CcAACAaacCAcAAACaCaACccCccaAcCCCCCCAAACACACCacCCAAaAAaAaaacacaaCAcaAccaaccCACcACCcCAaAAacCCacCCCcCcAcCCCaac	DDBBBBCDGFFGFFFFDFDBGGGFGGDFGEGBFFGEFFFFGFFEEHGGFFEFFDFEAEHEHEEFFHEEHHAEH6FDDHDEFHFEEEAEHEEEHFEECEHE9C@C?BE	C	58	A	49	5	148610276	148610276
5	156390297	T	93	CTCCTcccCtcctcttttccctccctcccctccTcCTtttcccTcctcCtctttctccctccTCtccccccctctcCccccctcTcttTttcc	AD=:>A?C<B@FEFEEEEFFFEBFFEFEEFEFFHFDGEEEEEFGFFEFDE?EEEFEAEFEGGFDFGGGGGGGFFFGDFGG:GFGFGFF?FFFF	C	58	T	35	5	156390297	156390297
5	179021982	G	151	AgAGgagagaAagaGGGaaagggaaaaaagaggaagGGgGgaGgaaaAaGAgaagGAAAgAGaaGaagAgaAGAagaaGggGagagaagGAGGaGggGagGaAgaaAggaagaggaAggAaggggagaggggagggaagggggaaaaaaga	CB?@CCGFFDFEFEEEEDEEFDEEEEEEEFEEFEE?EEFEEEEDEAEFEE<CEEDEFFFFFCEEEEEF@GCF;FEEEFEGGEFGFFEEGE>EEFEGGEFFEEFFFFFGGEFFFEFBEFGFEGFGBAEFHGF?F7FGDFGFDFGFB?D@E>>	G	76	A	75	5	179021982	179021982
6	312023	C	78	TctccTcccTcTcCcTcCCCtcCcCcccttttccccCtcCCtcctctcTtttcCCcCcCTcccctctccctcttcTTc	DCC?C?<?@CCF@GBGBGGGGBGBFBBBGG;DBBBB?GCG>HBC;CHCFHHGCDGCGBGDC?CBDCGCCCC=IH;FE=	C	51	T	27	6	312023	312023
6	10894268	A	57	gagaGGAaAAAGaAagAGAGAGGAAGagaGAgGAGgaaaGggaAGgAgaAAAAAaGg	ECFDHHHDHHHH=GDFHHHHHGHEHGEGEHHGHHHFDBBGGEDGGGGAEFGCCC<?A	A	32	G	25	6	10894268	10894268
6	11723542	G	28	GAGAAAGAgGgAGaAGaAGaaGaAgGAG	=@CFHHBHDCDHBGGBGGBGGBGFC?B?	A	15	G	13	6	11723542	11723542
6	33653448	C	150	CtCcCTtTCCcTccCcTCTCtCCtTTCTTCccCccCTTCCTcCCtTTCCTTTTcTTCCcTCCTctTTcCTcTCcccCTTTtCCCCccttCcCCCCtCtcttCCTCCtTTtCcTCttCtcCTcccCTtcCttCtCTCcttccCtcCCtctt	DDDFGFDFGDFFFFFFEGFBDGFEFBGCEGFFFBFGBBGF;FGGFEFGEFBFFGFFAFGFEF;GFEFGCDGEEGGGGFDEFEEDFGGFFFGFEEF?EFGFDFEEEFFEBEEEEDFFEFFF>FGDFEFFEFFFFDEEGF@FFCBCA@A<>?	C	86	T	64	6	33653448	33653448
6	35755658	A	141	AgAAGGGGGAAGGAGGgGAGGGGaagGggGAGGAAaagAAggggGGGAGGGgGaGGAAgAaGAAAGGgGGggGGGGAAaaGGgggGGGgaAGgAGgaAGGGgAAGGGAaGggGGaggGaGgGGGAaAGGAaGAAAgAaGGa	>AEBGGGFGEEGFBEGFHFGGGGEFFGFFFDGGEFFDGF?GGGGFGG@GFGGGEGFFFGFFGFFFGGGGGGGFEGGEEGFFFGGGFFFGGEFCEE8DEAFFGEEFCFEGFGAFFGGGFGEGEECEFEEEBGEDFCBA?BAD	G	90	A	51	6	35755658	35755658
6	36931491	G	58	aagggggGgaggaGaagagGaaaAagaagaaaggaaggaggggggaAggaggAaaAgG	CA?C@>BBCEGGEGFFFFBGFFEEAFEFFBEFFCFFCFFGGEGGGGFFGGGHEGGEGE	G	31	A	27	6	36931491	36931491
6	57398201	T	128	TTTTTTTtTtttTtTTTTtTTTTTtttTTtTTTTTTTTtTtttTTTTttTTTTttttTtTTtTtTTTtTtTTTCCttttcTttTtTTtcCTTCtTttTtttTTTTtTTttCttttttttTtctttTtT	=@==ACDFEGGGEGBECFGEDEEEGGFEEFEEEEEEEEGEHGGEEEEHHDBEEHHBHEFEDHCHEEDHEHDEEGFHHHECAHDDHDDGC9DDFHDIIDGHHDDDDHDDHDFHGHHHHFHCH?HFGDC<	T	120	C	8	6	57398201	57398201
6	57398226	T	142	tTTTTTTTTtTtttTTTTTttTTTTttttTtTTtTtTTTtTtTTTGGttttgTttTTtTTtgGTTGtTttTtttTTTTtTTttGttttttttTtgtttTtTTTTtGTTtTtTtttttttTttTtttttttTttttttttttt	C>=>:EDFFDFEDDEFFEFEEEFFFEEDEFEFFEEEFFFEFFFFFEEEEEFFFFFF5FEFDF9FFDFFEFFFFFF?FFFFFFFEEFFFEFDFEFGFFFFFEDEEFDEED>ECEFEEFFFEFFEFCEBBFEEAABAAA?AA>=	T	133	G	9	6	57398226	57398226
6	57398264	A	113	aaaagAaaAAaAAagGAAGaAaaAaaaAAAAaAAaaGaaaaaaaaAagaaaAaAAAAaGAAaaAaaaaaaaAaaAaaaaaaaaAaaaaaaaaaaaaggaaaaAaaaaAaaaaa	CC?=BBDDEDDDFBEBFFEEEEEFEEEFFFDEFFEEEEEEEDBEEFEGEEDFEFEEFDEFFFFFFEF@FFFFFFFEFFFEFFFFFFFFFFFFFFFFFFFEEGE<5FEEFBEEB	A	104	G	9	6	57398264	57398264
6	57467175	A	213	AGGGAGgAAAGgGGgGAgGAAGgGGGgGAAgGGAgAAAAAAAAGAGAAAAggaAAAgGGAAaggaGAAGggAaAagAAgggaAAgGGgaaAAAAgaAgAgaGGGAAAGaagGGaaaAGaGgAAAAaaAGAGAaaAGGggaGAGAgggaGAgaagGggAAGAaAAaAAGGaAgaaGGGAGagGaaAGGAaGGGAAgAaGaAGgggGAgggGAAA	BDBA;ACBBAEGBHFHEEHEEHFHHHFHEEC>HCFEEEEFCEEHFHBEEEFFEECEFHHEEFFFFHEDHDEEEEGFDEGGGG:EEHHGGFEEDEGGEGEGGHHHEEEHFGG?FGFFEGFFGDD@DGFDGDGEGFDGGEDFDDGCGHGH6DFGGGGGFDDGDEDDGDDGGGDGGFGGGDGG:GGEDGGCEEFFCCGDFGFAE>DCCAB:?BCA?	A	112	G	101	6	57467175	57467175
6	57472299	A	85	AAAAAAAAAAAAAAAAAAAAAAAAAAAAAAAAAAAGAAAAGAGaGaAGAGaAaGAGaGAAAaAAGAaaaAAaaGAAaAAaAAAaA	@CEE@EBEFBEEEDCDEDEEEEBEEEEEEEEDDADGDEDEHEGGGGEGDGGAHGDGGGDDDGBDGDGGFDDGEFDDGCBEA?@:C	A	74	G	11	6	57472299	57472299
6	57472316	G	106	GGGGGGGGGGGGGGGGGGGGGGGGGGGAGGGGAGAgAgGAGgAgGgAGAgAGGGgGGAGgggGGggAGGgGGgGGGgGAggAAAGgGgAgGAagGgGgGGggGAAg	GGFFFFGGDGFGGG<GGGGGGGGGGEGF9FGDFFFGFFGFGAFGFGEGFGEGFFGFFEEGGGFFGGEFFGFFEFFF;FE7GEDEF?FGDGEEFFGFD@BC<?BC@=	G	86	A	20	6	57472316	57472316
6	57472476	T	100	CcTCttttCtTTTctcCTCttTtCcTttcttCttctcTcTTCcctctTCTcctcctctttCTcTttTtctccTccttcctccccttcTttTtttTTtttt	B@C?G8FGGGGGGBGBFGGGGEGGBEGGBGGHGGBCBGBGGFBCH9HFGGCCHCAHBHHHGGCGG=GHCHBCF==HHCCECCCCHHCFHHFHHHEEGHCC	T	61	C	39	6	57472476	57472476
6	57472488	C	91	CCtctTCTccCcTtCcctccTcctctCtCCTttccCTCttcttctcccTCtCccCctcttCttccttcttttccCccCcccCCcccctccc	??AD@ACCFGFGGCGFGDGGGFGDGDGDDGHDDGGGFGDDGE;GCGHGGGEGHHGHDHDEGEDHHDEGEEEDHHFHHFHHHFFFHHHCB;E	C	57	T	34	6	57472488	57472488
6	73918987	C	37	CtttTcCtTttCCTcccTctCTTtTCTTctcttttTc	>GGGGBGGGHHGGGC8CG<GEGGGFFGFCHCGHHHG@	T	23	C	14	6	73918987	73918987
6	73919000	T	33	cCtTcCccTTCtttCtTCCcCTCCttccccCtc	CGGEBGBB<?GGBGGHE@GCGCGGHH@CCCFH@	C	20	T	13	6	73919000	73919000
6	74072681	G	66	cgggGcgCgcGCggGgcggcCccgCcCcccccgcgccggggcCgccccccgccCcgccgccccccg	AC=BCCDGFDFFFEGEDFEDGDDEDDH>DDABFDEECFEF?EGFBDDEEBGEEGEFEEEEEEECD:	C	41	G	25	6	74072681	74072681
6	123319382	C	56	TtcCctccCtcttCtCttcctTcctCtcctttcTtcccccctcccttctttccctt	=AD?DAFEEDEDDGDGDDGGDEGBBGDGGDDBGC>HHGGGGEGCCDEHEEEHHHEE	C	30	T	26	6	123319382	123319382
7	814788	G	68	GggaGaGGggAgGAgGGGGGAgaGaggAAAGAgGGgGggGagaggAGAGAgGGgAGagggAgagGaag	?ADGFEGGCC5CGFCGGHHHECFEGCCFFFGF=GGDGDDGGDGCAEFFGFDFFDEFHEEDE;GDFGD=	G	46	A	22	7	814788	814788
7	26685934	T	105	CCCCTTCtCCcTcTTcCCttCCCTtTTTCTctTCTtCtTTTTcCtTCCTccTttCtCCcCttTcCttctcTTTCCtTCtTcCCccCTTcTtCCTcCCtcCTTctT	5>B@EFFGGGBEBFFBGAGGGFC@GFFFF:CBEFDGEGEFEECEHFEGBCCFHHGHGECAHHFCFHHCHCFEAFF@EFHECEFDCE@E>EHFEDCEEG7FEB;;?	T	53	C	52	7	26685934	26685934
7	30538651	T	77	ctTTTtCtcCtcCcCCTccccctTccttttctttcTctTcTtcTctcctTtctcTtTccCCcttTctTcCttTttTC	7C=CCDEDEGEFDFGGAFFFFF@HFFEEFEEEDDCFFFFGDFGFGFGGFGF6CG>FGGGEGGFFFAFFGFEEFFAGC	T	42	C	35	7	30538651	30538651
7	38389291	T	133	TtTTTTtTtTTTTTtTTtTTTTtTttTTtTttTtTtTttTtTCCCCtCttTTTCCtCTTCtttTTttttttCtTTCCtCCttCCTCtCttcCtCTTTTCTCtCTtTCCCCttTTCCTCTcttCTTttTtttTt	CCEEED:EDDEEDDDEEDEFEDDFDEEEDEDDEEEE9EEDEEFGGGEGEDCEEGGEGEEGEEECEEEEEEDFEEDFFEFFEEFFDF:CEEGFBFCDDCFDFEFDDDCFFFEBDDFFCFCHDEFDD>=@@==AB	T	100	C	33	7	38389291	38389291
7	64439701	C	35	TCTTcCTcccCccCCtCCCTCcCCTtcttcCTTcC	DAGGGGGGGGGGGGGDGFG<FHFFFEIDEHEDD@?	C	23	T	12	7	64439701	64439701
7	100552017	C	284	TCtCcCTcCccTcTccTTctctCTtCtcctctcTTccTTCtcTTtCctttTTctcccTTTTtTctTCcccCCTTTcTTCCCCccCCTttCCcccCttccCCCTCCttCTttccCtcTcccctctCTTtTttTCCTTcctTtCTcccttttcTCttcTcCTtcCcCTTcctccttctCttcTCCtcctctctttcTctctCcttcttCcctcCccCCtCttcTTtcCCtccttttccctttccttCTccccTttttctcTtcttcCccttttccTCCtCTCcctT	BBCA:A=CFGFEEEEFEDFDEEGEEGEFFEFEF@DFFEEGEFEEEGFEEEEEFEFFFEEEEEDFEEGFFFFEDEFFEEGGG9=FGGDEEBGFFFGFDFGGGGEGEEEGE<BFFDEFEFFFEFGEGEAFEFFEGFDEGGFEFEEGGGEFFEGEGFFGEGG;EFEFGEDGGEGFFFGEGFFGEGGEGGDGFGFFFGDGEFFFGFFGFFFGGFGDGGFEFFFEGDCFGCFEFAFEFFGGGDFFGFFFFDFFGGDFFFFGFG5FGFFGFGDEFFEDDAAB@@>C@@@A	C	146	T	138	7	100552017	100552017
7	100552251	T	121	tTtccCTcTtTTcTTTTtcTTtTTcTttTCCttcccttccTCtTTctTCtCTTTcTcttTtTTTctTTTctCCtTTttTccCCtcTTTCtTTtCtCcCttTttCttCCCCTtTtTCttttc	F:DCDDFCGCBEDHDGFEDFFEGEDFEEFDDEEDD=EDEDGDDEGEEEDEDFFGEGEFFGFGGG?EGGGDEDDEGGFFDEDDCEEFGFBEFFFCECCCFFFFFCFFBCBCEEFDFCC=>>@	T	80	C	41	7	100552251	100552251
7	100607871	C	76	cttccCTTttCTtTttcccTcctcccTCtccttctTtccTccctccCCttctctcttccccccctcctttctctct	?BC<<=?EGGFBGFBGB@BFBBGBBBFGGBAEDBGFGBBFBBBFCCFFFHCGAHBH:ACBCCCCHCAFHHCHAF<C	C	41	T	35	7	100607871	100607871
7	100609486	C	34	cCGCGCggCGCGcCGGCCCCGCGCCCGGCGCcCC	BGEFEGDDEEADCEDDFFFEDFDFFFDDECG@AC	C	21	G	13	7	100609486	100609486
7	107593989	T	74	CTCTTTCCCCCTTTTCTtTTTTTCTCCTTTCCTTTCTCTTCTTcTctTctttcCtCtTTTTCTcCCCCtcTttC	=?@FGGD@DCDGGGGDGHFFGFGDGDDGGGDDGGG<FCFECFFCFCHFCHHHCCHCHFFFACDCBCBCA>ACC@	T	44	C	30	7	107593989	107593989
7	150648986	G	33	CcgccGcgccCGccgccgccggggcccccggcc	DC>EE;FFFFGEFFFFFGFGEGGGGFFFFGHFF	C	21	G	12	7	150648986	150648986
8	24188844	T	128	CtttTCttttCTtcttttcCtttttTcTctcTCcccTTCCTCttctTtcccccctctCTttctttCTTctttccccccttttcccccttcCttTTtttttccTtttttccccccTcttcttttttTcc	AA?C<?CDEDFFGBGGF8AGGGGGGGBG@GBGEBBBGBGFGGGGBGHGBBBBBBGBGGGGGBGGHFGFCHGGCACCCCBHHHCCCCCHHCGHHGGHHHHHCBGHHHHHC;CCCC;C<HCHHHHHHE?;	T	75	C	53	8	24188844	24188844
8	25365278	G	42	agaAaaGgaggAaAggggaGgggaggggaagaaagaaGaggg	CCC@EFFCFCCEFECCCCFH8DDGCDDCGFDGGG>FGGGCDA	G	23	A	19	8	25365278	25365278
8	56366533	G	27	aAGGgGgGGGGGagGAgGggAgAggGa	FFGGCACGEGGGGDFEDFCCE>==<AB	G	20	A	7	8	56366533	56366533
8	94658590	G	70	gGAagGagggAgaAggAGgaGAaGAgAAGAaagAGGgGaAAgGaaaagGGGaAAgAGgagaGgaaaaggg	C<ACCDECCCDCFBCCFECFBFFBFDFFEFFGDFDCDEGEFDDGHHGDDDDGEDDDDDGBGD9DCB@8:A	G	36	A	34	8	94658590	94658590
8	94658794	T	28	tTTTcTCTcCTcTCttCTcttTttcCtc	C?BFB>GGBGGBGGADGGAHHGHHDFF>	T	17	C	11	8	94658794	94658794
8	101721812	G	192	AggagAGgaAGGagggGggggAggAAAgAgagGAAGggGAGGaaAGAAGagagGAgGaagAGGggGGGaaGGAgAaGAgaaGaaGGgGaagAGGgGgAGgAGGGGGGgggGaGGGgGggaaGaggaGGggggGggaaGGGggGGGggGGGggGgggggGGgggggaaGagGGGgggaGgggGggGGgGggGg	CBABBFBFDH?CEDFECFFFFHEFHGHEHFEECGHBFE:HCCEEHCHHCEEEF9HDCDEFHCCFECCBEE@CHEHECCGDECDEBBFCFEFHCBGCGDCGHCBC=CCGEFBF=CCGCFFEFCEEFECCFFGEBFFEFBBBGFBBBGDBBBAFBFG7GGBBDGGGFFF@FFBBBFFGFBGFFBGGBA?>B9CD	G	140	A	52	8	101721812	101721812
8	101721817	T	201	CTtcCTTctttTcttttCttCCCtCtctTCCTttTCTTccCTCCTctctTCtTcctCTTttTTTccTTCtCccTCtctcTccTTtTcctCTTtTtCTtCTTTTTTtttcTcTTTtTttccTtcttcTTttttTttccTTTttTTTtTTTttTtttttTTtttttccTctTTTtttcTtttTtTtTTtTttTtTcTtcTTTT	DBB@B@?DCFEEDDEEEGDEGGGEGEDEDGEEEEEGEEDDGEGGDDEDEEGEEDDEG@FEEEEEDDBEFEGDDEGED=DDDDEEEDDDEGEDEEFGEEGEDBDEEFFFDDEEEDFEFF?EEFEDFDEEEFEFDFFEE;DAFFCDDFDEDEFDFF?FFDDFFFFFF8EDFDDCF9FEDDFFDFDF@DF=EDEEDBC?@AAC?	T	146	C	55	8	101721817	101721817
8	101721839	C	183	acACCccCCCaaCCAcAaaCAcaCcaCaaCCcCaacACCcaCcACcACCCCCCcccaCaCCCcCccaCcaccaCCccccCccaaCCCccCCCccCCCccCcccccCCcccccaaCacCCCcccaCcccCcCcCCcCccCcCaCcaCCCCCCCaCCccCCCCcCCCccCCCcCacCCCcccCcc	C??@@CCDCCCEFFEFDCBFFGC;GDFDDGGGGDDGFGGGDFGFGGFGGGBGGGGFCGABGGGGGGCEGDDFDGGGGGGGFFDCGGGGHFGGHGGGGHHGHH@HHGGHHHBGE;GEHGGFHGHEFHHHGH;HCFHC6HFHFEEIDFFFFFBFEFFHEFFFFGDFFHHFEDGE>FFFCBBCACE	C	149	A	34	8	101721839	101721839
8	101721899	C	120	CcccCcCcCCcCccCcCaCcaCCCCCCCaCCcCCCCcCCCccCCcCacCCCcccCccCacAaccccaccccccccaaccccacccccccCcccccccccccccccacccCccaCacccCC	DCBCB>CG?GFGFFGFGFEFEGEEGGFGFEFF>GGGFDDGFFE<FGFFGGGGFFGGGGGGEGGGGFFGG@GGGEG?GGGGGGGGFGGB:GGGGGGFGDFGGFGGGEEGGFGGGFG;GFC?	C	106	A	14	8	101721899	101721899
8	124114560	T	123	TCCcCTTCCCCCCTCtTcCTctTcTCctcCtCcccCcTTtCCTtcctctttctttctcccctTtTttcttctttctctctctCcccTccCtcttCtccccCcTCcctcttTcctcttcctccc	BD?CDCBGGGGGGAGDEDGCGDCGEGGDGGDGGGGGF<EDBGEDGFDGCDDHDDDGD?GGHDEEEDEGEDG@EEHEHBHEHCEHHHEGHGEHEEGEHHGHDHEDHHEHE8DHIEHEEHH>GD?	C	69	T	54	8	124114560	124114560
8	125154360	C	54	TCCcCcTTTTTTTtCCcCTtCCcttCttctccCCctttTTtccTctcCCTtttC	9@@BGBCEEEEECGG?BGAGGGCHHGHHCH@CGGCGHCDDHCCDCHCFADFCB>	T	28	C	26	8	125154360	125154360
8	142367559	G	145	AGaAAaAgggGGaGgGAGgGaAAAGGGAGgAGAGGAgAAGGGaAAAaAAGAGGAAGaaAGGAAgggGAAGAGGAGAagGgGAGgagggGGGGggGGGGAGGgAGGgAgaAGGagGGggaGGAAGgAAAAAAaaGAagaGgAGGag	<7DF;EHCCCCCFCC@C<CAFHHHCCC5CCCCGCBGDH9CC:GHHHGHDCHCCGFAAGGBAGGDDDBGGBDBBGBGGCBD@GBEGDDD@B<BDDBBBBGBBDGABDGDGGBBGCBBDDGABFFB@FFGFFFCFBCB?A>?BAAD:	G	82	A	63	8	142367559	142367559
8	144940222	A	82	aAAAaAaaaAaAaAaaaaaAAAAAAAaaAAaaaaAaAAAAaAaaAAAAaaaAaAAaAAAAaaAaAAaCCACCAACCccACca	DFEECFDDDFDEDFDDDEDFFFFEFFEEEADABEFE=FFEEEEDEEEEEDECEEEEEEEEEEDEDDCCCBCB?BBBA@?CCA	A	72	C	10	8	144940222	144940222
8	144940300	G	201	gGGgGGGGggGgGGggAGGAAGGAAaaGAggAAAAGAAGGAGAAAAAAGAGAAAagaaaaGgAAAAGAGGaGaGAGgAaagAggAGAAgaAAgaGaAAgaaGAgaaggAAAgGggaAAagaagggaaAaaggGGGAaggggggagaaggAGgggAaAAAAaaAGaaAAAAgAgggaAaaagAAaagggaAAAgAGgAaGAA	B<BECCCCEECECCFBHCCGECCHHED@EEFFHHH9FHCCH<HEHGHHCICHFGEFEAEEAAIIGIAHCCECECGCGHEBEHGEHCHGEDCHFFBDHHFFE>HFFEGGGEEGBGFEHHFFEEFGFAEHFEEGBB<FFGEEFGFFFCFFFGBGEGGEGGGGEFGBFFEGGGFGEFBFGFFFFFFFEEFGFHHHFD@BC>C?C	A	111	G	90	8	144940300	144940300
8	144940706	C	254	cccccCCccCccccTccccCcCCcccTcCcCCCccccCccccCCCCTCcctccCtccccCcccTCCCCCcCCTCctCccccccCCccTCccctccctcCccccccCCCCCcccCCCcctcccccccCccccCTCcCCCCcccctccCCCTCCCtCTcccccccCCCctcCCcCcCCCccCccCCcccccCCCcCCTcccccctccccCcccctccCccccCCCCCcccCccctcccccctttCCtccCcccccc	AAACC@;==BA@A@ECCCBEBDGABAFBFBGFF>BBBGBBBBBGEGFFBBGBBGGBBBBG;BBFFFGBGBEFEH6GF?BBBABGGBBFF@BBEBABGBEBBBBBBFCEFFBBAGFGCBGBBBBB??GBCCBFFFCGGFGCCBBGC:GFGFFFBFFFCCCCCCCEGCCBCGFC?CGFFBCGBBGDCCBBCGGFC=AECC5CBCHCCC?ECCCCHCCFCCCCEFFEFCCBFCC?HCCCCCCHH>EEFC@B>9>;;@	C	228	T	26	8	144940706	144940706
9	20953049	A	178	ggggAGAaAAaaggaggggAGGAgAgGAAAaaggGGgagAgaGGgGagaAAgAAAAaaAGgagaggAAGAggGAaaaAGgagGAgagagAGaaagaAAgggaaAAaaaAAaaaaaagaggggaaaaagAgaggaaggagaaaagGaggaaaaAaaggaaaaggaaGaaAagGggaggg	CAAC@@?A@>ABBBDCCDCCDGDEEEHEEEEEFEGHFEFEDEHFEHEEEEDFCEEDEEEHFDFEFEEFIEFDIFEBEEHFEDHEFFDEEE?BCEFEEEEECEEEDFFEEEFBFFCBGFF5=GFFBEFFEEC>FFDFGFDEFF7>HFF=FEFFDFDGFFAFCFFFFGFFDC:GEBCBBB	A	100	G	78	9	20953049	20953049
9	111653460	A	50	AGAGGAgAAGGGaGAAAGAGGGAAAGAGGAAGGgAAgAGGAGAaGGgAAG	EGFGGFAFFGAEEFEEEFEFEFEEDFEFFEEFFGEEGEFFEEEEEEFFBB	G	26	A	24	9	111653460	111653460
9	117390300	C	32	CAACACCCACACCAAACAcACAcAACCAAAAA	G=FEEGGGEFDFFDDDFDGDFDGCDEFAAB@@	A	18	C	14	9	117390300	117390300
9	127088734	A	76	CccccACccccacaaaACaaCacaCaacaaCcaacaaacAAcaacaaaaaaaaAaaaaaaaaaaaaaaaaaaaaaa	AACACC?:>=>D=DB@D@EEBGBGCEEAFECBEFBFFFBDHBFFBFFFFFFFFFFFFFGGFFEFGGGGGGEFG=GG	A	54	C	22	9	127088734	127088734
9	133963217	T	96	TCcCTttCtCCctctTtctTTctTtccCttttTtttcCcctcccctccttcCctctcttcTTtcccttttcttttccttcttcccctcctttcctt	AAC><:??DB9FDF5GCG9GGGDGCGGDBDCDGCDDGDGGD?GGGEGGDDGDGDG?GDDHGEDGHHDE<EGDEECHHEDGCAGHHHEHFCEEGH@@	T	52	C	44	9	133963217	133963217
9	136133531	A	50	AaagGaaAgaggggaAaGGgGaggGaaGagGgaAaaAgagGgagAgaaga	?EDECEEHDEEF=FAHDCCECFFBBFBCFF=GDHDDHGEFBG@EGEFEFF	A	25	G	25	9	136133531	136133531
9	137623534	C	67	tcctctTttctctccttctctTcttctctctTtccTccctctctttttCcttttcctctttcttcct	A?CC<C@CE?E@FBBFGBFAGGBGGBEBGBGGEBBGBBBG@GBGGGG7DCHGDGBCHCHGGC@B5CA	T	39	C	28	9	137623534	137623534
9	137630587	T	83	ctttTttCTtttCCTCtcTtTCTTCccTTcTTCtCTCcTTctttCtTtCTTttcTTtcttTccTtCctttcttcCtCtttCtT	C?CC?B>EEEEEGGEGEDE@CHDEEADEDDEEGEGEFEDEEEFEEFCFGDEFDEEDF@FFDEDDFEECFEEFFEFFFDB=A@@	T	54	C	29	9	137630587	137630587
9	139879113	G	75	aagAGAGAAagGAGaaAGGAGAAGGGAAGGAAAGAAGAAGAAAAAAaGAAAAGGGAAGGgAaGAGAGAGGAAGGa	BFEGCHCHHDABACDEICCCCDG><CGGCCHHHCHBCHHBGEGGGGEBGFGG>BBCGBBFG>BGBG@C=CA?CC>	A	44	G	31	9	139879113	139879113
9	140289696	A	30	cCACAACAAAaAccACAAACcCAACCaCAc	DDF>FGDGFC;GEEG9GCGCE>GFBD<ABB	A	16	C	14	9	140289696	140289696
10	12292344	A	128	AaaAAaaGGAgGgGaGaAAAGaaAGaggagaAgAaaAAAGgAagGggGGGaggAgAaggaGaAagagGgagAaGGgGagGAgaggAAaAAGgagGgGagaAgaaaagGGAggggaaaaAgggaaGgga	AC?@?BCCFDFFEGDHEEEEGEEEHEEDAFEEFEECCEEGFEEFHEEHHHEGFEFEEEEEGDEFFEFHGFFDFGEGHFFGDGFFGCEFEEGFFGHGGFFFDGFFFFGGGDE78GEFCFDFGFBFFEB?	A	65	G	63	10	12292344	12292344
10	17204187	G	100	AGgGAaGaGGGgAgGgaGGAgGGgGagaGAGGgGGaaaAAAGAGAgggaggGagaagGagGgggaggagaagggagggaagaaaggaggaggaAaggGAg	@EAC?BFFGFHEEFAFFHFEFHHDHFFFHEIH;GHFFEEEEHEHEFGFFFGHGGGGGGDGHGGGGGGFGGFDGDGGEGGGGGGGGGFG?GGEDD?DB;DF	G	61	A	39	10	17204187	17204187
10	19229606	C	38	tcTTcTTTTTTcCtTCCtTttcCTTttCTTTtCttCcT	GAEEBEDEECECGHEEEGEHHCFDDHDFDDDHFHHFBA	T	26	C	12	10	19229606	19229606
10	19676553	A	132	AaGggggGaaaGGAAgaaAAGagagAAGaGAGaGGaaAAaAaaaaGAgaGAAGGaGGgaAGGaaGAAaGAAAAAGgGAGaGgGGAgagaGAGGGgGGaAAGGAGGaaaaAGgagaaAaGGGGgaAgggggAA	>CA=GGFCEFFEEBEFFFFFEFFE@EDEFEEEFEEFFFAFFGEG>BFGGEEEEEGEEGFFEEFFEBFGEEDE=FDGDEDGDGDDEGCEGDED8DDDDFAEDDEDDGGGGEDGGGAGDBCDDDDAB=BAB9AA	A	69	G	63	10	19676553	19676553
10	31134557	T	27	tCttttttcccctctttctccttttcc	?BB<DFEEDCCDEDEEEDEEEFFFDEC	T	16	C	11	10	31134557	31134557
10	33495267	C	109	TccTTTCCtctTtCTCTTtTtTCCTTCcCCtCCCtCtttTTTCCCctCtTtcTTctttTCCTCCtCCcTcCcCcctcccTTctttcCtccccttcTTTTtcctctcttc	>?C=CCGGEFEFEGEEEEEEEEGHEDHFGGEGGGEGEFDEDEGGFGFGEBFGEEGFFFEGGCFFFGFGDFFFFGDFGGFDCGCFEGFFGGBFEEGDDDDFF=EGD>ACB	T	56	C	53	10	33495267	33495267
10	33495304	A	91	ggAAAagAgGgaGGagggGAAGAAgAAaGaAaAaagaaaGGagggaAgaaaaggaGGGGgaaaAgaggaaaAagggAgggagAagaaaaga	C@BDEEDFEAFEEEEEEEFFFDGFFFFEEEFEFEEGFFEEEEFFEFBFFFFFFFFEDEEFFF@?GFGGFEFFFDEDFFBFFFEFFFF:EF?	A	50	G	41	10	33495304	33495304
10	33495333	C	66	AcCcCccacccAAcaaacCaccccaacAAAAaccacCacaaccCcaaaCaaacaCcaccacacaaa	C=?>C@CFBBAEEAFFFBGFBB9BFFBFFFFFA:CBCFBGFBCDCFE:GGGGCGGBGC@G<GCFGG	C	34	A	32	10	33495333	33495333
10	36813180	T	76	attTaAaataAtaaAtttAaattTtattattATtataaTTaTAAatattAaataaataTAattaattttaaatAta	CC?;??DDEFEFE?FGGG>FFGGFGFGGFGGDFGFGFFFFFFFFFG@GGFGGH=GGHGEFGCFGGEHHHGGGHEGE	A	40	T	36	10	36813180	36813180
10	69959097	G	32	TGgTGTTGTGTGTTTGGTTTGGTGTTTGTGGG	EGFEGEEGDGCGDDDGGDDDGGDGDDCFDHEC	T	17	G	15	10	69959097	69959097
10	72520567	A	171	gggaggagGAaaAaggaaAggagGgAaGggaagaGgAAAaAGggAaGAGAAAgGGAAGaaAGaGaaggAgaAaggaGagaaAAGAGggggAGgGaaAagaAAaagggAGAgaGaagGAaGgAggagAaagaaagaaaggAaGaAAAAagaggaagAaaAaaaaAgaaaAGa	CC>CCDCDDEEFF@EEEDDFED@DEFEEFFEEFEAFFFFEFDFFFEEFE>FFEA@GFECEFBEDEEFEF?DFEEEEEFFEEEFEFDEFFFFDGEFFEFDFFFFFGGEFEFGEDFEFEF9EFE>FDGEFEGFAEGFFFFGEFDFEDEEFFFEG>EGEFCEFFFDDFBBCBCB	A	99	G	72	10	72520567	72520567
10	72813306	G	99	AAGAAGGAgAaAGGGagggAGAagAGGagGAAggaAaGggaGGAAGgaAaaAGgagGGGGgggaAaGaagAgaAaAGggGgAaAgGgaGaaAGggaggg	8?CEDGHEDEFDHHHFFFFDHEFDEHHFFCEE6GEBFHFDFHCEDGGGEGGEHGFFHGHHEFGGCGGGGGDDGCDDGGEGGDFDBGGEGFFDGEEEA@@	G	53	A	46	10	72813306	72813306
10	81318663	C	59	CGGGCGGCCCGGGGCgCcGGCCGGggCgCcCGGggGGCCccCcGggCCcCGGGCGGgGg	;CE<F@EGGEEDEBGFCEDA?FDAGFGGEEFDEGGDDEDEEEECE:GEADDDCC9B@CD	G	34	C	25	10	81318663	81318663
10	81371554	T	81	ATTTTTTTATTTtTTTTTTTTTTTTATTTTtTTATTATTtATTTTTTTTTTaTTTATTTTatTTTaTtTTTTTtTtTTTtt	CAGGEGGGCGGGGGGGFEGGFFGGFHEGFFHEFEFGGFFHGFFFFFFFFFFGFFFGFFFFGHFFFGFHFFFEFHEGFFFD@	T	71	A	10	10	81371554	81371554
10	81371729	C	65	GggggcggcCgggGcccgccgccCgggggggccccccggccgCggcgggggcgCCcgcGcgCcgg	D?@@BDDFEGCFFGEFFFEFFFFGFFFFFFFFGFFFGFFFFGGGGFGGGGGDGAF8GDGFEFFFF	G	36	C	29	10	81371729	81371729
10	91371445	C	68	ACCcCcACccCaaCAcCCACAcCaAcAcAACCCcACacCCacCCCacACcAACaaCaCaAAAAAcaAc	HCDBDBH6AADFFDHCD@HDGCDGHCHCHG@DCBGCGCC@GCCCCGCGCCGGCFGCGBGGFFFGAED>	C	38	A	30	10	91371445	91371445
10	91498254	A	25	AAgaaaGaaAggAaggagaagGaAA	@>BGEEGFFEFFFGGGGGGGGFED?	A	16	G	9	10	91498254	91498254
10	102248950	C	41	CCCCCCcGGCCCGGCGCcGCCcCcGggCCCccCcgccGgGG	8<CDDDFDCDDD:BDCDGBCDG@GBEHCCCGGCGGEEC><>	C	27	G	14	10	102248950	102248950
10	103799758	C	112	CCTTCTTTTTTCtTCCTCTCCTTTCCTTTcCTcttTTcTTTCtcTTctCCtCCCTcCCTtCtcTtcTTTTCTCcctCtTtTCtcTttTCtTCcctcTcTcCCCTCTctcTct	AACC=EFGGGFDFHDDEDGDDGGGDDGGGBDFCHHGFCGGGDHBGECHDDGDCDFCDCFGCG9GHCF@FFDGDACHCHFFFCHCFHGFCEFCCCCCFCFCCCBECEAFBE>E	T	62	C	50	10	103799758	103799758
10	122663585	G	52	GAAGGGAAAAGAGgAaAaAaGGGAAGaGgaGgGgGaGGaGGgAGGGAGgaGA	BEEHDF=EECGEHFEECEDFHHGDDGEGEFGFGFGEGGEGGGDGGGD>FFEA	G	29	A	23	10	122663585	122663585
10	125673547	T	102	ttTggggtgGgTgTtgGgGgtTTGttTGttGTgTTgttttggtttGGgGTgggGtgTgtgtTttGGTGTTgtgtTgttttGgtgTgGGTgtTTTTgGGttTg	>A@CCEFCEGFEFEDFHF>FDEEHDDEHDDGFFEFF>ECDFF5CCHGAGCGGEGEGDGBGEEDEHGDGDC?EGEDGEDEEGG=EDGGGDGDDDDCEED>=CD	T	54	G	48	10	125673547	125673547
10	134016396	G	68	GGAGaaAGGgAgGgaGgAAagaagaagAaggagAggagaaagaggaaaggagaggaaggaaagAaaga	<;B<CEFCAEHFCFEC6HCEE>EEEEF9E9EEEHEF?FEDDFFFFFFFGGFFFDFFFFFFFFGGFFAA	A	36	G	32	10	134016396	134016396
11	1509143	T	56	CTtTTCCTTCTTCTCCCTTTTTTTTTtTTTCTCTTTCCtCCcCTCTCCCCCCCTCt	GGGGGFGGGEGGGGGGGG<FGGG=GEHCFDFFFFFFFFIFF;FF;FFCFAEFCBB@	T	31	C	25	11	1509143	1509143
11	7672272	G	33	aaagggagaGaggaggaaAggagGaaGGgaagg	DFEFEBEFEEEFFDEFEEF5FBADFEEDEFF@D	G	18	A	15	11	7672272	7672272
11	12315915	A	75	aAggagagaAGaGaAGagAGAgAAGAGAGAAAAGggAGaAGAGGagaGAAGaGAaAaaGGAaaggaAgaGAGAGa	CCBCEBECFHBDCGHCGDHCHDGGCHCHCHHGHCDDGBGGBGBBGEFBGA>FBGGEGGA:GEGDCFFCE:AAC?D	A	43	G	32	11	12315915	12315915
11	20658679	C	84	ACCCCAAaACCACCACCACCACcAAAAACCAAACCAcAAACcACAACCACCAAAaCaAACcACAaCAcaAACCCACCcaaaACA	CAFGGFFEF9GFGGFAGFE>AGHDE?EFFCFFDFGFHEEEFHEFE:FFDFEDEEEFD>EFHEFCEFEHEEEEEE>FCDA@=?AC	A	45	C	39	11	20658679	20658679
11	24759855	G	85	AaGAggagAggAGAGAAGAAgaagaAAAgAgGGGaAGaaGaaaGggaaAgagaGAagaaGAAAgagAaagGagagAaagagggag	BCB>==DCDFFEHEHEBHEDFFFFFECEFEFHHHFEGFFHFFEHFFGGEFEGGGA=GGGHCEEGFFEGGGGGGGGDGGGGEGG@B	A	48	G	37	11	24759855	24759855
11	26677867	T	69	ctcTtcctcTcCcctcttctctCctcTctttCttTCtTCCcTctcTTTttTCTtTTTtcttTTTcCccT	?C>AGBAGBEBGBBGBGGBGBGGBGBEBHHH?HHE:GEGGCEBHCEDCHHDFDFDDDHCHHADDCD@>@	T	40	C	29	11	26677867	26677867
11	47434986	G	104	GgGGGGAaaGaaAGGgAgGGAGaAAGAaGGaagGaaaaGaagAAgaGGGAggaGgAGGAGAaggAAAaaaAggAaGgAAAaaaGaggAgAaaGGagaagGAAAg	7A<>A=DEDBDEH5CEEFCCHCEAGC;FC?EFFCEFEF;FFFH@GFCCCHF7DCFHACGCHFFFHHHEFFGF9FFBFGGEFF@BFGEGEGFCBAFEFCB9BC?B	A	56	G	48	11	47434986	47434986
11	56143570	A	360	AAaAaAAAAAaAAAaAAAaaAAaaAAAAaaaaaaAAAAaaAaaaaaAaAaaaAaaAaaAaaaAAaAAAAAAAAaaaaaAaaAaaAAAaAAaaaaaaAaaaAAAAAAAAaAAaAAaaaAAaAAAAAaaAAAAAaaaaAAAAaaaaaAAaaaaaAAaaAAAAAAAaaaaaaAAAAAAAaAAAaaaaaaaAaAAAaaaAaaAAaaaAAAAAAAaAaAaAAaaaaaAAAaAaAaaaaaAaaaaaaAaaaAAaaAAaaaAAAAaaAAAAaaaAaaaAaaaaaaaaaaaAaaaAaaaaAAAaaaaaAAaGAGGGGGGGGGGGGGGGGGGGGGGGGGGGGGgggaggggggGaGagaaAaaaaaAAa	BBC@A;@>?<CCA>F:DDFCEDFEED>EFFCFFFE@E>FFEFF@FFCFCFFFEDFEFFEFFED@DE@EFEEEEFFFGFDDFEFFCEEGEEGDFFFCEDFFEEDEE5EEGDEGEEEGEEEGEBEEEEGEEEEDGGGGDDDDEGGGFEEGGGGGEEGGEEEEEEEFFGFGGEEEEEEEFDDDGGFGFGFCGDEDGGGEFFCDGGBDDDDECDGDFDFDCGGFGCDDDGDGAGGGGG@GFHGHHDEFGDDGFDDGGGDD:DGGDDDDGFGDGGGDAGGGGGGEGGGDGCGDEGGGDDCFFEFACCEGDGHHFFGCHGH:GGGHGGHFGGGGF;GCGHGGGFGGGGGEEBDBB?<7A=??:C?C	A	318	G	42	11	56143570	56143570
11	56468020	T	49	CtCTTCcTCttcctCCtCtttcctttcccCCtCttCCcCcccTcTTCTc	<BDFGDBGDGGBBG9DGDGGGBBHGGCCCDDHDHGDD=CCCBFCF?BE6	C	28	T	21	11	56468020	56468020
11	59976111	G	80	GGGGaagGAAgAaAAAaAAgGAGgGgGGgaAAgGgGgaGgAGaGagaaagGaagaaaggAgGGAagagaaaagagggggg	=?ADFECEEFAFFFFFFFFCE;ECECEFAFEFDECEDGEDBEGDGDGGGDEFGDGGGDDFDDDECDGDGGGGDF>C>>>A	G	43	A	37	11	59976111	59976111
11	61505696	G	196	TGGgtTgtTGtGgTGTTTgtTTTGTtgGgGttGgGgTGgTGGtGgggGTTgTTggTGTgTGGTtGGGTTgtgTGGTTGGTTGTtTTgTtggtgttggGGgGtTgtTGgttGGGtGTggttGTTTTTgGtTtttGgttGTtTTgtTGtTttgtGtggTTtTgtgggtGgtGtgtgttgGgGGgttTggggtGTGGtt	A9BBCEGEDCDEDEEFFFE;FAEEFDFEEEEECFEEFEDFEBEAFFCBEFFB<FEFEFEFEEFEEEBFDEEFFEEFFEEEEEFEFFGFFFGFGDFGGEEFEFEF@BEG<CEEEFDFGGFEEFEEEEFDFEFFFDEFFDEFEEFFEDEEFEGFDFGGEEFEEFEFDFDGFDFGEGFDADGCD?EEEDDCDCCCAA>C	T	99	G	97	11	61505696	61505696
11	63967770	C	142	GCgcCCcCcGCCCcCCcGgCgGcCGCCGCCCCGCGGGGGCGGCCCGgCCccccGCGCCcGcCCCCGgGCGcgGccGCCgcCccGCcCcgccCGccgcCgGgcgCggCGgcGGCCGcccccccGGcCgCGcCgggCgCCggCc	D@??CDAEBGGGGBGGBGCGCGBGGGFFGGGGGFGGFGGGGGGGGGCGGCBBBF7GGGCFBFGG;GDGGGCDECCFGGDCDCBBDCFCDCCFF<CDCFDFDCDFDD>FDCFFCFFCCCCCCCFCBFDFFCFDDDFCE<B<><	C	87	G	55	11	63967770	63967770
11	66327673	G	126	AGAGAgGGGAGGGAAAGGAggGAAgGAaAGGaGGGGGaAGAaGAGAAGGgAgGAagagAaGaGgAGGAgggGgGgaAAggAGGGGaAAGAagGAAGggaAgGgGaAaGGaGGgAGAGgaagaGgGa	A<@;>B?BBH86CHHHCCHCCCHFC>GEHCCF@CCCCFHCHFCH:HBCCDHCBHGCGDGG@GCDHCCHDDDCDBDGGHDDGCCBCFHHBGGDBCGBCDGGDBEBGGGBBG?<CGAGA@<A<A<=AB	G	73	A	53	11	66327673	66327673
11	66456387	T	52	ctctccttcttttctTtccttcccTtctCctctttttTcttTctctTtTCct	?C??>>GCBGGGF7GGGBBGGBBBCGBGGBGCHGH=HGCH;FCHDIFFFE@A	T	32	C	20	11	66456387	66456387
11	116701535	T	95	CtCCTTTCtTTTTTCTTtccttTcCcTTCCCcttTTcttTtCcTtCcctTCtCTCCtctTtccCTtttCcTtttTcTccttctCtctctttctcc	<BDFECEFEAFB;CGFF:FFEEGFGCFEFGGFEE:FGE>C@FG9FEGGFFGEF;AFFGFDFGGFEFFFEGEDFD?GDCFFFEEEF9FFECAA>?C	T	55	C	40	11	116701535	116701535
11	124109404	C	70	ccCcCCCcCcCcccccCCCcccTTTTTTTTttttttttttttCctCCCtCtCtCCCcctcTTttCcctcc	FFDFDDEFDFDFFGGGDDDGGGGGFGGGGGFFFFFEFDFEEECGFCCCBCFCGCCCGGFGFFFFCGDAB?	C	40	T	30	11	124109404	124109404
11	124135009	G	90	GAaaaGAAaaAGAaAggaagGGagaagGggAgGaaagAgGAaAgGAgaggGGGAAaaAAAGGAgaagaaGaggGgGGgaAGgGaAGgaAG	BDGGFHEDDECHEBEFFFCFHHFFFFFDFFEFHFGFFDFHEDEGHEGGDGHHHEEGEEDEHHEGG=GGGGEGEGGFGGGC8FFFEHF7<C	A	46	G	44	11	124135009	124135009
12	7015915	A	26	gagGGggggggagaagggaagAggaa	CABB;FFFFFFFFFFGFGGGGGHGGG	G	17	A	9	12	7015915	7015915
12	8082367	T	121	ccttcTcctcttTtttcTTTtcttttctTttTtctTTctttTtttcTttcttTtcTTcttctttctTtttTttcTttTtTtctTttTTttTCTTtTTTTttttTtTTTTccttTtTCtTTt	BB<ADCEHBHCDECCBGGGF@GDDDDGDGDDGDGAGHCBDDEDDDGGD>GDDGDGFGHEDHECEHEFEECGDEHCECFEFEHEFAEFCEEFCFFEFFFFECDEFEFFFFHHDDE@D@>CA:	T	98	C	23	12	8082367	8082367
12	49314862	C	33	CCCaaCAcCCCcAAaaACAccACccAcCcaccC	A<?CDDGG?>CGHHEEDCHDGGCHHGFCHEFEB	C	21	A	12	12	49314862	49314862
13	46629995	C	84	CaCcCAccCCacaaACAaCAccCacaacacaAcaccacacaccCCacaaacaccccacaCcaCCaccaacaCaccacACcccca	DC?@@@GGGEDGCCEGED=FGGGDGDDGDGCFGDGHDHEGDAHGGEHEEEHEHHHHEAEGGDGGEGHEEHECEFHCHEFHHBGD	C	49	A	35	13	46629995	46629995
13	100020212	G	28	aaagaaagaGgaAgagaGGgaaagggGg	CBBEDDDFBHFDEFEGEHHGEEFGGBG@	A	14	G	14	13	100020212	100020212
13	111142009	A	99	AacACCaaaaCcCCccCacccAAcaCAaCCccCCccAacccaACCCCAcCaAAaACaACCAacACACCCccCCAcAAACCCaaaAacCAaCccaCCAaa	CD>;FFFFFFGBFBBBGFBABFFBGGFFGDAC?GBAEGBBCGFGFFFFCGFFFFFF?EFFFGCEFDEFFC8FFECEEEFFFGGGEGCFDGBA@DBABAD	C	55	A	44	13	111142009	111142009
13	111142016	G	109	ggggAaAAaaAgaaaGGagAGgAAaaAAaaGgaaagGAAAAGAgGGgGAgGAAGgaGAGAAAaAAGaGGGAAAgggGgaAGgAaagAAGggAAAAGAGggaGAAaaGag	BDFFFFFFFFFFCFFFBDFFGFFDFFFFFFGFFEFFGFFFF9FGFGGGFGG@FGGGEEFEEEGEEFGFFFEEEGGFFFFEFG=F:GEEFFGDDDDDEFFEEDCCAB?DA	A	61	G	48	13	111142016	111142016
13	114507965	C	88	CtCctcctTTTtcttTtTttctCtcTctTcCCCCCtTTCTcCtTCcccctcccccctCtctCCTtcttctCcctccCctcTtCtttcc	<>?>E@AF@GGFBGGGGFGGBGDFBFBGGBDDDDDGFF@DBAFGDBBBBGACBCCCHDHCEDCGHCBHBHCCCHC<CCHCFHDGFA>=	C	47	T	41	13	114507965	114507965
14	20404736	G	258	AaAAagaaaGAGAgaaaaaaGAgaaaGaaaaGaAaaAAaAaaaGGagGAAaaAaaaaaAAAAAaaaaaaAaaaaGaaaAAaagGagaaaaaaGgGGAAAaaaAaaaAaaAAaGgaaAaaaagagaAaAGAAagggaAAAaaaAAGAaaaaAAaaaaGgaaaAaAAagaaAAgagaggaaaAgAAGaagagAaggaaggGaaAaAaAaAAgagaGaaAGgAAaaGagaaaaAgAaaggAggaaaaaAAaaaaaaaagga	CA@A:ACC=DDDDBDDEEECFFFEGGHFEEEHEHEFGHDFFFFGHDFHHHBFHFFEFEHHHGHFFFFFF5FFFFHFFFHEFFFHFFFEEECEHFHHHHDFFF:GFFHFFGHEHGFEHFFFFF6GGHEGGGHEFEGGHHHFGFHHHHGGFDGHEGGGHGDGEHFHHGGCDH;GGGBGGFFGHFHHHGGGGGHGGGGGGGGFFGFFEGFHGGGGFHGEGGGDGGGGGGFGFFGGGGGDCGD;GC=EGGGGGGGGFFFB@@	A	199	G	59	14	20404736	20404736
14	20404767	A	214	GggGGgAaggGggggagagGgGAGGgaaagGGGgggGGAGggggGGggggAagggGgGGgaggGGagagagagggGaGGAggagaGgaggaGaAggGgGgGgGGagagAggGAaGGggAgaggggGaGggaaGaagggggGGggggggggaaggagaAgAGgGgAgagagggggaagaggggGGagaGGggGgGggggggaaggGgagGgggAa	@CC;6A@BBA=AACCDDFFBEBGBCEDEEECBBEFFCCHCFFFFCCFFFFHFFFFCDCCFFFDCCFFFFF?FFFF>FA;HFFFFFCFFFGFCFHF?CFCGCFCBGFEGHFFCHGBBGGEGGFGGGCGCFFFG?GDFFGDGBCGGGGGGGGDGGGGEGGGGBGAHGFFFGFGEGGGFGGGGGEBBGGFBBGG@GBGFDGGGGGCFBFCA;B@?CC	G	159	A	55	14	20404767	20404767
14	20678002	T	34	TccTCtttCcCCCTCcCtcCcCCCCCtccctccc	FCDGDEEFCECDCGDEDFED@=DADCFEDEFEE?	C	25	T	9	14	20678002	20678002
14	22631217	C	104	TCtCCCTCCccCcTCtcCcCTTTCctcCcTCTTTCCctctCTcctCTcCTcCCTcCctCTTtcTCCtCCTCccTTcCCtTcctTcctCCcttCcccTCTTTccT	?<@=AD?EFHHGFGGDGGFGGGGE@DFGGGG;GEGGGDGDGGGEDFEGGGHGFGHGHBGGGEH<GGCFFFFEGFFHEFFFGHEFHHEFFHCEEGHAFGC>AC;A	C	63	T	41	14	22631217	22631217
14	22974041	T	80	TTTTTTGTGTtTTTGTTGGGTTGGTTTtTTGTTTGTGTGGTTGGGtTgGTGGGGGTGtTTTGGGGTTGTTTTTTtttgTt	GEFGGGGFGGHFFFF<FG=FEFFFFFFHFEFF@FFFFFEFFFFFFHEDFFFFFAFFFHFFECFFFFFDFEDDDDBB;=?C	T	50	G	30	14	22974041	22974041
14	22975755	T	32	cctCttCcttTCtccttttctctttctctttt	??C;CBB@EGGGF;AGGGGBGBGGHAHBHGHH	T	20	C	12	14	22975755	22975755
14	37132048	A	71	AAAgAGAAAgGGGAGGAAAAAAAaGGAGAAGGGAGaAAGAGGGAGAGaaAGgaAAGGAggaaAGagaGaGG	BEGCFCHH=CCCBHCCGHAHHHFECCHAHHBBBGBGGG=CBABGBFBGG@BDGGGBAFD@GGFBGCFCC@?	A	39	G	32	14	37132048	37132048
14	50065717	G	61	CcCGGCCcGGGcCGGcgCGGgggCGggccgGCGgCCcgggGGCGCGggGGCgCGGccgCCg	AA?CCADFCCCEDBBGDDCBGGFDCGGGFGADBGCCGGCGB?;BABGGA?CGCBBGAA?CA	G	36	C	25	14	50065717	50065717
14	54875514	A	27	AGgGGGgAggggGgggAggggggagaa	?HEGHHFEFFFFHFFFEGGGGGGGAGG	G	21	A	6	14	54875514	54875514
14	92588002	T	46	gGGGGGTGGGTTTgGgGTGTTGTgTTGTgGgTttTGGGTtTTtTTg	FBCA?9ECC;GGG:CE?ACGG6A=FFBEEBG@D>DB=BFCFEBDEB	G	24	T	22	14	92588002	92588002
14	95053890	G	152	gaAGGAGAgAgGgaAGGagaAaGGgaaAggaggGGGgGAgAGgaAAAgAAAGgGggAaGaAAgAaggGGagAaAGaAgagGgGaagaGggaagaggaagGGaAgAggaAgGgaAAGGAaAGgaaGaaggaAAGGAgAAGGagAaGgGAgAAg	??@;>@?@BBDEGDFGBEDDEEGGFEEEFFEFEFFGEG=FEGEEFFFEFFEGDGEEFEFFF<EFFGFFCFGFEFGFFGFFFDGCFFFGEGFEGFFG:FEGFFEGFFFEEFFG=EEFEEFDEGFFFFFGEFBEFFEFEEFCFFDBD?AB>CCB	G	79	A	73	14	95053890	95053890
14	95918466	A	26	GAGGGGGAGAGAAGGGGGGAAGgAgA	BEFHAHHECEHBDGGGFGFDCFD?>A	G	17	A	9	14	95918466	95918466
14	95918741	G	39	gaaggagggggaggaaagggggaaAgagggaaggagaga	@BBDDDEE=BFEEFEEEFFEFEFEGFECFEEFG>FGBGB	G	23	A	16	14	95918741	95918741
14	95918745	C	39	cctccccctcctttcccccttTctcccttccctcttctc	5C;@AABAFABGGGB;ABBFGECHCBCHH?C=HCHECH;	C	24	T	15	14	95918745	95918745
14	106350696	A	259	aaAGGgGaAGAgAGgaAgAgGAAGAAGAGGAAAGgAGaaaaagGaGGagGGGgaaGGGgGAGgGGGggGGgGgaaaaaaAaGagaGAAAGaagGGgAgaGAAGAAggGGaagaaAggaagGagAAaGaGgGGGAGGgggagaAgGAgggGAGAgaaGaAGGGGAgAGGAagGgAAAagggGGAggGAaAaggGgGgggAAggAaaGAGgaggaGAAgAgAgGagaggaagaGaaGGgggGAgagAAAaGgagagGGgaa	CC=>;A;BC>FCGBCEHCHBCHGCDHCECCG:GCCDCFFFFFC?FBCFCCCCCFFCCCCBHCC@CCCBCC@CCFFFFFFHFCFCFCHBHCGGDC;DECFCAFCHGCD;>GGDFFFDDGGDCGDFHGBGB?CCC;CCDDDFDDHDCHDDCCGB7DGEBG?CBBBGDGBBGGD@DGGGGDDDBBED>BCGDGDDADBCDBGGADGGGBGBDGDDCBGGCGDGDBGDGDDGFDGBEH@ADDDAGDGDGFGFCBC?B=:=?@@	G	144	A	115	14	106350696	106350696
15	40322552	G	80	GTgtGGTTgtGttTGtGGTTgtgGGTTGGttGtGTTgGTgGGTgtgGGtTgGggggggGTGgtGTGtGtgtgTtgggtgg	E:C>AHECCGHGGEHGHHEEDGDHH>EHHFGHGGEEDHEDHGEDHDGHHCCHDDD>DDGDBDHGDGHGHDC=DGDDDG@A	G	47	T	33	15	40322552	40322552
15	42302433	A	75	GgAaGGaGAGGGGGGGaGGGaaaAgaggAAagAAagaGaggGGGGGaGGaGaagaAgaAaaAaaagagagaagAG	=BDDC;DCHCB<BCCCECCBEEEHFEGFHHCFHHFGFBEGFCCCCCFCCDABFEFGGFFEFGFEFGFFFFD>B@=	G	38	A	37	15	42302433	42302433
15	42302437	G	74	GgGCgCGCCCCCCgCCCgggGcgccGGgGCgcgCgccCCCCgCCgCggcgGcgGggGgggcgcgcggcGCgccC	DC>@BFGEDGGGGCDGGCCCGBCC@HH<HBDBDGCCCFFGGDGGDGDDCDGCDGDDGDD7CD;DC?DCGFB><A	G	38	C	36	15	42302437	42302437
15	93588264	G	34	GGGccgGCGCCGGGCCCCCGgGCgCGGCGGGGGG	:CDCHACACDDCCCC?CCCB?BCGDCBB=>A??@	G	21	C	13	15	93588264	93588264
15	101910550	G	111	aAGGGgGGAGAgGAgAGgGagAGGaagGGgaGgagGaaGGgagGAAAgGaaggGggAaagaaGAAAGaGgaGAGGGAAAAaGGAgAaagGAggGGGGgGAgaAgaAgGGgg	???@@C?FD=ECGFFFEFGDF<GEDDFGGFDBFDFGDDFGEDFGEFFG@EEGGGAGFEEGECGEFEFBFGEFEFFFEEEEFFFEGEEEGFE>GFFFEE<EFEDEDF?DADD	G	65	A	46	15	101910550	101910550
16	1536535	C	98	tTTTtccctcTcttTCcttCCtTTCTCCcttttccCttTCTtcCCtttCcccctTCcCcCCttctcttcCCtCctcttCCCcTTTCctcccttcTccc	ABBBBDEEDEGFEEGCEDEDDEFGDEEEFEEEEE:DE5FDFEFDDE>EDEEF:FDDGDFB>BEGFFBFFCDFDD>G5:CCCGCFE6GF>GGFEFFGG@	C	52	T	46	16	1536535	1536535
16	2986431	T	86	cCcCcTcTTTtCCCcCCtTCTctcttctTTTTTCTCTctCccttTttTctTttCTTtcCttttTTCCctTTTcCtttTtttcttct	CBEEFA@CEFEGFDFFFEAFFFEFEEFE@;FEFEEFBGF>GGEFFFFEGDEFFFCEFFEFFF9EEEFFFEEEFEFFFEFEFGF>@B	T	53	C	33	16	2986431	2986431
16	11542894	C	141	TtCCTCTCCCCtTTcCcCtCCCCCTTCTCCTCCtTtCTCCCCcTtTCTTCtTTtTCCCCtTCTTTTCCCCCccTCCCtcTTtcCCcCtCcctTttTTTTcCCtCCctTcCTcTCTTTcttttCTCTtttccTccCctcctc	A>@DBBBEFFGGFFBFBFGGGBFEFFF=FGFGGGFHGFGGGG=FHFGFFFHFFHFFF?DHFGFFFEGC7FFCCFFGDHCEDHCEC>?HFCCHEDFEEEECEEHFECHECEECEF>EEAGGFHEEDEHGFABB=??>B>7@?	C	75	T	66	16	11542894	11542894
16	25137385	G	56	GGGGAAGAAGAGAGGAGGGAGAAAAAgGAgAGgGAggAGgGGAGAGAGGAAAAGGA	EEDEFFAEFE7EFEE?EEEEDECEEEGDEDED;DDGGEDGDDECDDCCDD<EDDCB	G	31	A	25	16	25137385	25137385
16	66656102	C	106	TcttCTTctcCtcccTcCTcccTttttTTtCtCccCttCCtttcTctcccTcCtctcTCtCtcttCtttTCCCctctttcctcctTCtttcTCttccttctccctc	D?ADCEECGACFABAGADGBBBGGGGEGGGDGDBBDGGDDHGGBGB?BCBGADBCHCGDHAHCHHDDHGGDDDCHCHHHB9HC<HFCHHHCFCH<CCHHAHCAA@:	T	54	C	52	16	66656102	66656102
16	72130815	C	49	CCCCAaAACAaCAACACcAcaACCCACCaaACAaAccacCAaaCaCcCA	GGFGEFFFGEGFFFGFFCFCGEGCFEFEGGEFEGECCGCEEFE<A>7AC	A	25	C	24	16	72130815	72130815
16	72132713	C	188	TTtCTctTTcccTtccttTCCTCCtctTctcCTCccCTCCTTCtcCtCTtCCTcCCTtTcctCctCTCTTtTtttTCccTTTtcctcctTtTttCcTTcttCCtTtTTtTCTTTCCcCtctCCtCtccTTCcCCCctCtCCTctcCTTCcCcttttttCTttcCtcttCcTCTctTccctCCcccccC	BBC6<ABA@CCEDDCDEE>GFFFGEDEFDEDEFFDDG;FFCEGEDFECFEDFFDGFFDFDDEGDEEFEFCFFEEDEGEDFAEFEEEDDFEEEFFBECFEFEFFFFFEEEFGFFFGGEEEEEGGFBFEDFFFEFEFEFEFEFEEEEFEEEEFEDFCFFFEEFFEFFEFFFEEEEEEDECCDAEDB;A=A	C	94	T	94	16	72132713	72132713
16	81209207	T	52	CTCTTCTtcCTCctTtTtcTcTcCtctTCTtCtCtTCcCCtCCTTccCtTCt	ABD?GDGDGDGDGDFDGDGGGGGDEHEGDE8CECEFCH=CECCFEFBB?DAB	T	27	C	25	16	81209207	81209207
17	463843	A	52	GAaagagaAagAaaGggGaGAAaGgGaAaaAagggggggGaAAaaAgagaga	>@CFCEFFHFFHFF7FFCFAHFFCFCEHFFHFGEGFFEGCGHHG;GDGGGGG	A	29	G	23	17	463843	463843
17	4686414	A	41	AacaAaccAAaAaacccacAcacaccacaaaaaccacaaca	@?@CBCCCFGDFDEDDDEDHDEDEDDFEFFFEFEDFDFBEF	A	25	C	16	17	4686414	4686414
17	18167505	T	65	TcTTCtTccttttTtcTtTTtttTtccCCTcCCTtCTTTTTTCTCTTTTttCCtTtTtTTCtTtC	@?FGDEDFFEEEEGEFGEE=FEFGFFGDDGFDDFFCGFGGFGDFCFFFF<ECCFEEFDFFD=E<@	T	46	C	19	17	18167505	18167505
17	21207844	C	200	CcccTCTTtcCCTCcCCCTcctCTTccccccTCcccCTCttctCCccCccCCTCTcttCCcccTCCCtCCCtctctttcttcTtcttcctCCtCCCCctttCtttcccCcttCtCcCtcctTcctccccCtcCtcCcctccttccccttcccCcctCtcCtccctCccctcctccccccCCccccCtcccccctcccccc	<CACB<;;C=?<A??:@@C@AFEFECB:BBBFAAABBGCGGBF@DABDBBDCGCFBGGDCBBAGDDDGDDDGBGBGGFBGGBGGBGGBAGEEGCDDDBGGGAGGGBBBD;FGDGDBDHBCGGBB@B;C;DFBDGBDCBGCCGHCCCCHHCCCDCCHABCDBCCCGDCCBHCCHC@C=CCCCCCCBCHCCCCCCHCCCCAA	C	139	T	61	17	21207844	21207844
17	21318698	C	285	TTCTCCCCTCTttCCTtTTCtctCTCTTtcCTCtCtTCcTTtTCCcCCCTTtcCccttCCCCCTcttccTCCCcTCTTtCtTCcTTTTCccccTTCCtCcTCtTtCCTTTTTTCTTCTTTCtctTcCCTTTTCtCTCcCTTTCTCCTCTTTCTCcTTCccCCCCTccccTCtCttcccCTCCcTTTCTCctTTCTCTtTCCTttCTCCCTTCTTTtcccCCTTCTttttctCCTccTCTCcTTTtcCCCCccCTtTCtttTTTtctCctTTCcttTTCTtTCTCt	>>DB?A=FD?EGGGGEGE9GGBGGEGEEGBGCGGGGCFBEEGDGGBGGEEEGBGBBGGGGGGGECHHBB9EDGADEEAHGGEGCEB=EFCCCCDDFFHGCEGHAHGGEEEEEEGEEGAEEGHCHACGGEEEBGHF;GBFEECECFFDFEDDFDECADFCCFFFFD7C?CDFHF:=CCC9DFFCDDDFDF:HADCDFDHD;FDGHFDFFFDD@DDDHCC>FFCDFDHFHHAHFF>CCDFDFCDDDECFFEECCEDHCE@GGDDCHBEF@@CBC>CCABBA@@B@@E	T	147	C	138	17	21318698	21318698
17	40735641	C	43	ctcccccCctctcccTcctCctCTtTttcTCtccCctCtcccc	@C>?@@AFAGBGBBBCBAGFBGFFGFFHCFGHCCGCH?HCCCB	C	28	T	15	17	40735641	40735641
17	41561617	G	37	aaaaaaaaaaaAaaaaAAAaaaagggggggggggggg	AACABABCCCC?DCEEDEADCCC;FGGFGGFGDBB;B	A	23	G	14	17	41561617	41561617
17	71232807	T	115	TtCCTttTTCCtCTTTttTTtTCTCttCTCctTCTcTTCtTcctCCcTccTCttTCtCtttctCTTTcttTtTtcCTCCTCctTCTTcCTtcCCAcCCTTcccCcCTtCcCtTct	9EEDDFGEEGGGGEEEGGEEGEGEFGGGEGBGEGCBEEGGEBCGGGBEBBEFGHEGHFHHHCHGEEECHHEHEGCFDFFDFCHDFDD>9CHCFFDCFFDDCCBFCFDHFCGDA;A	T	63	C	51	17	71232807	71232807
17	71233130	A	204	GaAAAgaGagagGAgagGGgaaaGAgAAAAaaAaagAAaaGAAAaAaaggAGaagAgAAggAggAaAAagagaaAaaaGaAGGagaggAgAAagGGaaAgaaagAgaGAaAaGAggAAGgGGaGAgGGgaaAggaGaAgagagAGGaggAgGaAgagaggggaGGAgaaagGGGaagagaGaggGgaGggagGaGGAaaagggG	@?A@:A=?DCDCBFGFFCBFDDECHEGGHHDDFEEFHHEDCHHHEHEEEEHCEEEHEFHEEHFFFEEHEEEFEEHEDEAEHCCEFEFEHF:HAECCF>HEDEFFHFFCHEHFCHFGHCBGBBFCHGCCEEEHFFECFGFF==FHB6FFEFGBFGFFFEHAGFFBBGGFFEABBBFFFFG=BFEFBFEBGFFEADBBD?@?@>AA	A	109	G	95	17	71233130	71233130
17	72861991	C	54	CtTcTtTCctCTtttcTCCTctCctTCttTtCccttTtctcTttcctCcCTttc	>??FED;FFEFEEEEFFFGCFAEFEAFFEEEGEGEFFFFFGFFEGGEFGEEFAD	T	31	C	23	17	72861991	72861991
17	72862593	C	83	TCccTCCCCTCTTTTCCTTCCTCTCtTCCTTCCcTCCcTtCcTTTCcCCtTCctTcTTtTCCTTTcCCCCtCCctcTcCCctt	FDBBGDDDEGDGGGHEDGDDDGDGDHFCCFGCCCFDDCGHACGFFCCCCHFCCHFCFFIFCCFFFCCCCCGCCCHBE?=@>CB	C	46	T	37	17	72862593	72862593
17	78073589	T	106	TCTCCtctctCcccCTcctcTCtTtCCtCctTctcCtttTccCTCttCccCctcTTttttTtccctttctccccttcctcccctcCCttcctccctctCcctccct	CAA?<ABBA>=CCB@CDBFEGBDGDDDEDD=GDEDCEEEGDDDGDEEADDDDEDGGFEEEGEE?DFEEDE9EEEFFEEEEE9BFEDDEFDEFED@<EC7EDFDEDF	C	60	T	46	17	78073589	78073589
17	78079481	C	37	CGCCCCGcCCCcCccGGCGCGcGGCCCCGGcCcGCGC	B@FGF9EAGFFCECCE9DDFDADDFFFEDCCECCDEB	C	25	G	12	17	78079481	78079481
17	78079509	T	49	GtTTTtTttGGTtGTGtGGTTTTGGtTtGTGTTGttgGgTTTtgTTTtt	CFEFFGFGGEDFCEFEHEEFFBFDBFFHDEDEEDCHDDDEEEGCCC:C@	T	33	G	16	17	78079509	78079509
17	80350331	G	90	aAAgagGaAggggAAAAGAGAGGGGgGaaGgGGGGGAGaGGAGgggaagAGGaaaaAGaGAAgaaAgggGGAgGGAAgggGAAggAAaaA	DCEFDFFDEFFFDDEEFIEG?HGHHFHEEHFHHDDHEGEHGECGGGEEAEHHDED9CHEHDDD>EDFAGGGDFGGDDGGDGDCGFCA?=?	G	49	A	41	17	80350331	80350331
17	80895745	T	147	TTCTCCTtCCTTcCtTTCCcTTTCcCtcCcTTTCcTttCTCccTTCcCTTctcTtttCcCTTttCctcTTtCCTTTCCCtTcccTtcCCtcCTtctcTttTttcTCTcTTtcTtctttTCtttctcCTctTtctCTCTTcccCtCTt	B;<CEEDGFFFEBFGEEGFBEFFGBEGB<@FDF?BFGGGFG;BEFG;FFFBGCFHHHGCFBFH@GCHCFFHFGFDFFGFHECCCFGCGEHCG7HCHCEBDEFGCEFEDEEFCDHCHGFEEAHHCHCFECHEHCHFDEDE>>>BB>?C	T	81	C	66	17	80895745	80895745
17	80895769	A	154	GagGgAAAgaaGAGggAAGgGAAgagAaaaGgGAAaaGgagAAaGGAAAGGGaAgggAagGGGagGAagagAaaAagAGAgAAagAagaaaAGaaagagGAgaAagaGAGAAgggGaGAaGgAGagAgagGAaAGaaaaAaaaAaggGGAAAaA	EBABCDCCFDEHDGFDEEFFHEEEEEEEEEHFHECEEHFEEFFAHHEDDHHHEEGFFEEEH@HFFHEFGEFEFFEFFEHEGEEFCDFFCCEEGFFFFFGGDGFDEFFGDGDDGGGGFGCEGADGFADEFFGDFDGFFFEDFFFCEEBEC7>AA?	A	88	G	66	17	80895769	80895769
18	9122591	T	170	TTTTTTTTTTTTttTCCTCtTTTTTTtTCTTcTTTTTTTTTCtCtCTttTTCTtCTtTTTTTTTtTtTcTTTTttTTTTTTTtttTtTTtTtTTtcTtTcttTTtttTTtcTtTTTTTTtTTTTTcTTtTtTTTTcTTtttTTTTTTTTcTtctTTttTTTtTTtTTTTT	B>@??D5CEEEEGGEGGEGGEEEECCFEHEDBFFEEEEEEEGGGEGEHGDEGEFFDHEED6EEEGEHECEEECHHCEECCE;CHHCHECHCBDDDC?HDCEHDDHFHDDIDCHDDDDDDHDDDDDCDDHDEDDDDCDDHHGDDDD;@DCCCHBFDDHGDDEFCBBBBBB@	T	152	C	18	18	9122591	9122591
18	9122611	T	199	TTTTTtTCTTcTTTTTTTTCtCtCTttTTCtCTtTTTTTTTtTtTcTTTTtTTTTTTTttttTTtTtTTtcTtTcttTTtttTTtcTtTTTTTTtTTTTTcTTtTtTTTTcTTtttTTTTTTTcTtctTTttTTTtTTtTTTTTtTTttTTtTTTtTTtttttTTtttTTtttTttttTTTTtttTTTTttttttttTt	CA?:?C@@@ABBCFFFEECFEFDGFEBEFGEGFEFFFDFF<FFFFDEEFFFFFFFFFFEFEFCCFDFFFEE;FFEFFFEFEFBFFEFFFFFFFFFDFEFFEEEFEFEFEEEEEFFFEEEEEEEECFEEEEFEECDGEEFEEEEEFEEFEEEFE7EFEEFFFFBBEFFFEEFFFEF?FEDEECCBCCCCBA=A@>:@?C@	T	184	C	15	18	9122611	9122611
18	10485363	T	43	CTCCCTCTTCTCCCCtTCCCCTTtCTCTCTCCCCCCTCTCCCT	CFGGFGGGGGGFGGGFGGGGGFFCFF=FAFF?FFFEEFEGFGC	C	27	T	16	18	10485363	10485363
18	10485369	G	52	GAAAGAGGAGAAAAgGAAAAGGgAGAGAGAAAAAGAGAAAGGGGAAAAAGGA	GCEEHEHHBGEE?EEHEECEHDGDGBDDFDDDDD:DGDDDGFEFAA@??DC?	A	31	G	21	18	10485369	10485369
18	39399295	C	37	CaCcaccCAaccCCCcccaaaaAcAaaAaCaacaccc	?BEA@BBGFFBBG7GB=BCFFFFBFGFFGGGGCGCC=	C	20	A	17	18	39399295	39399295
19	1042809	A	41	AgAGgAaGaGGgGgggggAagaaAAaaaggaaGaAgaaGAa	:AAECEFCFEECECCDCCDGDGFEFGFGD;GGDEBEFGDED	A	22	G	19	19	1042809	1042809
19	4254308	T	43	CTCcCTtTCTCTTTCTCTtCCttCtTCccTTtTcctTCctTTc	BBGBFFGCFFGEFCFCFEHGGHGFHEECCEEHECCGEECG:A:	T	24	C	19	19	4254308	4254308
19	4254375	C	48	TttCCcCtttcCTtcCCtTcCcttTCcCccTcTCtctTttcCccCCcC	@DDGGGGBDDGGE?GGCDBGGHECGGHEGAFHFFBHEFE5HFH9FBHA	C	28	T	20	19	4254375	4254375
19	9346599	C	77	CccgCggcccCCCCccgcgcggCGcGggccgcgCcggccCCcccGgCcgcggcCCcccGcccgGCggCGCcgccGCG	DEGF?FEGGGGGGGGGFGFGCFGHGHFFGHFGGGGFFHHGFHHG;GGHGHFGHGDGHHGDGHGGFGGFGFHGGE@CC	C	48	G	29	19	9346599	9346599
19	10273372	T	94	ctCttCTCCcCCCTTTTTCCCTCCCTCTTTTCTTTCTCCTTCTCcCcCtTCtccTtcCTCtCcTccTTCCCctcttcTtcctcTTCCtctCctt	D>GEEGGGFEGGGGGG=DDFGFGGGFGGGGGDGGGGGGGGGGG=EFEFFFDFEEFFECEFFFEEEEEFFCFEFEFFDFEEEEDEFBCA@>>=>B	C	50	T	44	19	10273372	10273372
19	11303943	A	110	AAGGGAggAaAGAgAGggagaAAAGAgAAaAAgaaagGgagGGAAgAGaaaAgAaGaagagGaAAagAgggAGaaAaGAGaaggGAgGGaGaGggaaGgAaaAGGAAAAa	C>9?B8GFFD;EEFFEFFDFDFFGEEFFFD;FFD@DFEDDFEEFFF9EEEEEG@BDDDFEGEE=FEGFG<G?DEEFEDEDEFFHCEG9DEDEDGGEDDGEEEEDBACA?B	A	62	G	48	19	11303943	11303943
19	11327571	C	71	TCTTCTTTCTTCTCCTTTTTcCCCCcCTTCCTCTCCCTCCTTtCTTTCTCcTTcccTTTCtttTTCtCTTt	?ACEGEEEGEEEEGGDEEEEDGGGGDGECFEDDDFFFD:ACDFFDDDFDFEDDEEEDDDEEEECCC<???B	T	40	C	31	19	11327571	11327571
19	14992031	A	52	ggAagaAaaagggaAAgGGaggGgGgAAAAGGaaGaaGGGGaGaGAGaaAgG	BBDDEEFFFDFFFFEFFEEFAFEGEGAFDFEDBGDDDDDDCGDGDDDFEDC5	G	27	A	25	19	14992031	14992031
19	14992045	C	50	cctttcCCtTTcCtCtTtTtCCCCTTccTccTTTTcTcTCTccCtTTctT	CAAABACGDEECEEDEEDEEGEGGE9;EDDDCDDDED>AFDEEFFDDEED	T	27	C	23	19	14992045	14992045
19	17100552	A	277	GAAGGGGAAGGGAGAAGGAAAAGGGAAAAGAGGAAAAGAGAAAAAGAAGAaAAAGAGgAAAAAAGGGGAgAGaGAaGGaaaAAAAGAaaAGAaaAGAaaAAGAAAGaGGGAGAgaAGGGAGaggGAGgAAaGaAAGGAaAAGAAAAAaGAAgggAGggGAagGAGAGgagaaAGGAGAAaaGGaGGAGaAAAgaaAggaaAAAagaaagGGGGGaaagaGGAGgggaaAGgGAaagAGGaGGaaGaGagggGAaGAgagaagAggGAAGaaaGGAGG	>A>B?BA@GCCCHCHHCCHHHHCBCHHGHC=CCGHHHCHBHHHFHCAAAHFHHECH8CHHHHHHCBCCHCHCFBHECBAGG:HHHCFGFHCHGGHCHGGHHCHHHCGCCCHCEDFHB=CGCADDBHBDGGGCGHH;CFBGGBGG;GGGBHGDDD?9DDBGGDBGBHCDGBFGDBB:BGEGHBBEB@GBGGGGDGGGDD?EGGDGDGGGDBBBB@GGGDGBBGBDDDGGGBDBGGHCG>BGA=FGAGBDDDDAF=@GCECDCAC?<>BC<???CAA??	A	156	G	121	19	17100552	17100552
19	21205531	C	28	CCTTCTTCTTTTtCTTTCTTcTTtCTTt	DAGGDGFDFGFFHCFFFCFF@FEHBFEB	T	20	C	8	19	21205531	21205531
19	21544503	C	26	CCCCCTcTCCCCTTTCCTTCCCTCTC	EGGGGEFEFFFFDDDFFDDFFFCECE	C	17	T	9	19	21544503	21544503
19	35998362	T	81	GTTGTGgtGGGttTTtggTGtgTTTTtGGggTtgtttgggggGGGtgTtttTtttgtgTgtggtttTttTttTTggGtggt	<ACBGCECCC@DDFGDFFFCDFFGFFCCCFFGDFDDDFFFFFCCCCFG?E?GEEEGEFGGDGGDEEFDEFEDFFEGBEGG=	T	46	G	35	19	35998362	35998362
19	39416966	G	31	gtGtGTtGgGgtGTgTGgGGgtgtggggttg	CCEDGGEGFGFEGEFCGGGFFFGFGGGGBB@	G	20	T	11	19	39416966	39416967
19	39416967	A	31	AtATtAaAatATaTAaAAatataaaattaat	BDEEDFFFFEFEFEFGEFGEGFFGEGDE=:?	A	20	T	11	19	39416966	39416967
19	41945837	T	91	TTAtATatAaaaTTAaTATAAAAatTTTTttTaTaatttATATTTtttaatTTTAaTtatttTAttAtTTaTAAtaTtaatAtattTAttt	<??BBEDEEEEEEEFEFFEFEFFFFEFFEFFFFEFFEFFFFFFEEEFFFCFFCF?FEFFFFFEEFGEFEEFEEEFFBFEFFDFDEB?AC?B	T	55	A	36	19	41945837	41945837
19	41945848	G	91	TtttGGTtGTGTTTTtgGGGGggGGttgggTGTGGGgggttgGGGTtGgtgggGTggTgGGtGTTgtgttgTgtggGTgggTTgTGttGTG	FEEECCFCCGCGHFGDF:CCCGGCCEEFGFF@GCCCAGDFCGCBCGFCFEGFECEGEEGB@;BDFHFFDFGFF9FEBFGDFFFEF@A@?D>	G	53	T	38	19	41945848	41945848
19	44933947	G	104	AggagAaggGGGaAGgGGaaaaggaaaGagAAGAAggGagGagggaaaGagaAGAaGaAaGgaGagGAGaggGGagagagAgaaAAgagAgGGAGgggAGGGGG	E@CEGHEEFCCCEHCFCBEFFFFFEFFCFFHH>FHFCACFABFFFFFFCFGFGCGG:GHGCGGCGFCHCGGACBGGGDGGGGFFGGGGGGGB;GBFEDC9=C?C	G	57	A	47	19	44933947	44933947
19	48244569	G	177	AggaaGaggaaaAAgaaagaGggagaGAGagAAGgaAgagGggggGGaAAagGAGagaAGagaggGGAgggaAGAgGGaaAAaGgaggaGGgaaaaGAAggAgagAggggAAGGAggaAAggAggaGGGGagggaggAGGAGaGggaGagaggaaaGagaagGgagaaaggGaggag	CC?CDACABC?EDDCFEFCEGBCFCCGDGFCF=<CFFCFCGCCCCFBFFFFCGEHFCFFDFCFCBFFFCCCFFFFCGGFFFFGGCGCCFGGDGGFGFFFDD=DGCFDDDDEFGGFCDDFFDDFCCGFGDFFDDDGDDABFEEGFDDGFGDGDDGGGFGDGGDEDFDGGGC?EGDCGB	G	97	A	80	19	48244569	48244569
19	48255804	A	65	aaGGAGGAAAAGGGGAAAGGGGAAGGAgGAAGGgggGGagaAaAAGAgaGGgaAAGaAgAGaGAG	EECCHCCAAGHCCCCHHHCCCCGGBAHGCGGBBGBFBB;GEGFGF@GBE@BGFGGAFGCD??>@?	G	34	A	31	19	48255804	48255804
19	49424354	C	28	CCTTTTTTCTTCCcTTCCCTTTTcTCtt	<BGGGGGEEGECFHFFFFFFEEEGFF>=	T	17	C	11	19	49424354	49424354
19	53498467	G	62	TTGTTTTTGGtGtGTTgTGTTTGttGggGttttgttTtttgtgggtgtttttTtgTtTtTgt	DFAFGGGGACGCG;EGCGCGEC>GGCDDBHGGHDBHGHHGCEDDDHEIIHHIFHDCHFHD>C	T	42	G	20	19	53498467	53498467
19	53803121	C	89	CGcGgCCGgcCcgCGCgggCcggGccgCGGGcGCCccCGcCCgGcggGGccGggGGcgCcgCggCCGcggCcgCCcgcCccgcCcccgg	;@@BDEGFEGEGFEHGFFFGDFF=FGFGHGGGHDGGGGHHGGGGHGGHHHHHGGHHDG;HGDFFGG;GEFEGEFGHEGFHHFHFHHH?D	C	47	G	42	19	53803121	53803121
19	54756118	A	38	gGaaggagGgGAgaggGGgggGaaaggaaggaagaggg	C?DEFEEFCECFFEDFCCDFECEBF6FFAGFFFGFGDB	G	25	A	13	19	54756118	54756118
20	1592215	C	103	cCCCCCCCCCCCCCCCCCGGGCCGCGGCCCcCGGGCGGCCGGCGCCCcCGGGCCCgCcCgCgcGCCgCGccgcGgCGGGCCGCGCGCGGggCCGGGCgcGcCC	CCFBGFFFFF>FEGFGFFEAEFFEGECGFGEEEEEFEDDGEDEDEEFAEDDDFFEGEDEFEEEDFEFEDEDFD;FEDCCEDDEDGEFDB=BB9BBAAA>B=AC	C	62	G	41	20	1592215	1592215
20	1592265	A	157	AaAGGGAGGAAGGaAGAAAaGGAAgAaAgAgaGAAgAGaagaGgAGGGAAGAGAGAGGggAAGGGGAgaGaAAGaAaaGAaAAAgaaGgaGAGAgaAaaAgAggaGAgggaaaaAgaaaAAAAGaGgaaggaaagAAaaagGagagaagaAAaagAA	CCCGFGFEGDFGGFEGEFFFGGEFDFFFCFCFGDFCEDGGCF9CFFGDFFDCGFGE@GDDEE:GGGEDGGGFEGG9EFGFFFFEDAGFCGGEFEDGDGGDDEDDGEEDDDGGHHE>GGGE:EEFGFDGGDDHFFCEEGFGDFBDGDGGDGECCD?7C	A	94	G	63	20	1592265	1592265
20	1592284	G	160	GGGgGAAAGGGaGgGaGagAGGaGAggagAaGAAAGGAGGAGAAAaaGGAAAAGagAgGAgGggAGgGGGaggAagAGAGagGggGaGaagAGaaaggggGagggGGGAgAaggaagggaGGgggaAgagagggagGGggaGGGgGgggGGggGggGGgG	?:DCE?FEGG=FGFGFGFFBGGFGFFFFFEEGFFBGFFHGFGBCFDFG;9FFFGFFFFGFFGGDFFGGFGGDGEGGFDFFGGGGBGGGGGGBGFFGFGDGFEGGGGGGEEDGGBFGGEGF5FGDGFEGGGGGECEGFFGGGFFFGFGGGF=GEF7GFD??	G	104	A	56	20	1592284	1592284
20	1592312	T	127	CccTCCCCTctCtTTCtTttCTtTTTcttCctCTCTctttTcTcctCTcccttttTctttTTTTCtCcttcctttcTTtttcCtctctttctTTttcTTTtTtttTTttTttTTtTttttttttttt	DACBBBB@<:B?DBADEEGFEFFGGGBGGGBGCGFGBGGGG<GBBGDGBBBG?GGF<GG@GFGGGGGBGGBBGGGBGGF:HCGFCCCHG@CHFFHECGGG6EHEHFDHEFCHFFHFHHEHHHGDCB@	T	90	C	37	20	1592312	1592312
20	1703106	T	34	TTCCTCTCCCTTTcttTCCTCcCcttTtttcCtt	=CDDEDHE>DFDGCBHGCCFCCC>HHFHHHCCEC	T	19	C	15	20	1703106	1703106
20	1703134	C	32	TCCCtccCTTCTtTtccCccctTccttttctc	DCDDGBBDGFDG@:HCCDACCHG=CHHHHBD=	C	17	T	15	20	1703134	1703134
20	3686436	C	181	tcccTtCCtcCTcTTctCCtTCTctTTCcCCTTCccCTCttTctCcCcctTtctCTTtCTTctTcTttTtCCctTTctCcTTTCCccTcCCCTTCTttcccCctCccCTCttCTTtTctctCttccctccccctcTCTTTttcctttttcctCtctcCTTccCccTtcCCtccCcCTtcCC	C?C?BBADHBE;BEGBGGGGBFFBEGCGBGFAGGBBGGGGGDBGGBGB>GFGBGGGGGGDGBGGBGEEGHGGBFGFBHAB=GGGGCCGCGAGGCGGGHCCCGCFGACEEF?HFGFFECHBHFHH:ACHCCDADIBAFFFDEE@CDHGHHCCFFFCFCFFFCCFCCEGBEFHACG<DB@=AA	C	96	T	85	20	3686436	3686436
20	49575334	A	32	CAAACAACACAAACAACCAAAAACAACAACAC	BFFFDFFFEDEEEEDEEFEEEEEFEECBBBAA	A	21	C	11	20	49575334	49575334
20	60893639	G	70	CCGgGgcgGcGGccGCCcccGGGGggCCgcgcgggcCgCgcggCGccgCcCggCggGcGgggcgcCgCgc	?B=@@B@BCAEEBBEFCBABDDEEC=?GC=CCDDD<DDDDCCDFECCDECFDDDEDDCDDDDBDCFDB><	G	38	C	32	20	60893639	60893639
20	62378349	C	83	cTcTCcTCtCTtTCTCTcCTtTtCTCTtcttTccCTTtCCtCccccctCcccCTCCCcTtTtCTttCTCTCCTTCcTTtccTt	CACB@EFDDDGEGDGEGFDFDGEDGDGEFFEGGGDFGFDDCCFFFDGFCGCGDG?CCFFFFFCFFECFCFCBEFCEEEDEE??	C	42	T	41	20	62378349	62378349
20	62378364	C	83	TtTCTCTcCTtTtCTCTtcttTccCTTtCCtCccccctCcccCTCCCcTtTtCTttCTCTCCTTCcTTtccTtCCctttCCtt	EG;CFDGBCFFGGDHDGGBEGB>;DGGGD<FDCCBCCHDAACDFCDDCGHGHCFHHDCCFCCFFCCFFHCCFHCBCHHGB@C@	T	42	C	41	20	62378364	62378364
21	15660716	G	30	GGAGGAAgGGGAGGGAAAGAgGGAGaaaAA	DBFGGEFGFFFEFFFEEEFEGFEEEDCCAC	G	16	A	14	21	15660716	15660716
21	26965148	G	65	GAGaAAGGGGGgGAAaAGGAGGGAGgAgAAgGAgAagggGAgagaAGGgggaagaAaGAaaGGAG	?EBEHHCCCCCFCHHEHCCHCCCHBFHFHHFCGFGEGGF@GFFFEGBBGDFFFGCDFBGFBA>BA	G	36	A	29	21	26965148	26965148
21	26965205	T	63	tTTCtctttcTCtctcCTTtttcctcCcTCccTTCTCTCcTcctCtctcttcttttTctcCcc	<@<EEEBDCGGGDGDGEGGDDDGGDFGGG>GHGGGFGDGHGGDEFEHCHFEHDEDDFGEHFEC	T	33	C	30	21	26965205	26965205
21	41165462	C	227	CCCCacAaCcAAAAACcCaccCACCccACACaCCAAcACacacCCACcCAAAACAAAcCCcACAACcCCAAcCaACaaCCCAccCaaAAACAcCAACaCCcCCcaCCCACACcccCaCCcaccaaaccCccAccACCccCAccACCCcCCaCcCAAaaACaAccCaccaAcAccacaacCAcccCaaccaCccAccAAaCcccAAcCAaaacCcCAaCAAcAaccAC	;@9BB>AB>FEEE?CFGGCGFGFGGGGFGFGDGGFEGFGDGAGDFGGGCFEFFGFFFFGGGFGFFGGFFFFGGEFGEBGGGFHHG<EEEBG@CDCCD7GGHDGHEGGGFGFGHHHG@GGG;HHEEEHHGHHFGHFF:HHFFHHFEFFG=FEFHFEEEEEFEEHHFEDGDEIEHG5HECGFEHHGFEEHHEFHHEHHEEEFCHHEEHEDE6DFFGDDBBBCAA=@=A?	C	134	A	93	21	41165462	41165462
21	43766560	G	91	AaaAGGAagGgGAaAGGAGAGAAGAGGGAGgGGGGGGGAGgGGAAGAAGAAGggAggGGgAgGAGaGGgAgAGgAggaAGgaaGaAgaggG	FFFFGGFFFGFGFFFGGFGEGFBGFB9=FFGFGGGGGGFGGGGFFFEFEFDFGEEGGFCGEGFEFFFFGEGEFAEGGEEFGGGEE?EEDA?	G	55	A	36	21	43766560	43766560
21	43786512	C	48	TTCCTCCTCCcTTCCtCcCTcTCcTTTTCctTTCTCCttTCctcCCcT	@FFDGDGFG?>EGGEFG@EBBFFCFFFFDCHFCFDFFHHFFCFCFFBD	C	26	T	22	21	43786512	43786512
21	43826344	C	330	TCTCCTTTCCCTCTTCcCCTCtTCCtTCTctCtCTtTcTCTCTCtcCCTCCTTccTCtcTCTTTTTCTTCTCTcCCTtCCTTtccTTTccCTCTcCCTTCCCTCttTCcccTcCTCCCCTCTcTCCCCcTCTCcTcctTCcTCCTtTTTTtCcttTCcTtcctcTTttcCCTcctCCttcCttctCCTCtTCcccTcTTtccCCtcCTcCccCTTTtcCCTcTTtctctcttCTTcTcTCctCCccCtttccTctttcCTTCcccccCCcttTctttcTTcctTccctTCCcccctTtcCCcccTttcttttctccctccCccctTtTcT	AACB==@@@BCFDGG8=CDHDDEDDDGDDGDDDDFCGGGBECG@DGDDGDCGGGFDDDGGDHGFHHEGGDEDGGDDGDDDGFBGGGGGGGDGBGGDDGGDDDGDCDGDGGFGGDGBD5DFDFFBDDDDHGDGDGBHHDGDHDADGEFFGGECHCEGDHGEHG:HGGEEHDDGHHEDDEEHDCEHEDDGCEFDHHHEHFFDHH@7EHBEHCHHCFFDEHCCFHFFEHEHEHEECFFH@HFCHCCCHHBEDBIHFBEBCHCFFCHHHHHCCHEEFHEEEHFFFFEFHHGDFCCHHHGEFCHCCGHHFEEHEEEEHDHHHEHHCHG<?F=CCC	C	177	T	153	21	43826344	43826344
21	46122331	A	45	cCCCCcCCCCCAAAAAAAAAaaAAaCCAcAaAcCAAaCACCAAAA	CDDDCC>DDDCAHGGGGGGHGGCGGCCC@GGGCCGFFCFB8DA??	A	26	C	19	21	46122331	46122331
22	19050635	G	127	GGGGGGGGGGGGGGGGGGGGGGGGgGAGAAAAAAAAaGAAAAAGGGaAAAGAGGaAAAGGAaAAGGAAaAAGAGagaGGagAAGagAAAGgAGAaggAAAAGAGAGagGGGaGAGAGggAAggaggg	?AE<EEE<BEEDEEEEEDEEEE@CDDFDFDFBDDFDGDEAEEEDDDGEBEDEDDGEDEDDECEEDDEEG?BDED@DBDDFDEEDFDADE::DDDFDDDDDEEECCBB9BB=B>AABA??A?AAD@AA	G	68	A	59	22	19050635	19050635
22	24837301	T	103	ctctttttctttctCcTTcctcCTccccctctCTTttTCcTccttcCctcccTcTCTtcccttttCtTttctctccTCTccTCTTttTTctCTCcTCCTtcct	CC<BBCCCBGFDBFGAGDBBGBGGBB?BBGBGGGGGEGG@GBBAGBGCFBCC@CGFGCCCCHHHHGHFHHCH?=CCFFFCBF>FFHHFECHFFE?CC@A@8@@	T	54	C	49	22	24837301	24837301
22	38504372	T	60	TcccctTtcCTTtCCttcctcTTctCccCCcTCttCTCtCttCCtTCccctttCtttctc	C:@@CEDGBC6GC?CGGBBGBGGBGD@BEDB7DGGDGDGCHHDDHADCCCGHECGHFCH@	C	31	T	29	22	38504372	38504372
22	50757348	G	127	AGaAAAaaGGGaAggGggaaAAagaagaGGAAgAAGAagAAAAGAGAgggAAAAAAgaAAAAgAAaaagGgaAAAAaAgagaaGGgGgAgGGGgAaaGGGAGggaagAAGAgAGGAGAGggGGGGaA	B=CDFFCCCCCDHFECFFDDHHDFDDFDBDHHFAHBHDFCHHHBHCHE>GHHHHHHFAEHGHEGAEEDGCDEHHGHEHGDGEDCBGBEGGB@BGGEDBBBGBGGEEEGGBGGGBBGBGBF=?@@>=A	A	70	G	57	22	50757348	50757348
