1	884091	C	113	CccccCcccCcccCcccCccccCcCCcccCccccccCccccCcccccccCccCCccccCccccccccCcGGGGggggggggggggggggggggggccCcccGccccggggggg	B???DBEEDBFHGEFGFDDBGGGGGGGGGBGGFGG8FGGGG;GGFGGGH7GG>GHHFGAGHGHHHHHEH@ADEGF=FFFFFFFFFEFFFFGFDEFHGGHHHEHHHHGGGG>CD	C	79	G	34	1	884087	884096
1	11017026	C	47	ACCCCcACAACCCACCAcacCacaCAccaAAaACccaACcCacCccc	EGGGGDFFFFGGGEGGEEFEGFEFGEEEC?EEEFEEFCFEEFDFE?@	C	29	A	18	1	11017018	11017027
1	26620847	G	96	AaGaaaaaggggggGggggggggGgggGGggggggGggGGggggggggggggggGggggggggggggggggggggggggggggggggggggggggg	EC<DDCDECCCCCCGBCCCCCCCCCCCGGCCCC?CGCBGGCCCCCCCCDCCCDD<DDDDDDDDDDDDDDDDCDCCD?DDD>DEEDC@DDDDDDDA>	G	89	A	7	1	26620842	26620851
1	40781177	A	46	CAaCAAAACAACaAAcAcAccAaaaAaAcaAcaAccccCCacaaaa	DFDDF@FDDFFCE?@HEHBHHEEEEDEEHEEHDEHHHGC=EGEEDB	A	29	C	17	1	40781171	40781180
1	55085687	G	73	ggggGcgcggcCGGgCgcGgCGgcGggcGCgGGCgccggCGGGcgcCcgCggggcggCcgcgccggGGGgggg	CCBCBBCBCCBGG<CGCBGDGCCBGDDCGGDGDGD@CCDGGGGCDBDCDFD?DDCDEFDDCDCCDDEFFA???	G	48	C	25	1	55085680	55085689
1	67292478	T	37	TAAAAATTAATATAAATTAtATaTAATaAaaTAAaTA	B?EEEDEBEE=EEEDEDDDFD9FDDDDFDEGD<AB?C	A	24	T	13	1	67292469	67292478
1	78430689	A	70	aaaAAaAaAaaaaaaaaaaaAaaaAaAAAAAAAAAAAaAAAAaAAAaAAAaAAAAAAAAaAAGGGAAGGg	DEEEFFFFFFFFFGGGGGEFFGGGFGEEFEEEEEDAEHEEEEFEEEGEE@GDDDDDDBFEBBCDCBBCC@	A	64	G	6	1	78430685	78430694
1	150130983	G	111	GGGTTTGTGgGTGGGtGGTGTTGTGTTTTTTTTTGGGGGGTTGtGTGTgTTGTGgTGTGTGTTggTTggTGGTGgGTTTGTGGgTTGTTGGGGTGTtgGGGGGgGGGGTGG	DDEFGEEGEFEGEDEECEGEGGAGEGFFGGGGGGEDECDEGGEFDGDFCFFDEBGFDF<FC@FHHFFGGFDDFDGDEFFDF:DGEFDFFDDCDEDFFGEDCABAAABAAAA	G	63	T	48	1	150130978	150130987
1	164529287	T	43	GtGTGGGggttttTtTTTtttttttTttttttttttttttttt	@C;=B@BBB@EDEEEEEEEEEEEEDEEFFEFFFDDFFCFFEF@	T	36	G	7	1	164529280	164529289
1	172399348	A	68	AAAAAAAAAAAAAAAAAAaAAaaaAaaAaAAAAAAAaAaaaAaaAAaAAaAAAAATTTTtATATAaaa	AEFFEFCFFEFFCFFFCFGFFGGGFGGEGFEEEEECGBGHGDFEEEEEEEEED?FFECB>A?<C?DDD	A	61	T	7	1	172399342	172399351
1	175324521	A	32	TATTATATATTATTAAATTATATtAAaTttAA	FCFFFAEE9BFFFFFFFEEEEEEFEEFEFFED	T	17	A	15	1	175324514	175324523
1	186114441	G	28	GGGTTGTTTTGTTGGTTtGTTTTTgtGg	GGDFGFFGGGGGEGFGGEFFFFFFGDG<	T	17	G	11	1	186114439	186114448
1	214826811	T	50	TTttttTTTTTtTtttTTTtTtTTTtttTTTTTttTTTTTTTccTccctc	D@ABBCFE@GGDGEEEFGGCGEGGFEEEGGGGFEEGGGGGGFFEFFFGEB	T	44	C	6	1	214826806	214826815
1	227222515	G	92	GggGggGggggggGGgggGgGggggGgggggGGgggGGGGGGGgggGggGggggGGGgggGggggggGggGggGgggggggggggaaaaaaa	C???BBBBBABDDFGFFFFFGFFFFHFFFFFGGFFFDGCFGGEGFGGDFG@GAGGGGFGGGGEGFGGFGGFGFFGGEGGGEG?GGDDEAA@>	G	85	A	7	1	227222511	227222520
1	236978996	T	60	GgggggttttttttttttttttttttttttttTttttttttttttttttttttttttttt	EC?@BBEDDEEEEEEEEEEEEEEEEEEEEEEEEEEEFFFFFFFFFFFEFFFFFEFEFFF>	T	54	G	6	1	236978988	236978997
1	237965131	G	61	gGGGGaAGaGgAAGAGaAAGGAAGAGAAAaGAGGgGgGgAAGgaAAGAGAGAGAgAGGgGg	C><BCEHCEAFHHAHC6HHCCGHCHBGHH@BGBCEBEB=GGB9FGGBGAGBGAGGGBA?@?	G	34	A	27	1	237965129	237965138
2	9552379	C	32	TCTTTCCTTCCTCTCTtTCcTTCCTCCCCCCc	FGEGGGGEFGGGFDGFHFF@FFFFFGFBBBA5	C	18	T	14	2	9552379	9552388
2	32481795	T	47	TTTAattTTttTTAATAaaATATtATtaaaAaTATAAattataaatt	BCDFFEEBEEEEEFF;FGGEEFE@FBFGGGEGDEDEEGGGGFGFFA?	T	24	A	23	2	32481789	32481798
2	37373982	A	97	aAAAaATAAAAAAaAAAAAaAAAAAAAaaaAAaaAAAAAaAAAAaaaAAaAaAaAAaAAAAaAAAAAAaaAAAAAAAAAaAaAaaAaTttattTttT	C@FFFFDFFFFFFFFAFFFFEFFEFEEGGEEFEGFFFFFGFFFDFFGEEGDFEGEEGEEEEGEEEEEEGEEEEEEE>EEGEGEGEEEGEGEDDC:AB	A	87	T	10	2	37373978	37373987
2	55187295	G	47	AAAAAGGGGGGgGaGagGAaGAAGGGGAggagAGGAAAaAAaGGaag	CCBHCCC:BB>DCGCGDCHGCHHCACCHDDGDF;@HGGGGGHBBGGC	G	24	A	23	2	55187293	55187302
2	62112222	G	58	agaggaagaaggggaGggGagagagAGAgaagagagggaGggggaggagagggggagg	CCCABAA6B5BBCBBBDFDDFCFCFEB9FDDFDFDFFFDEFFFFDFFDFDGFGDFE?E	G	37	A	21	2	62112217	62112226
2	70901785	A	34	aGAAAAAaGAAAAGGAGAGGAGAAAGGGGAGaAA	DBHHHHHECHHHHC;GBGCC:BFGGBA9@GBEGC	A	21	G	13	2	70901784	70901793
2	74273383	T	73	TTTTTTTTTTtTTTTTTTTTTTTTTtTTTTtttTttTTTTTTttTtTtttTTtTTttttttTTtTtccCCcCT	=ADCEEEEEE?EFFEEEEDDEDDEEFEEEEE>FDEFEEDDDDFFCFD>DFDDFDDFEFEFFDEED>@=7@<CC	T	67	C	6	2	74273379	74273388
2	98795876	T	129	GgggggggTTtttttTtttTttTTTTtTtTtttttttTTttttTTTTttttTTTttTTTTttttttttTtTttttTtttttTttttttTTtTttttTttTTtttTtttttttttttttttttttttttt	BCA?C>>BA@CCEEDFDEDFEEEFFFEFDCEDEEEEEFBEEEEFFFDEEEEBFFEEFFF;EEEEEEEFE?@EDFF@FFFFFFFFFFFEFFBFCFEBFFF?EFFFFFFFFFFFEEFFGFFFFEFFEBAB?	T	121	G	8	2	98795869	98795878
2	108998798	T	50	TGATTTAATATATTATAGAATGTTTAATtaaTaaatTATAtATTTTTTTg	GCFGGHCFGFGFGGE8F9ECGGGGGFEFCEEEEEEDFEADEDEEFFDABB	T	27	A	19	2	108998793	108998802
2	120704166	G	33	TggggtGggTGgTGGGttggTTttgtgggtgtg	@CECFDHFFDHFEHGHEEFFEEFFEFGGGFGFD	G	20	T	13	2	120704160	120704169
2	128394877	C	132	CCcCtTTCCCTCTcccCcTttCCTTtCCcCttCCtTCTTCtttcCTCcTtCTtctTTtTCCtcccTCCCctTTCtcTCTcTCtTcCCttTtTCtCCTctctttCccTTTCctCtCCCCCttCCCCCccCcCC	ADBDFDGDDCGDGBBBDBGGGDCGHGDDBDEGDDEFDGFDFHHCDGDCFFDGH;HGGAGBDGBC=GCCCBHGFCHCFDFCGCHFCCCHHFIFCHCCFCHCHHH=BCFFFCCHCHCBBBCHHCCCBC?>@6A?	C	73	T	59	2	128394873	128394882
2	141598473	A	71	AAAAAAAAAAAAAAAAAAAAAAAAAAAaAAAaAAAAAAAAAaAAaAAAAATTTTttTTTTTTTTTtTTTTT	C:EFFFFEFEFFEFFEFDEEEBBEEEEGEEEFEEECDEEEEFEEGDDEDDEEEECDFFGDBBCBC=A?B?@	A	50	T	21	2	141598469	141598478
2	153415244	T	41	TTTTtTTTCCttTTTTtTCTCCTtTccttCTCCTtTTTCTT	EFEECAEEGGDEDDDDEDAD?@AFCA9FBFDFFC8CCABAC	T	30	C	11	2	153415240	153415249
2	183960147	T	44	GGTGTTGGGGGGGGgGggGTGGTGGGGtGTTGTGGTGGGGGGGG	HHDHEEHGHHGG;GGHFGFEGGDGFGGBGCDGDGGDGGGEECCC	G	34	T	10	2	183960139	183960148
2	210673521	T	41	TTTtTTGTGGGGGGGGGGGGGGGGggTGGggGggGgGggGg	?GGFGDBFCCCCBCCBCCBCCCCBDDFBBDDBDDBDC>>C@	G	33	T	8	2	210673517	210673526
2	234294563	A	178	CCCcCCccccAaaaAaaAaAaaaAAAAAaaAAaAaAaaAAAAAAaaAAAAAaAaaaAaaAaAaAAaAaaAaAAAAaAAAaaAAaAAAAAaAAAAaAaAaaAaaaaaaaaaaAAAAAAAAaaAAAaAAaAAAAaAaAAAAaaAaAaAaaAaaaaAaaaAaAaaaaAaAAaaaaaaaaaa	;??CBA=BCBACCEDGEEFEEFFEEEEBBFEEFEEEFF@CCE@EFFE6EEEFEFFEFFFEFEEA=FEFFEEE?EEFEEEGGDEFCEEE5GDEDEGEGEGGEGGGGGFGFGGBEEEEEEDFGEEDBDEFDDDDF=GDDDDGGDGDGBEGDEGGGDEGGADDGGGGDGDCFGFD@?@BFB	A	168	C	10	2	234294557	234294566
3	15613279	T	40	ttggtttttttgtggtgttGgttttggGagggtggagtga	CAC>@@AAA@@FDFFBFDDDFDDGDFEG<GADEG?DGE<C	T	19	G	18	3	15613275	15613284
3	36422392	G	36	ggggggggggggggggggggggggggggggaaaaaA	CC@ACDB?CCBA?CCCCCCDDDD=DD@CDCGFEFGE	G	30	A	6	3	36422388	36422397
3	47038136	G	61	AaAAaAaagGgGGgGgggggGGggGgggggggGggGggGggGGgggggGggggggGGGggG	@DCCEDEEBFCGGCGCCCCCGGCCHCCCCCCCGDDGDDED>GGDADDDFDDEDDDFAFBAB	G	53	A	8	3	47038131	47038140
3	52676065	C	44	cccttctttcctCcCtTccCcCTtCttatCcctccccccctctc	C?B@@E@BBHFDDAGAEAG;GDGB?DDED7EGABHB@BGGEHD=	C	27	T	16	3	52676061	52676070
3	52960261	C	41	ccacAccccaacAccAcacacaccacaaccAcacccaaaaa	C@FBFBB=BFFBABBFBFBFBBBBGCFFBBF>GCCB=DGGF	C	22	A	19	3	52960252	52960261
3	58395501	G	36	gggggggggGggGgggGagaaaaaggggggaggaag	CCBBBCDCC=GECFFE9DFDCDDCDFEEFGEDCEEA	G	27	A	9	3	58395497	58395506
3	88199185	T	171	TTTTTTTTTTTTTTTtTTTTTTTTTTtTTTTTtTttTtTtTTTTTTtTTTTtTTtTTTtTtTTTtTTTtTTTTTtTTTTTTTTtTTTTTTTTTTTTtTTTtttTTTTTTTTTTTTTTTTtTtTTTTTTTTttTTTTtTtTTttttTTttTTTTTtTtCTTttCCccCCCCC	BBBAEEEECECEEEDEFEEEEECEEEEEEEEEEEEEDEEEBEEEEE;EEEDF@EFDEEBDFEEEFEED9EEEEDCECECEEECFDDDDDDCCDDDDFDDD?8EDDDDDDCCCDDDDDDDEDFDDDDCDDDFFDDDDEDEDD?CEEDCEEDDDDDBC@AA<8A>@>@AAAAC	T	161	C	10	3	88199181	88199190
3	101576029	T	54	TTTtTtTtTTTTTTTtTtTTttTtTTTTtTtTTttTTTtTTttTTTTtCCCccc	C;AABADEDEEDDEACFDFEDDECFFFEDFDFFECFEFEFFEEEEFFE?C?EAD	T	48	C	6	3	101576025	101576034
3	128859202	C	112	CCCcCCCCCCCCCCCCCCCCCCCCCCCCCCCCCCCCCCCCCCCCCCCCCCCCCCCCCCCCCCcCCCCCcCCCCCCCcCccccCCCCCcCCCCCCCCCcCCcccCCCGGGGGg	AB?BBGBDGGEGEGDGGGGEGGGGGGFGGEGEFDGFGGDGG@GGFGGFF;FGGFFFFFFFFFDFB?FFFDFFFFFFGFAGGGFFFBFFFFFFFFFAEGFFEGGEFG??BBCD	C	106	G	6	3	128859198	128859207
3	150420606	T	54	TtTttTtTttTTtTTTTtTTTTtTTTtTtttttttggggtTTggggtgttttTT	BDEEEFECEEFFEFFFEDFEFBEEEEFEF??EFEEDD>8AEAGGDGF>?DD?CC	T	45	G	9	3	150420604	150420613
3	150420608	G	51	GgGggGgGggGGgGGGGGGGGGgGGgGggggggttttgGGttttgtgggGG	@BCDFHFHFFHGDHHGGGHHHHGGGEG>DBB<CFFFF@G8FFEFDF=CFED	G	42	T	9	3	150420604	150420613
3	172224771	T	34	ttttttaatatTtaTatttaatataatttatatt	CEEDEDFFEFFGEFGFEEDGEFEFGFFFFHFGFF	T	22	A	12	3	172224765	172224774
3	190106074	G	138	GGggCggGccGGGCgCCcCcGGcCgCGGgGcggcccGGcGcgCCcCCGGGgCCgCGcGgGcCcGcCCGGcgGCCCGcGccCcGgggCCCccCCcGgGGgCCgcGGgcgcGcggcCGgGGgcgcCGCgggGgGgGgCcc	B:FGGEDEDDEEEGFGFDCDEEDEFFEEEEDCFDEDEEDED:GFDGGEECAFGFEEEEFEEGE@EFG>EEF?GFFEEE;BBEEGGFFEFEDFEEDGD@GEEF?DDFEFE?EGGDEDEDDFDGEEDFFFFCBBB@8A>@	G	73	C	65	3	190106067	190106076
3	191888452	G	28	aggggagggGgagggAgggaggaaaaag	CADDECFFF?FDD>FFFDAD??EEEEEG	G	18	A	10	3	191888448	191888457
3	191888454	A	27	aaaagaaaAagaaaGaaagaaggggga	BBBCDEEEDDFDDDFDDCFDE>EGEGE	A	18	G	9	3	191888448	191888457
3	197421124	A	72	aAGGAAGgAAAaaGAaAGGAAGgGAaGGAAgaaaaGGaGgAGGgAGaagGagggAaAaAgAGaAgaAAGaAa	EFEEF6EDEDFFFEEE@EEFDEGEFGEDFFGGGGGEDGDGEDDGEDGGGCHFFGEGEGEGEDFEGEE?ABCD	A	42	G	30	3	197421117	197421126
4	1087171	G	85	GGGTGGTTGTGTTTGGTTGTTGTGgTGGTTTGGTgTGGggGGTTGTGGTGGGGTtTGTTGgTTTtGtTTTtGGGGGgGTttgTGg	BB>EHHEEHBHAEEHGEEG;EHEDGEFHCEDFGCFDGGBGGF?DBDGGDF?GGCDDGDDGFDDDFGFDDDFGDHFD@CA>ABA?A	G	45	T	40	4	1087164	1087173
4	17634255	G	57	aGAgggAgaggaaAgagagAGaaAGggAAgGggagggaGGgaaggGgaagagGGGGG	C>ACF:FDEEEEE<FEEEFFEEEFGFFFFFGFEEDGEFFFFEFGEFFFFFFGFEFC@	G	35	A	22	4	17634252	17634261
4	87812588	A	63	AAAAaTAAATATtTTTAAaTaaAAAaaatAtTAaTtTatATattAtatTtaaaTATATaAATT	ABDFDEDDEEEADEEDDEEEEEECCEEEDDDDCED@DEEDDBEEDEEEDECEDDDDCDEA@CC	A	36	T	27	4	87812582	87812591
4	129029009	G	93	GGGGGGgGGGGGGgGGGGGGGGGGGGGGGGGGGggGGGGGGGGGGGGgGGGGgGGgGGGGgGGGGgGGGgGGGGGggGGGaaaggAaaaaAAa	;@A9EDFD8E?E@EEEBAEEEE@E?EEEDADDDEGDDDEDDDDDDCAG@=DDGDDGDDDDEDDDDGCDDF@CDEDFECBB??:@A?>>==CCB	G	82	A	11	4	129029005	129029014
4	184587663	G	59	TTtttttGgGGgggGggggGGgGggGgggGggggggggGgggggggggGggGggggggg	DDAACC?AGBBFFEAFCFFCAFAFFCFFFCFDFFFFFFCFBGFFC6GFCFGCGFCCFDD	G	52	T	7	4	184587654	184587663
5	7885794	T	41	TTTTTTTTTTTTTTTTtTTttTTTtTCcttTTCTCCCCCCc	=AADEEEDEEEECECEFCDE:DCDCDFDEFCDCAAACBCCA	T	31	C	10	5	7885790	7885799
5	76376480	A	31	ttttttaaAaaaaaaaaaaaaaaaaaaaaaa	AC?CCACDCCC@DDDDDDCCDDEDDEEEDEE	A	25	T	6	5	76376474	76376483
5	96111805	T	38	TTGGGtgTGGGTTgGGGTgTGTttgTtgggTTTGGtgG	FFEFEHDEDEDFEDED>EDEDEIHDEGDBDEEC>@B>@	G	21	T	17	5	96111797	96111806
5	131320961	C	50	CCCCCCCGGGGCCGGCCCCCCGcGGGCccCCCCCGGGgGccGCGCcCCcg	:AFGGGGEE8EGGEEDGFGGGAGEEDGAHFFFFCDDDGDHHD@CFHFD:D	C	32	G	18	5	131320955	131320964
5	135700900	G	65	GGgGGGGGGGGgGGgGGGGGGgGgGggGggGGGGggGGGgGggggGGgGGGgGGggGggAAaAAa	=?FEEEEFDBEFE@FDEEDDBGEFEGGEGCDDDCGGCDCGDGGEGDDBD<DGDCDEBA=CA=C?A	G	59	A	6	5	135700896	135700905
5	137292133	C	96	CCCCCCCCcCCCCccCCCCCCCaCCCcCCCCCCCCCCCCCCCcCCCCCcCCCCcCcCCCcCCCccCcCCCCcCCcCcCCCCcccCCCcCcAaaaaa	B?GGFGGGGEGGEHHFFGFFFEEGFGHGGEDGGFFFGFGFEFHGFGEEHFFFEHEHDFFHFEFFHEHEFFEHFEHFHFEEFCGGCCBCAC?BBB>B	C	89	A	7	5	137292129	137292138
5	139931629	C	98	GGCCCgCCGCCCCCGCggCcCCccCCCGCCGCcGggGcCCCgGCgCGGCGcCGgcgcccCCGCccGGgCcGccGCCcccCcccCCcGcCgccCcCGGg	DBEFGDGG@FGGFGCGCFEGGGHFGGGCGGCGHCGG=GGCGGCGGGCCGCCGBDHGHGHFFAFHHBBGFHBHGBFFHHHFHHFFFHBHDFGFFE>A@D	C	65	G	33	5	139931625	139931634
5	139931779	T	38	ttTAAAaaattaaAaAAatAaAtTttaTataaAAatTt	EDFFFFDDDDDDDFCFFEEFEFEFDEEEEEEEEEEEEB	A	23	T	15	5	139931772	139931781
5	150887187	T	30	aAaaaTtttttttttttttttatttttttt	??B<C>BBABD:DD@DDDDDD9CE@E5BEE	T	24	A	6	5	150887180	150887189
5	175307293	A	43	gaAaaaAgggAAgagaGaGaAaaaagaaaaaggggaAgaaagg	?CBFFFHCCCHHCFCFCFCFHGGGGDGGGGGDCCD=GDHGG=>	A	27	G	16	5	175307289	175307298
6	4937747	A	40	AAGAGAGaGGGaGGGAAGGGAAAGgGAGAAAGaGAagAGa	FFGFFBFGFFFGEF=EEECFEEEFDFEFEEDFGCB@<C?D	A	20	G	20	6	4937738	4937747
6	11192522	C	27	CCcCCccccCCCCCCCCCCCCTTTTTT	:DFDDGAGCCCCC?CCCCCBBFCCCD?	C	21	T	6	6	11192518	11192527
6	18222102	C	86	CcCCCCCCCCCCCCCCCCCCCCCCCCCCCcCCCCCCCCCcCCCcCcccCCCCcCcCCCCCcccCCCCcCCCcCCCCccCTtCtTtt	BACGGBGFAGHGGGGGEGGEAGGEDFFFCGFFFFFDFFCCFFFFFGGGFFFFFFGFFFFFEGGFEEFGFFFFFFCCDCCBAC>CCC	C	80	T	6	6	18222098	18222107
6	80749390	G	26	GAGAGAAAAGaGGGAAGGGAAaGGAA	HEHEGDDDDGEDGGDDFGGCCG;DA>	A	14	G	12	6	80749386	80749395
6	122720813	T	71	TTTTTtTTTTTTTTTtTTTTTtTttTTTttTTTTTTttTTTTttTtTTTctCtCCCCCTCcccccctCcCt	?;@CGGGFGGGGGEGDFFGFGEGHGGBFHHFFFFEEIHFFFFHHFAFECBGCHCCCCCFCDCCCCBBC>@@	T	54	C	17	6	122720809	122720818
6	165863695	C	106	CCCCCCCCCCCCCCcCCCCCCcCCcCcCCCCCCCCCCCcCCCCCCCCCCCCCCccCCCCCccCcCCcCCCccCcCCCcccCcCCccccCCCCCCCCCcacAaaAaa	CDDDDDDDDDDDDDHDDCADDGDCHDHDDD@DDD8DD@HDDDDDDCCCC?CCAHHCCCCCHGCHCCHCCCHGCECCCHGGCHCCHHCHBBDDDBABAA>B@>>CBB	C	99	A	7	6	165863691	165863700
7	2773035	C	99	CCCCCCCCCCCCCCCCCCCCCCCCCCCCCCCCCCCCCCCcCCCCCCcCcCCCCCCCCCCCCCcCCCCCCCCcCCcccCCCCCcCCCcCCCCcTTtTTTT	D;BGFGGGAGGCDGGEGGGFDGFGGG=GAGGGGGFCEGFGFFGFFDHFHFFFFFFFFFF<FFHFFFFF?FFGFEHHFEFEFFGEEFGGG@DEBCCB>AA	C	92	T	7	7	2773031	2773040
7	4871879	C	79	CcCCcCccCCCCCCCCccCccCtcCccCcCcccCCCcccccCCctccccccCcccccccCcCCCccCccccccttcctt	AGDGGGFGGCGGGDFHFFGGCGEGAGEGGGHGFGFGHDHGHGGHHHCGGHHGH>HH:HHFH?EFHHFHCDGHHGGEDCC	C	73	T	6	7	4871875	4871884
7	22896342	C	64	AcACccccaaAcacccccccCCcccccCccccccCccCccCccCCACcCccccCcccccccccc	CCA?BBEDEEHDEDDGGDDDGFDGDFGG:CDGDDGAEGHHDHHGGHGEDEHEECHHGGCHHHGH	C	57	A	7	7	22896336	22896345
7	22896343	C	62	CCccccccCccccaacccAAcacaaAaccaccAacAaaCaaAACAccaccaaaacaaaaaac	AACADCBDGDDDDEEDDDHGDEDDEI?DDEDEHBDGEF7FFGHGHEEFEEFFCFEFFCFEFE	A	31	C	31	7	22896336	22896345
7	76941547	C	34	ccAccCAcCAcaacacccccaacacaccacaccA	C??>=DABGFBFFBFBBBBBFGAFCDBAFCEC@E	C	21	A	13	7	76941545	76941554
7	99710586	A	38	GggggGgAaAaaaaAaAAaaaaaaAaaaaaaaaaaaaa	B>CBB?CAC?CDDDFDFFDDCADE?DCDEEEEBEEEEA	A	31	G	7	7	99710580	99710589
7	100371473	C	101	CtCTTtcccCTtcttTcctcCccCtcTtctccccCtcTcTtTCttttcccctCcCTCtcCTctcttcttctctcctCtcttcttccctcccctctttTctt	<@?@@EEDD@CEDHGFFFFGCGGDGGGGGGGCGGDGGFG6GGEGEGGGFGGGDFDGDGFDGFGGHHHGHHHHGHHHDHHGHHHHGHHFHHHHGHDHHDFED	C	53	T	48	7	100371472	100371481
7	100371474	G	96	AgAGGgaaaGgaggGgaAgaGgagaaaaAgaGagGAggggaaaagAaAGAgaAGagaaggaggagagaagAgagggaggaaagaaaagagggGagg	EAC@>BC?ACBACDFFFGFFHFFFF8FEHFFHFDGHFFFFFFFFDHFHHHFFHGFEFEGGGGFGGGGGGFHGGBGGFGGFDGGFGCGFFGGGDFFD	A	48	G	48	7	100371472	100371481
7	100607642	C	58	CCCTTTcCTTCTCCCTCTcCCCTcCCCCTCCCTCcCCTTCCTttCtCTCTTTTCCCcC	D@DGAGDDGGDGCCAGDGDCDDFECACCFCCCFCE@CFFCCFEECFCFCF?FEBBCDC	C	36	T	22	7	100607639	100607648
7	100607646	T	61	TTTCCCtTCCTCTTTCTCtTTTCtTTTTCTTTCTtTTCCTTCccTcTCTCCCCTTTtTCTc	GGGDDDEGDDGDGGGDGDE@GGCFGFFFDF@GCCEFF:CFFCGFFGECFCCCCCFFFE@?D	T	37	C	24	7	100607639	100607648
7	100607703	A	130	AAAAAAAAaAAAAAAAaaAaAAGAAAAAAgGAAaAAAAAAAAAAAaAAAgaAgGAAGaAAaAAGAAAAAaaaAAaagAAaagGAAaGAGAaaGAAAAAagaAaAAaAaGagAaaAaaAAaaAAaaaaaaa	A>DBEE?EFCE9ECEDFFCFCEHEECCEEGHEDGDEEEEEDEEEEG<EDGBCGHEEH<EEGEEFCDDDEGGGDEGGGDDGGGDCDHGDGDGGGDDDDCGGGDGDDGDGGGGAGECE>DCG8DDCCB?>DB	A	113	G	17	7	100607696	100607705
7	100607706	T	135	TTTTTtTTTTTTTttTtTTCTTTTTTTcCTTtTTTTTTTTTTTtTTTctTcCTTCtTTtTTCTTTTTtttTTttcTTttcCTTtCTCTttCTTTTTtctTtTTtTtCtcTttTttTTttTTttttttttTtttTT	?BADFDFFFFFFFEDEEDFBF<DEFFDDGFFFFFFFFFEFECEFEFFDBFEGFFFEFFFFFGFFFFEFFFDFFFEEEFFCFEEFFEFEFFEEEDEEFFGEFEEFEEFFEDFEEFEEDAEDDEFBB@AA9A>>>CC	T	118	C	17	7	100607705	100607714
7	100607707	T	140	TTTTTTtTTTTTTTttTtTTCTTTTTTTcCTTtTTTTTTTTTTCTtTTTctTcCTTCTTtTTCTTTTTtttTTttccTTttcCTTtCTCTttCTTTTTtctTtTTtTtCtcTttTttTTttTTttttttttTtttTTTTT	====ADDEEEEEEEEEBEEEDE8DEEEEEDEEFEEEDEEEEBE@EFDDDEFEEDEEDEEFEEDEEEEEFFFDEFFE:DDFFECDDECDCDEFCDDDDDFEFDEDDFDFCFEDFFDFFDDFECCEFEECCC>B>?>@@AC?	T	121	C	19	7	100607705	100607714
7	100607709	C	144	CCCCcCCCCCCCccCcCCTCCCCCCCtTCCcCCCCCCCCCCTCcCCCtcCtTCCTCCcCCTCCCCCcccCCccttCCcctTCCcTCTCccTCCCCCctcCcCCcCcTctCccCccCCccCCccccccccCcccCCCCCCtcctt	<8>?EBD@DDDDFFCFDDGD6DE@EDEGDDFDDDDDD?DD@GDGDDDFBDFGDDGDDGDDGDDDDDGGGDCGGFFCDGGDFCCFFCFCGFFCCCCCGFGCDCCGCGFFECGGCGDCCGBCCFGGGFFFECCCCBB@A@BABB>C	C	122	T	22	7	100607705	100607714
7	143094635	A	69	GAGAAAGAGAGAAAAGAAGAAGGGGAGGGGAAgAaGAgGGAAAAAGGAaGAaAAGGaAGGGaaGAaAgG	BEEFEEEEEFEEFFEEDFEDEDEEDDEDCD?EDAGDE<DDEEEEDDDEGDDFCDCDFDDDBDCB>@?<C	A	38	G	31	7	143094626	143094635
8	3046635	G	59	GgGtTGtgtTGtTgtgtgGGgtgtttttttggggtgggtgggtgtgtgtttgggtgttg	AB?BADDFDDHDEFEFE?HHFEFEEEEEEEFFDGFGGGFGFFEGFGFGFFFGGGFGF6F	G	31	T	28	8	3046631	3046640
8	29023426	T	31	cttcCttctcccccTcTctttcccctttttt	AABC@=EEEFFFFFGFGFEECEFFGEFF<FE	T	16	C	15	8	29023417	29023426
8	75664695	A	107	CAAAAAaaAAAAAAAAAAAAAAAAAaAaaAaaaaAaAaaAaaaaAAAAaAAAAaaAaAaaaaaAaaaAAAaaaaaaaaAAAaaAaAaAaaaAAAaAaaAaCcacccc	B@AA@@CEHGHHHHHHFHHHHHHHHEF;EH?EFEHEHFEHFFFFECHGFHHHHFFHFHFFFEEHFFEHHGFFFFFFFAGGG@FGFFFGEFEGGGFGDDB>=8>=?BC	A	100	C	7	8	75664690	75664699
8	113655644	A	40	ATTTATaCTATTTTTTttAtAtatatATttttattTaaaA	E8GGEGFFGFGGGGGFFFFFFFGFG;EFFFFD@FFFGFEC	T	25	A	14	8	113655639	113655648
8	142445538	T	52	tTcttcttTCCCcctCCcCCtTttTTTtttTttTTTTTtTTTtTTtTTCCcT	B@EDECEEF@>FD9EGFCGGFDFFEEEFFFEFFBDEEEFEEEFEEEDE?B??	T	37	C	15	8	142445536	142445545
8	143784233	G	62	GGGgAGgGAAGAAGgGGagGAAaAaggAGgGgGGGgAGAGGGGagaGGGgGgGGGGAagGGG	CDGFHGFGHHGHHGEFFEFGGHEHEGGHFGGGFGFGGFGFFFEEGEEFFEFGFFFFGEGECB	G	44	A	18	8	143784228	143784237
9	12708958	T	58	TTTTTTTTTTTTTTTTTTTTTTTTTTTTTTTTTTTTTTTtTTtTTTTtaAAaAAAAAA	EE=EEEEEDEEEEEECEDDDDCDADCDCDDDDDDDDDDDEDDEDCDDDAA?><6@AA?	T	48	A	10	9	12708954	12708963
9	90258415	T	109	tTtTtTttccCcttCtTTccctctcccctcccCcTctCtcttcTtctTTcctctttccttcccctcTctcCtctttTTccctcTttccttttctcccccCtttttttcc	?@BBDDEDDDD@EEDEEEDDD=DEDD:DEDADDDEDEDEDEEDEECEBDEDFEFFFEEFFEEEEFECEFDDEDEDFEE@EEFDEF@EEFFFFEFFCEEECFFFDDA>?B	T	57	C	52	9	90258408	90258417
9	113234622	G	86	CccCCcggggGGGggGgGggGgggGGgGgggggggggGgggggggggggGGGGgggggGgggGggggGgGGggGGggggggggggG	DC@AADFFFFGGGFFFFGFFGFFFGHF:DFFFFFFFCGFFGAEGFGGGGFGGGEGGCFGGGG:GEGGGGFFGEFFGFFGE?@B>?A	G	80	C	6	9	113234614	113234623
9	130486384	C	37	TCCTCCCTTTCTCCCCTTCTCCTCTCTCTCCCcCCcC	BCEAGGEGDDGFFFFFFFFFFFFFFFFEE<EFAAB;=	C	24	T	13	9	130486381	130486390
9	133996460	T	48	GGTGTGGGGTtGTGGgTTGgTTGGGGGGGTGgTGGGtGGGGGGgGggG	?HDHCHHHH>HHEGGDDDFD<AG@GGGGGDGBDFGGHFGFF@D>C=??	G	36	T	12	9	133996456	133996465
9	137968919	G	96	GgGGggGGGgggGGGGGGGGGgGGgggGGgGGGGGGgggGGGggggGGggggggGgGGGgGgggaGGGggggGGgGGGGGgGGGGAGAAaaaaaaa	?C=GFFGG=FFFGDDGGBGGHFGGFGFFGFFAGDGFGGG=GGEEFEGFG<GFGGFGFCFGFFFCEFFFFAGGFFGEFFFFGFE<FEGECDCCA@B5	G	85	A	11	9	137968915	137968924
9	138606586	T	122	ttttTgttTTCtccCTtCctcTtCTTctTtcccCCTTTCttTtcCcttCTCcTcTCtcCtcCCtcctCtcTCttctccCTCTtcttCccctctctttTttccCttcttttccccctccctcc	AC>E<DEGE>FFABFFGFBGBEGF@EBGFGBBBGGFFFFGGGG<EBGGFFGBFBAGHB>GBGFFC@GFHB7DHHCHCCFEEFGCHCEBCCHCGCHCHEHH>BEGHCGHHHCCAACFCCBH7>	T	62	C	59	9	138606577	138606586
10	3193558	A	38	GaAgagagGagAGgGGaaAAaAaAaaaaaaaAaaaaaa	A@;CDCEFHDF@HFHHDDEEDEEEEEEEDD@EEEED9<	A	28	G	10	10	3193553	3193562
10	31000310	C	33	CCCacCCACCAcccACacccccccccacaacaC	<GGEDHGEGGEEEEEGFCEEEEAECFEEBFEFF	C	24	A	9	10	31000305	31000314
10	44873992	C	94	CCCCCcCcCCCCcCCCCCCCCCCCCCCCCCCCCcCCCCCCCCCCCCCCcCCcccCccCcCccCCCccCCCCCCcCCCCCCCCTTccTCTTCCCt	A?@DDDDDDDDDDEDDDDADD8D@6DDDDDDDAECD8CCCCCCCCCCCECCEEECEECDCEDCCCEECCCACCECBBBCCCBCD>B?@DD=A?=	C	88	T	6	10	44873988	44873997
10	108371571	A	32	AAAAAAAAAAAAaAAaAAAaaAAaaATTTTTT	@DDEF>EEDDEEGDAHDDDFGCCEGCBBB5>A	A	26	T	6	10	108371567	108371576
10	135103311	C	74	CCCCccCCCCCCCCCCCTTTCtCTTtTTTTTTTTTTTTTTTTTTTTTTTTTTTTTTTTTTTTTTTTTTTttTtt	DDDDBCD7DDCCDCCCCFFFCHCFFGGFEFGGFGGFFFGDGFFFGFHFFFFFFFFGFFFEFGF7GFFFFHGF?C	T	55	C	19	10	135103307	135103316
11	373404	G	25	ggaagAgaAGGggAAGAGGgGgGgg	ACBDEFFBF8FGGAEAEEFGFFGF=	G	17	A	8	11	373404	373413
11	800485	T	170	TTtttTATatATAaataaaaTtTTattATtAAaatTaaaTAtaaTaATTaTAaAtaAataaAaaattATatTAaaaaAATttTAtATATtTTTatAaatTataAAAtTAaaAaTTTTattTATAAtTTtTtAAataatTATTTtataAttTTTTaAtatAAAAaatAatt	?<CFEFGFE<HGHFF:FFFCGEGGFEEHGDHHFEEGFFEG=DFFBFHGGFGHFHEFDFEFEHFEGFEHG=EGHGGGFGHGFDFGFHDHGFFGG@EHGGFG:FFEHGFFHGFGGFFFFABCGGFGGFFFG9?GGGFG=BFGFFFFFFFG<FFFFFGC?GDGGFFG@>GCA@	A	87	T	83	11	800482	800491
11	800486	C	174	cCCcccCTCtcTCTttttttCcCCtccTCcTTttcCtttTCTcttCtTCCtCTtTctTtcttTtttccTCtcCTttttTTCccCTcTCTCcCCCtcTttccCtctTTcCTttTtCCCCtccCTCTTcCCcCcTTtctttcCTCCCctcctTccCCCCtTctcTTTTtccTtccC	????@@FFFG@GGFGGFFGGGBGGCB@GG@9:FGBGGGGFEEBGGFGGGGGGGGD@GDGBGH9GFGBBGGCBD=GHHGDGGCCFFBGGGGCGFGBAGHHCCGFCHFFCFGHHFHFGFFFCCFFFFF>FFC=:FF@CHH8@FFFFFCHCCGECCFFFFH<AHCFFEEH=BEF>>5	C	87	T	87	11	800482	800491
11	5013424	T	73	GGtgtgGtttGtGGGttgTtttTtttttttttttttTtttTTttTtTttTtTTtttttttttttttttttttt	EAA?CAB5?CGFFFGEEFEEDECEEEEEEEEEEEEEFEEEGFEEFEFEEFEFDFFFFFFEECFFEEE:FAF><	T	63	G	10	11	5013419	5013428
11	45944994	G	67	GGGGGGGGGGgGGGGGGGGGGGGGGGGGGGGGGGgGGgGGggGGGGGGGgGGgGGGCCcCCcCCCCc	DAEEDEFEEEFEEEEEAEEEEEEEEECDCDDDDDFDDGDDGFDDDDDDDFDCDCCCEEDD9=@@C?B	G	56	C	11	11	45944990	45944999
11	47187067	G	25	gggagaaagaaagGAAgggaGaaAg	CCACA@DECFEFCECBCCA:7GGBA	A	13	G	12	11	47187067	47187076
11	62370490	C	52	CCCcCcCCCCCCCCCCCCCCCCCCCCCCCCCCccCcCGGgcCGGggGCgGGG	=D?BD@DD@DDDDDDCDDDCC:CCCDCCCCCCCCCCCCBB?C=>??:?8A??	C	40	G	12	11	62370486	62370495
11	63682319	A	148	aAAAAaaaaAaaACcccAcccaccCaacCAACAccACaccAACACAaCCAAaAcAaAaaaAacAaaCaAAAaAAACcCCaaCCAcaaCCaCcaCAaAAaCACacaaaaAACAaAaAaaCccaCcccCacAaCacccCaaaAaaaAaaa	DDEHHFFFFAFFEGBBBCBBBFBBEFFBGGHGFBBHGFBBHHDGFHFGGGHFHBHFHFC?HGCHFDGGGGGFHHEECEGGGGGGBGGGGDGCFGHGHHGFHFGCGGGFGGFGGGGHGGFCCH<CCCFGCGGFD<BBFGGGGGGGGDDC	A	93	C	55	11	63682313	63682322
11	72533626	T	59	TCCTctcCCccttctctttttccttttttttttttttttTtTtTttTttTtTtTttTtt	DA??<C?CBBCGHBHBGEGGGAB>GGGEBGGGFBGGGGGGGGHGH:D;CGHGDGHHFDD	T	47	C	12	11	72533620	72533629
11	102398436	C	219	CcCcccCCCCCCccCCttTccccTCcTtCTccTTcTCcttCCctcCtTTCTtctTTctcccTcctCttcCtcTCTCtTctTTtCccTTTTTCcCTCcTCTTTCCCcTTcCttctCCCCCTCCTTcTCCTCCTCTtcctTcttCctctTtCTttcTCTtcCCCCctTCCCtttTCctcTCccCTTTtttCTCTtcCCTccctCcTTCTCCCCCcTctCCT	AC:A?B?>>@@@EFBCEEGFFFFGC=GED@FFGGFGDFEEDDFEFDEGHEHEFEGDGEFFFGFEEDEDFCFEFDGDFGGFGGFDGGGFFGGDFCGDGGDGGGDCDGGGGDFFGDDCCDDFDD=EGDCCGCCFCFFGGFFGFECAFGEFFCGCFGFCFFFCCCCFFFCCCFFFFCCFGFCGF=FFFFFECFCCEFCCFGGGFCFFFCFCBCAABA<9A??	C	122	T	97	11	102398429	102398438
11	102663478	A	69	AgggaGggaaaaaAAaaaaaaaaAaaaaaAaAAAAaaAAAaAaAaAaaAaaAAAaaAAaAaAaaAaaaa	BC?CCDGFBDDDDFFDDDDDDDDFDDDCDFDFFF:EE:FFEEEFEFEDFDEFEDEEEEFEEE>EEEE>B	A	63	G	6	11	102663472	102663481
12	31648725	G	98	GGGGGGaGGGGGGGGGGGGGGGGGGGGGGGGGgGGGGGGGGGgGGGGGGGgGGGggGGGGGgGGGGGGGGgggGGgGgggggGGGGGgGGggAAAAAa	BGGGGGAF?GGGGGGGGFGFGAGG9GGFGGF?DGGGGGGGEFAFFFFFFFDFFFADFFFFF?FFFEFFFFDDDFFDFDDDDDFFFEF?EDA@?ABBBB	G	91	A	7	12	31648724	31648733
12	62114671	T	114	tcTtccCCtTtTTcCTTCtCtCTTtCtcCcTTtctTtCcCCCCCcTCcTTtTtTttcTCcttccCCTctCTtTttCccCtCTtTTCctCCTctcCctcTTCtttTcTTCtTTtT	?CADDDGGEEEEDDGEEGEEEGFDEGEDEDEDEEDE<EEFFFGDEEGEEEFEFEFCEEGEFFEEFFDEF9DFDEFFEEFAFCGDDFEFFFDEFEFCFEDDFF:FDECDEEDC@@	T	63	C	51	12	62114667	62114676
12	100041942	T	48	TTTTTTTaAAATATatTTTTTTTTTtaaTttTtTTTAaATAAAttttA	???EDBEDEDE;EEDEEEEEEEEEEEEEDEECCDCDDEDCDCCECCA?	T	33	A	15	12	100041935	100041944
12	106730034	C	85	ccCccTCTTttCcCTTttcctctctCcTtTTCCCCtcccTTTccccttCCCtttctTtctctttcctccCttctttttcctcccc	CDCGFFEEFEEGFFFFEEFFEFEFEGC=EFFFFGFEFGABFEFFGGFFFGEFFFGEFEGEGFBFGGFGGDEEGFFCFFDGFGFFE	C	44	T	41	12	106730027	106730036
13	28712743	T	67	TCttTCttCCTCtCCcCtCCCtCTTTCTcTTttttTTTtTtTTTTTTTtTtttTTtttttttttttt	B?=CBEEG:GFFGFGBGGF<GGFF5FG;BFFGGGGFEFHFHFFFFDFEHECFHEEHHCHHHHHHHCG	T	52	C	15	13	28712736	28712745
13	48575204	C	82	TCCCCTTTTCTCTCCCCCTtTCCtCCcTTCTCCCCCTtCcTtctCcTTTCCtcTctTCCCTccTTCctTcctCcTTtCTTCC	B>CDDFFGGDEDGDD?DDGD<DDFDDEFGDGDDDDDFFDE<FEECE<=CCCFEFEFFCCC8EEFDBDECCCFBDGDE>EEA@	C	45	T	37	13	48575203	48575212
13	77818100	C	46	ccccccccccccccccccccccaCCCCCcCCCCaCaCCacaacaaa	ACC?CB>CDCDDDDFEEEFFGF;DGCGGEGGGADEAGED7>E@EE9	C	37	A	9	13	77818096	77818105
13	113818817	T	55	tTtTTTTTTCTTtTTTtTTTTTcTtttTtttcTtTTTttTTctTctcccCCccCc	CCFEEEEEFGEEDEEECEDEEEDEEE@EFCEDDD:DDE>DDD9DEFCEDFEC:C<	T	41	C	14	13	113818813	113818822
14	23020825	G	105	gGGgggCcgGCCccCGGGgggGggGCccCGGGGccccCGgCGGCGCgggCcGCGgGGgcGCcCcCcCGCGggcCgGcGGGCCGcGCgGGgCCgCGCCGcgggGGG	C<7>BBADDCBEDCDCCC>FECFEBDDDDCCCCDDDD8CG:CCDCDGGFDEBDBGC@EEBDEDEDDDCBB=GECGBDBBBCCBEBCEBBGCCGC@CCADFGE:AC	G	61	C	44	14	23020816	23020825
14	29261309	A	125	aAAaaaAcAaaAcCCCCAAaAaccaaAcCaCccCCAaAaAaCCAccCcCCCaacCCccccACCAAAccCACaCaCaCaAcacaCCaaCCAccAAaaAcaaaAcAcAACaAAAAaaAAaCCCcCCC	?A?BA@CGFCDFGGGGGFFEFDGGDDFFHAGDFGGFDADFBFFFHHGHFFFAEHGGHHHHFGGFFFFHGEFEG=FEEEEHEHDCFEEGFEHHEEEEE8CDCEHEHEEFEEDDDCDCCABBBA>A@	A	66	C	59	14	29261305	29261314
14	63784407	A	117	AAAAAAaAAAAAAAAAAAAAAAAAAAAAAaAAaaAaaAAaaaaaAAAaaAAaAAaAAAAaAAAAAaAAaAAAaaaAAaAAAAAAaAAaAAaAaAAaAAAAAaAaAaAAAAAGGGGGg	<@@?<EFFFADEFDFBFCFFFFFGFDFEFF9DFFFGGC?AGGGGFFFGGFFGEFACFEEFDFEFEGEE=BEEGGGDEGEEDEEDGEBGEEGEGEEEEEE;D8DDCABB:>>?ABACA	A	111	G	6	14	63784403	63784412
14	68773298	C	163	CCcCCCcccGgCGgCcGcCccGCgcggCgCCcCGCCccgcgCGcCCgCCcgcCCcCGGCGcGgGGGggcgggGggGcGgggGcGcgCcgGgcCCgCgGCgcccgCCcgcGcgccGGcGCggCcCgGGcgGccgggcgCcGCGGGcGccccggccgCcCccccc	A@A<>?FEGGEDGFDGEBDFGGDFGFFDFDDGEFDDGGFGFDFDDDDDDGFGDDGDGFDGGFFGGFGFHFEGGGGGH<GGGGHGHGDHFGFHDDD:GGDGGGGGCDHFHFHGHHG?HFAGG?HCG?FHGFHHGGHHGCHFCFFFHFHHHHGGAHGCGBDBC;D	C	90	G	73	14	68773292	68773301
14	74453711	A	81	AaaaAAAcaaCCCCCaaaaacAAcCaAaAcCcccaaccCAacAcACcAaccaaAcCCCaaaaAaccAcacaacaaaAcAAC	CBCADDDHDDDDDDDCDCDDGGHGDDDDGGDGFGCDHHCHEHHHHDGFEHBEEGHCDCEEFEGEHHGGEGCEHAECF@;C=	A	47	C	34	14	74453702	74453711
14	74983495	C	81	CCGCCCGGGGGGCGGCCCGCcGGCGCGGcGCGGCGCCCCCCCCCGGCGGGGGGGGCCGCcccCGCcGGCcCgGGGGGCCGG	FEE?GGEEFEEEGEEEFFBFGEEFEGEEGDCCEGDFFE:EFEFFDDFDDDDDDDDFEDFDHHEDEHCCEHD;CDA>>AABC	G	41	C	40	14	74983487	74983496
14	91365647	A	27	ggagaGagagGGGGgGAaGaAAAGAaA	CBBCA@DGDEEEDEFE@DECEEFEEEB	G	14	A	13	14	91365642	91365651
14	91365649	A	38	aaaaAaaaaAAAAaAAaAggaAAGAaAggAAGgaAaGa	CCAA:BC>CBED=DFGAF@FCE@EFDEEFAEDAEE=C?	A	30	G	8	14	91365642	91365651
14	106329451	G	69	GGGGGGGGAAAAAAAAAAAaAAaAAaaAAAAaAaAAAAAAAAaAAaaaAAaAAaAaAaaaAAAaaAAaa	BCB@CCCCDEEBE@EBE?DF9EAEEFFDEDEFECEE;EEDDDE;DBFFD:FDDFDFDFFFDDB?FDCFE	A	61	G	8	14	106329449	106329458
14	106329452	T	71	TTTTTTTTCCCCCCCCCCCcCCcCCccCCCCcCcCCCCCCCcCcCCccCcCCcCCcCcCcccCCCccCCcc	DF>CAFEEGBG>GGGCGGGEAGDGGEEGF<GEGDFGGGEFFEGEBBEEBCFFDEFDFEFC@DFFFDEFCEE	C	63	T	8	14	106329449	106329458
14	106329453	A	72	AAAAAAAACCCCCCCCCCCcCCcCCccCCCCcCcCCCCCCCcCcCCccCcCCcCCcCcCcccCCCccCCccc	BDDCEEEEDDDCDDCDDADBCDBDDBCDDDBCDCDDCDDBBB:CCCCCC<C?CCCCCCCCCBCCCCCCCCC?	C	64	A	8	14	106329449	106329458
14	106512020	A	31	taaatttttTtTAtATTaAtataTaATTTTT	FFFF?GFDFGGGHGHGGGHEGGDFGGFFEFE	T	20	A	11	14	106512016	106512025
15	26260477	T	26	CTTTCCCcccccCTCTcCTCTtCTCC	BBEE=AE78ED@FDFCEEDCC?@A@?	C	17	T	9	15	26260473	26260482
15	34118995	G	98	aAAAaaggGGGGgggGGGgGGgggGgGggggGGgggggggggggggggggggGgggGggggGgggggGggggGggggggggggggggggggggggggg	CA@@CD@@ABACCCBEDECEECCCDCECCCCEECCC?CCCCCCCCC<CCCCCECCCEBDDCE?CDDDE=DDDEDDDBDCDD?D?D@BCDD@DDDD@D9	G	92	A	6	15	34118990	34118999
15	42111753	G	140	GGgGGggGGGGGGgGgGGGgGGGGGGgGggGgCgGGGgGggggGGGgggggGgGGgGggGgGggGgggGggGGgggggGGGggGgGgggGGGgggGgGGGGggGGGggGGgGgGGggGGGGGGGGCgCCcCCGCggCGGc	B=AACEDEBEEEECECEEEFEEEEEECEFFEFGCE9ECEDDDDEED@FGDGDDEDEEGFEDEADD>FCE>GDDCD@DCDDDF?DD>GBDDDDAGDDCDDDD5EDDCD@DDADDDDGDDDCCCCDCBDFDCDCBC>=@AC@	G	130	C	10	15	42111749	42111758
15	51519945	A	71	AAAAAAAAAAAAAAAAAAAAAAAAAAAAAAAAAAAAAAAAAAAAAAAAAaAAAAaAAaGAgaAaaAGAGGG	FFCFFEFFFFFFEEFEDEEFFEEEEEFEEEEEEEEEEEEEADEEEEEEEE>EEDEDDCEFFACB?:BBCCC	A	65	G	6	15	51519941	51519950
15	80762527	C	49	CCCCCCCCCCCcCCcCcCCCCcCCCCCCcCccCCCcCccCcTttttttT	?GGGAGGGGGFEGGEGE>FGGEEFGGGFAFEEDFFEDDEEEEBD:@?>A	C	41	T	8	15	80762522	80762531
16	839949	C	141	CCcCCCcCCCCCCTCCCCCCCCCCCCCCCCCCCCCCCCCCCCCCCCCCCcccCCCCCCCCCCCCccCCcccCCCcCCcCCcCccCCCCcCCccccccCcccccCCccCCcccccCCcCcCCCCCccccCCccCTCtttTTt	A<DBCBFDDDCDDBCDDDDDDD;DDEEDDDDCDDDDDDDCDDCBDDDDDGGGCCDDDDDDDDDDGGDD<GGCCCGCC:CCGCGF@CCCGCCGGGGGGCFGGFGCCGFCCGGGGGCCGBGBCCCCDCEECBCCADA<@>CCB	C	133	T	8	16	839945	839954
16	81242151	T	92	TTtTTTcCCtttcctctctCCctCCttttTcCTCTTCTtCtCcTCCCTtCTccCttTtTCCTTTCCttcCtTtCcttCctccccCttctttc	BBC?:CDGGEEDDDDDEDEFFDEGFEEEEEDFFGAEFAEGEGEEGFGEEG5CEFEFDFEGFEEDEEFFEGFEFFEFFEDDEEEEEFFDBFCB	T	49	C	43	16	81242144	81242153
16	84208442	T	106	ctTctctTtctctcttctcccccCtcTCCcctcctCtCttctctCcctctctccctctttccccTccctcccctttcttctttccctcttttttcttcttcctcct	AABDCDD@?GEEEEEDEEFEFEFFEFGGGFFEFFEGEGEECEFEGFFDFEFEFFFEFEEEFFFFGFFFEF6EFEEFGEFFFFFGEFFGFFFFFFGFEGFFHGFFGF	C	56	T	50	16	84208442	84208451
16	84208448	T	97	tctcttctcccccTttTTTttttttTtTttttttTtttttttttttttttttttTtttttttttttttttttttttttttttttttttttttttttt	C?C???@CBBBBCE>ECGGDE?DEEGEAEECEEEGEEAEEEEEEEEEEEE8EEEEEDEEEECEEEEFE:EF;FEEEFFFFFEEEFFDFFFFEEFFFE	T	89	C	8	16	84208442	84208451
16	88779949	C	29	tctttctttctctccccTcctTTcCTCCc	B:GFFAGCDBDBGCBCC=CCHEECEEEC>	C	15	T	14	16	88779948	88779957
16	89291948	C	44	CCTCTTCTTtTCCCCCCCTCTCCCCcctCCCCtCCTccCttCtc	GGEGEEEEEEEAAEGGFFEFEFGFF6:FFFF9FFFCGGFEEE@?	C	29	T	15	16	89291941	89291950
17	1690305	G	27	Ggggggggtttttttttttttttttta	@CCCDFFADDDBEDEDEEEEEEEEEEB	T	18	G	8	17	1690299	1690308
17	7123240	T	123	TTtTTTtTTttTtTtTtTTTTtTttttTTTTtTTttTTTTtttTtTTttTttTTTTTTtTtTtTttTtTTTTTtTttTtTtTttTtTTTTTTtctCCCCCCCCccccccccCcccTcctTTct	BBB>@@DDFGGFGFFFGCFEFFFGGG<EFFDGFEGGFFFDHGFFGEFFGBFHFFFFFFHEHEHDHHEHFFFFFG>:HEHECE@;EHEEEEEDFCHFFFFEED<CCCCA?CCEBBBC@:CBC@C	T	99	C	24	17	7123236	7123245
17	20906272	G	28	gGGGGGGGGGGGGgGGGGGGtGTTtTTg	@EDEEEEEDDDDBGDDDDDBFDBBCAA<	G	22	T	6	17	20906268	20906277
17	41121218	G	54	GAaGGAaGGAAAgaaGGAaGgGGAAGGaAGAAaAGGggGaGaGagaagGaaggg	<FDCBFDDEFFFFCDGD?DGD9FFEFFEFF?FEFFGEGFEFDEBEFFGEEE@FD	G	28	A	26	17	41121214	41121223
17	53342796	G	88	GGGggGGGGGGGGGGGGGGGGgGGGGGGGGGggGGgGgGGGgGgGGGGgGgGGggGgggGGGGgGGGGgGGGgGGGGGgggCCcCccc	;C<FEHHGHHGHFEFHHHHHGFHCHHHEHDGGGHHGGDH5GGAGGGGGGGGHHGGDGGGGFGDGGGGGGGGGGFGFFGGGFAC@C=BB	G	81	C	7	17	53342792	53342801
17	56569842	T	139	TTTTTTTTTTTTTTTTTTTTTTTTTTTTTTTtTTTTTTTTTTTTtTTtTTtTTTTTtTtTTTTTTttTtTTTttTtTTtTTTTTTTTTTTTtttttTTTtttTTTtTTTtTTTTTTTTTTTTtttTTAAATAtaTttAA	ACEEEEEEEED>EEEDEEED>EDEDDDDEEEGEEEEEEEEEEEDHEDHEECEEEEEHC7DECDDDHHDGDDDHHDGDDH@DDDDDDDDCDDFHHHHDDDDHHDDDHDDDGDDDDDDDDDCDCHHHDDDEFEEDDCED??	T	132	A	7	17	56569838	56569847
17	73258086	G	34	GggGggggCCcCcccccCCccCcccCCCcccccc	BCDBBCDDFFBGBBBBBEFBB7BBAGEG6C<C:C	C	26	G	8	17	73258081	73258090
17	75085230	C	42	CCCCCGGGGCCGGGGGCCCGCGCCGCCGCCCGCCCGCCcCGG	:DDEDBBCBDDAC:CADDCBD>CCBCCACCC>BBBAAA?AA?	C	25	G	17	17	75085222	75085231
18	3075503	C	159	CCCCCCCCCCCCcCcCCCCCCCccCCCCCCCCCCCcCcCcCCCcCCCcCCCCCCccCcCCCCccCCCCCCCCcCCcCCCCCCcccCCCcCCCCCCccCcCCcccCcCccCcCcCCCccccCccCcCcCCcCCCccCcccCCCcCCccCCCcaaAAaaaa	>A?;>><@?EG7GGGGG@FGGHGG;HGDGGGGGGGDGGGGGGDGGGGGGGGGGGGHGHFFGEHHGEEGFGGGHGGHG=GGGGGHGGGGHGGGFGGHHGHFFHGDCHFHHFHFHFFFHGHHFHHFFFGAFHFFFHHFHHHFF@HEEFGFCCE@?AADDDD	C	151	A	8	18	3075499	3075508
18	11824880	T	47	AAAAAATAAAAAAAATAAATAAAAAAAAAAATAATATAAAATAAAAT	H;HDGHEHHHHHHHGEHHHDGFGGGGGGGGGDGGDGDEGGGCEEBBC	A	39	T	8	18	11824875	11824884
18	33718201	T	46	TTTTTTTTTTTTTttTTTTTTtTtTTTTTTTTTTtTCCCcCCCCCC	AEEFEEEEEEDDCFFDDDDCDFDFDDDDCDDDDDFCEFD@@@>CBC	T	36	C	10	18	33718197	33718206
19	1954128	T	120	TTTtTCttCTcTCTTCtccttTTtCttttcCtCCttcttCctTCTCCTtTCttcTcTTTctcttccTttCccTcctttccccCcCttccTttcTTttctctttcCtcTtttTtttttttc	BD;BC?EEGFF?GFFFEFFEEFFEFEEEEFFEEFEEFEEFFEFGEGGFEFGEFGFFFEFEFGFFFGEEEFGGFGGFFFGGEDGGEFFFGEFFGEDEFGEFFFFGFFGEEFFEFFEDC@:=	T	74	C	46	19	1954122	1954131
19	5260878	T	60	ctctCCtCCtTCCTTCTCtTTtTctCcCcCtctcCCccccCTcTcCtCTTttCccCcctc	<>AFG?DGGGEGGE@FCGGDEGE8GGCD@EHCGBEGCCB=G?CAC@HGBDHHFCCFBCH@	C	36	T	24	19	5260875	5260884
19	5783712	C	30	CTCTCTTTCcTtCCCttTctTtctCCTcCC	GFGEHFFFE?EEGFEDFE=GEECGFFD<>?	C	15	T	15	19	5783708	5783717
19	7698226	C	93	CCCccccCcCCCccCCCcCCCCCCcCCCCcCCCCCcccCcccCCcccCCCCcccccCcCccccCcccCcCcCcCCCcCCccCCccCTCTTttt	BCFE>FEGFGEEFFGGEFGCEGGGFGGGG?GGGGDGBG6DAGGGGDGGGFFGGGGGFFGGGGGFGFGFGFFFAFFFGFFCBFD=EEGGBC;?C	C	87	T	6	19	7698222	7698231
19	14091543	T	107	tTTtTtTtTTttTtTtTtTTTttTtTtTtTTttttTtTtTTTTttttTTTTTTtTTtTTttTttcCCCCCCCCCCCccccccccccccccccaccccCcccCccccc	EADG>GEGEEBGEGDGEGECBGG<EDGBEEEGGGADHEFEDEBHGFHEEEEEEGEAGEAHAEHH?FGFGDGAFFFECCCCCCCCACCC<CCCAC;CBFCC@E;=9>;	T	64	C	42	19	14091539	14091548
19	14091555	G	107	GgGGgGgGGGggGgGgGgGGggGggGgGgGGGggggGGGGGGgGGgGGggGgggGCGGGGGGCGCcccggcgcgccgcgggcgccgggCgcccggcGcGcggccgcc	=A;?BECGGHCCHCHCGCHHCCECDHCIBHHHCCCCHDHHHGDAD=HHDDHDDGFFFHHGE8FFEHHGG=HGHGHHEHGGCHEH>GGDFGHH7GEHGHFHFEDB;A;	G	82	C	25	19	14091551	14091560
19	14091556	A	103	GgGGgGgGGGggGgGgGgGGggGggGgGgGGGGggggGGGGGGgGgGGggGggaAAAAAAAAAAaaaaaaaaaaaaaaaaaaAaaAaaaaaaaAaAaaaaaaa	?C9=A@BBDC@CEBECDCEECCDCCECDCEFFCCC@CEADDEBDBDEEDDDDDEEFBFFBCGEEFGDG@GGDGGGGGG=GBG>GGFEGGFGBFDGDGGFFC?A	G	53	A	50	19	14091551	14091560
19	18499305	C	146	CCCCCCCCCCcCCCcCCCCCCCCCccCCCCCCCcCccccCccCcCCCccCCcCccCCCCcccCCcccccCCcCCcCCCccCCcCcCCCCcCCCCCCccCCCcCCCCccCCCccCcccccccccCcCtctTTCttCTCCCtTTCttt	DCCCE>>FFEDFFDDFFGGGFEEFDDGGEGGGFAGEDDDFCDFEGCFDEGFEFEEFFEBEEEGFDE:EEFGEFEBGEEEE6?EEEFEEEEDEEBEEEEEFFFFEEEEEFFDEEDEEEEDEEEEFE>EE=DEDFADDDCC>ABA99@	C	133	T	13	19	18499301	18499310
19	45157114	C	113	GGGgGgcccccCccCCCcCCcCCcCcCCcCCcCCCCCCCCCcCCCCCCcCCcCCCCCCCCCcCCCCCcCCcccCCcCCCCcCccccCCcCCCccCCCCCCCCcCCCccCCCCC	?<BC:BBCECCDDDGGGDEFDGFDGDGGDFFDGGFFFFFFCEGFDFFGEGEEGDFBEFEFCDEFFEDDFEDDEEFEFFDEEFCEEEFEEFEEEDFEFFADGGDCDDA@CA9CB	C	107	G	6	19	45157109	45157118
19	48613788	T	30	ttttttttttTtTtTTttGgGGGggggggg	CDGGGAF>GHFBEHEEHCD9DEEDDDDDD=	T	18	G	12	19	48613784	48613793
19	49652130	G	45	GgGGGaAgGGGAAaGGAAGGAAGGGAAGAgAAgaAGGGGgGggGG	FCHGGCDCHHHFFEHHFFFGEEGFGEECEDDEDDDGGGGDGCCGF	G	29	A	16	19	49652124	49652133
19	49894028	T	59	TTTTTTTTtCttTTTtTtcTtTCTtcTCTttttCTTTTTtTttCTCtCtCtcCTcTttT	B>>AEDCEEDEE@EEEEEDEEEDDEEECDFFFE@DCCDDCDFFCDCFCFBBDCDEDA@@	T	46	C	13	19	49894023	49894032
19	50881825	G	99	AaagaaAAagGaGGGGggGGGgGgGGgGGGgggggggGgGGGggGGgGggGgggGGggggGgggGGGgGgggggGgggGGggGgggGgGGgggGggggg	BDDEDEDFEEGEGGGGEFGGGFGFGGFGAGFFFFFDBGFGGGFFGGFGECG5FFGFFFFFFGFAGGDGGFGGGFGFGFGFGGFGGGCHFFGGGFFFFFB	G	90	A	9	19	50881818	50881827
20	18548297	C	140	GggCGggcgGccccccCccCCcCccCCccccccCCCcCcCccCccCCcCCccccCccccccCcccccCccccCcCCccccccCccccCcCCCcccCccccccccccccCCCccCCccccccccccCCcCcccCCcccccc	8A@>;AB?CBA=AABADBBDCBDBBDD@BBBB>DDABCBDB@DB@DDB?DBB>BDBABCCCDCCBBBDCCCAAACDCCCCBCDCBBCDCDDDC@CDCC7BCCCC@CCCCCCCCCCCCCCCCCCCC5C:CCCCDC>><<6@	C	132	G	8	20	18548289	18548298
20	56726109	A	167	aAaAaaAAaaAcAaCcAACcaCcAACcaaCAAacaCAAaACCACCCAaACCCACaCAACccaAccCAacCAAAAcaCACaaCCCACaCAAAacCcaACAccAccACAAAAAccaACACAaaaAccacaACAcAaAaacaaccAaaACCACAaaaaCccAaaaaaAaA	?>AABEDFEDBGFEGGFFGGBGGFFGGEEEFFEGEGFFEEH<?GGGFEFGG>CGFGFFGHGEAGGGFEHGFF:FHEGFGEFGGGEGEGFFFFHGHEFGFHGFHHFGFFFFFGAFFGFGEFFFBHHEGFEFDHEFE<EH5FHFEDEEFFEFEFFFFEHHDFEEDEDAC	A	102	C	65	20	56726104	56726113
20	56726110	C	168	CcCccCCccCaCcAaCCAacAaCCAaccACCcacACCcCAACAAACcCAAACAcACCAaacCaaACcaACCCCacACAccAAACAcACCCcaAacCACaaACaaCACCCCCcCACACcccCaacacCACaCcCccaccaaCccCAACACccccccAaaCcccccCcCC	?CB<?B;CAGFEAHFGGHFBHFGGHFBBHGGBFBHGGBEHGGHHFGBGHHGEHBHGGHGFBGGFCFBGHGG8G>CHGGACH:HGHCHGGGCFGGCGHFGGCGGGGHGGGGGCGGGGGCCCGGGCGCFGFGFCCBDH5DHFFCCFGGFGF=CCCCCGGFDCCCABG5>B	C	104	A	64	20	56726104	56726113
20	57293124	A	135	aAAaAAAaAAAAaAaAAAaaaAAAAaAAaAAaaaAaAaAAaaAaAaaAAaaaaAAaaaAaAAAaaaAAAAAaaAaAaaaAaaAaAaAaaaaaaaaAaaAaAaAAAAAAaaAAaaAAAaAAAAaaAAAggaGgGgg	C>=C@>?EBBDEFBFFDFFFFFCFEFFCFFEFGGFGFGDFGGFGDGGFFGGGFFFGDFF:FFFG=FFFEFEGGFGDGGFDGGEGEGEGGDGGHGGE=GEEEGE;E;EEGHDEF7EDDEFFEFEFDCBAAB>A?D=	A	128	G	7	20	57293120	57293129
20	61472116	G	64	AGgGGGGgGGGGgGgGggGgGGGggggggggGgGAGGgaGGgagagggggGgggGAGggGgggG	D;BBACCFCCCCFCF<DFCFBCCFFGGFFGCCGBGCCG;BBEEGBFGGGEBGFDBGBGGBFF7>	G	58	A	6	20	61472112	61472121
20	62332641	T	99	CCcCCcCcTCtCctttTtcCcTcCtctTcTCcTCccCTtcCTtCtttCccTctctTtttCtctcTcttctcTcTTccCTTtccTtcTctctCCCTcCtt	@A:>@A?B=DGDBGGGGGBCBDBEGBGGB6DBGACCDGGCDDFDHHHD>AGCHCHGHHADHCHCFCGHCHCFCCFCCCFFFCCFH?FCHCGBA@?>CCC	C	52	T	47	20	62332634	62332643
21	34003930	A	30	gggGggaAAAAAAAAAAAAaaaaaaaaaAA	AC?FGF>EDEFEEEEEECEF?BFED@FE??	A	24	G	6	21	34003924	34003933
22	19189003	A	89	aAaAaaAAAAAaAaAAAAAAaaAAaaAAAAAAAAaAAAaAAAaAAAAaAaAaAaAAAaaaaaaaaaaaaaaaaaaAaaaAaAacccCcc	C?FFDEFFEFFEFEFFBDFFEEDFDDFFEFEFFFEFFFDFDEFEFFFFFEFFFFEEFEFEFFFFBF:FFFFFEEBEFFEEFEF@>=CB@	A	83	C	6	22	19188999	19189008
22	20096314	G	26	ggGGGGGGAAAAAAAAGGGAAGGGAA	CE=CBBB<GG:HGGGGB:AFFC@@DB	G	14	A	12	22	20096310	20096319
22	32343618	A	42	cccccCccaaaaaaaaaaaaaaaaaaaaaaaaaaaaaaaaaa	AC@CBBDDEFDFFFFFEFFFFFFA>FFEFEGEGGGG6GA7FE	A	34	C	8	22	32343609	32343618
22	36716202	C	95	cCCCcCCCCCCCCCCCcCCcCccCCCccCcCCCCcCCCCcCcCCCCCCcCcCCCCCCCcCCCcCCCcCCCccCCCCCccCCccCCCCCCtTTttt	BCD@FDDDD@DDDDDDFDDGCFGDDDGGDGCDDCFDDC>GCGCC>@ACFCFCCCCCCCGCCCGCCCGCCCGGCCCCCBBBC<G?BBBCCBC@@@E	C	89	T	6	22	36716198	36716207
X	153174870	C	98	GgGGGGGggGGccccCCCCcCCcCcccCCCCCCCCcCCcCCcCccccCcccCcCcCcccccccCccccccccCcCCcccCCcccccCCcCcccCcCCc	B?;@<@>=B@ABCEEFFE@DGFDFD5DGEEFFFGFDGCDFFEGEEDEAEDEDEEEGEEEEEAE=EEEEDDEEFEFEEDEEFEEEEEFFEEEECE?DC@	C	87	G	11	X	153174863	153174872
