1	144931699	T	137	AtTTtttttttaTttttTTtaatTtTatttttTcttttttTtatatataatttTttttattaaattattaaaaatattttattttttttattttttatttattaTaTTaTttttatttatTttTtaatttttttttt	C?@BAC:BBBBDEFEEDEGEEDDGEGBEEDEEGDCECEEEGBDEEEE;DDCEEGEEEEECDEDEEEFCEDED?EE;FEEE6E=EEEEEFEFEEFDEFDDDFFF;EBGDFBBFEFBFFFFFFEFFFA>DFFEF;EEA@	T	104	A	32	T(0.9973):A(0.0027)	-0.00235	-2.26878	-5.13727	-7.00000	-108.61709	-37.66144	-366.91024	-33.25552	-68.85737	-0.16815	-332.28545	-0.49345	0.32103
1	145075903	C	316	CCCcccctcTTcccccccCcccTctcCcccCcCCCTctTcccCCCTccccccTTccTCCccctccccCctcccCCCCTCccCCccccCCCcccCCctcCccCCCccccCCcccCTcccCCCccccctcCCCCTCcCCccCCCCccTCCttccCCccCTCccccCCccCCCccCCCccctcCctCTCcccctccTCccCcCtCCcCCCCCCtctCCCcCCtccCCCtcCcCccccTCCcccCCCCcccCccCcTctctccCcccccctccctctcccccccTcccctccctcCccctcCcccctcCtcccccccctc	DDBACC>?A@=AAAAA@>ABDBDDCD@CCDGCFDEEDEEDDDGGGEDDDDDDEEDDCFGDDDEDDDDGDEDDDGDGHF?@DEGEDDDGGGDDDGG9EDGDDGGBEED?:DDDDECD>DGGGDDDDDEDGG=GEGDD7EEGDGGDEDBGFEDDFGDE?EGBEEECGEEFG@EEFE5EEEFEDDEGEGEEEEEEEEGEEGEGFGGEGG=GEGFEFGGGAGEFEEGGFFEGEFEEEEDF;EEEFFFF;EEDEDGDDCFEFECFDEEEEEFEEEFEFDEBEC9EDEDEE?EEEFDFE<EFDFAEEEFCFDDAAA?@?=9B	C	269	T	47	C(0.6854):T(0.3146)	-0.32811	-0.36527	-1.00448	-7.00000	-165.95256	-72.84247	-944.30822	-59.01353	-100.26714	-7.19421	-879.29917	-0.00000	1.00000
1	145112313	T	119	TCTCcTTCTCTTTTTTTTCTTTTTTTTTTCCTTTCTTCTTTTTTCTtTCTTTTTtTTTTCTTTTTTTTTCTTTTTCTCTTTCTTTTCTCTTTTTTCTTTTTttTCctTcTTTCtcTTTT	DFC=FEEFEGEEEEEEEEGDEDEEEEEDEGEE@CFDEFDDDDDDFDFDFDDDDCFDDDDD:DDDCDDDDFDDDDCFDFCDDFDDCDFDFDDCCCDFDCDCCEDCCCCC>ABAB:?A???	T	94	C	25	T(1.0):C(UNKNOWN)	-0.00174	-2.39968	-5.39968	-7.00000	-89.11685	-32.63843	-324.90390	-27.59965	-54.65387	-0.57339	-295.83886	-0.13493	0.73294
2	179309165	G	92	ggGGGGgGGGgGGGGgGggGGgGGgGGGGGGgGgggGggggggGgGgGgGggggGGggGGGGGgGAAAAAAAgaagaaaaagggagggGGGG	?ABAGECFBGCGFGGCFCDGGCGFDGGGGGGDGDDCG>D@DDDEDFDFCFDDDDF=DDFFFFFDFEBFEDFFDGFDFGFGGEDDF??>?BC?	G	77	A	15	G(0.924):A(0.076)	-0.06866	-0.85248	-2.23837	-7.00000	-55.11255	-24.88251	-270.60146	-18.78866	-29.72124	-0.27502	-247.37986	-0.32870	0.46914
4	53428	G	341	AAaaaaaaaaaaaaaaaaaaaAaaaaaaaaaaaaaaaaaaAAaaaaaaaGgaaaaAaaaaaaaaAaaaaaaaaaaaaaaagaagaaaaaaaaAaaaaaaaaaaaaaaaAaaaaaaaaAaAggaaAAaaaaaggaaaaaaaagaaaaAaaaaaaAaaaaaaaaaaAaaaaaaaaaaAGAaaaaaaaaaaAaaaaaaaaaAaaGAgaaaAaaaaaaaaagAaaaaaaaaaaagagaaaagaAagaaaagaaAaaaaAAaaaAaAaaaaaaaaaaaaaGgagaaaaaaaaaaaaaaaaaaAgaagaaaaaaaaaagaaaaaaaaaaaaAaaaaaaaaaaaaaaa	CEAA?CC?A?AAA?AACBCAAAB=:B55BBABBCB>CC?ACBBCDDDEDBFFGGFGFFFEEFEEHEFAFFEEEEFFFFFFFEFEFEEFFEFEHFFFDFFFFFFEF:EE<FFFFFFFEGFFFFFFHGFFFFBFFFFFDDFFFDFFEEHDFFFFEHFFF5FFFFFEIDFFDAFFEEF@CHFFFFFFFFFFHFFFEFEFFFHFFC@FFF=HGFFFFFEFFD5FFE;GFGEFFFEFEGEEGGGEGGGGGGGGEGGBGGGHGGGHGGGEGEGGGCGFGFFCGGGFGFGGEGFGFGFEGGGG>GFFCGFGFFFGGEGFGEGGHHGGHGFGFGAGFGGGG?DCB=?@@	A	317	G	24	A(0.0041):G(0.9959)	-4.77443	-2.08797	-0.00357	-7.00000	-87.56085	-64.33532	-1135.90251	-39.19282	-46.14247	-20.23048	-1089.71327	0.00000	1.00000
4	53446	T	225	CcccctttctttcttttttctCctctctTtcttcttcttcTtttcttttttCTTccttctttttTttcttccttTttTTttttCttttcttcttTtttccttcttttttttttttCctcctttctCttctCTctcCtTtttctttttccttTtttttttctttttttttcttcTttctctttttcttttttttcttttttTccttttttttctttctttcctcct	ACAC:BBC>CBD?EEDEEE8CB?E?EADDGCFGA>GAGFBEEGF@FFFGGFFGGAAGGBFFFFFGGGBCGBBGGGGGG7EGGFGGGGGBGGBGGFGEGBBGGBGGGGCFFAGGFGGBGBBGFGBGHGBBFDGBEBGGDEHHBGGGGG?CFAGGHGFFH?CHFHFGFHH@=HFCGHHCCCHGHGHBHFHEEGGH=HAHHHBF?CHHHHFHHHCEFDCDHGCCG?>;	T	166	C	59	T(1.0):C(UNKNOWN)	-0.00174	-2.39968	-5.39968	-7.00000	-192.41948	-61.86616	-613.51799	-57.33734	-128.42213	-0.26675	-554.91858	-0.33825	0.45893
4	60210	G	129	gGggggggGgggggGggggggggggggggaagGGggAGgggaGgGgGgGaGGggGgAgGgGggGGGAggGGGGGGGgGGAgGGgGGGGGGAGggAGGGgGGgGGGGGggagGGGGGGGGgGgGAgGgAA	A@=9GFFFGEEEEDGFEDEEFFFFBFFEFEEEGHFEEHFEEEHEGDHFGEHHEEEEEFHGEFFGHHEFFGHHGDHHGGHBFGFGFGGGGGDGHGDGGGGGGEGGGGGFGFFDGGGGGGGEFGFB@D>A?	G	115	A	14	G(1.0):A(UNKNOWN)	-0.00174	-2.39968	-5.39968	-7.00000	-48.71305	-31.75279	-424.30227	-20.39897	-21.31582	-6.75350	-402.30298	-0.00000	1.00000
4	60294	T	229	TTTttttTTTTTTTTTTtTtTTTTTTTtCTTtTCTTttTTTTTTTCTTTTttTTTTCTtTTCTtTTtCTTTttTTtttTTTTTTTTTtTCTTTttTTTTTttTTTTtTTTTTTTTtttTtcTTTttCCTtttttttTtTTttTTtTttctTtttTTtTCTttttttctTTtcTTCtTtTTttTtttctttTTTttTttttTctttttttttTCTTttttTTtccTCTTt	DB@AAAAFEEEGGEGGGDGDGGGGGGGDDFF?GGGGDDGGGGGGGGGGGFDDGGGGGGEGFGGEGGDGFGGEEGG?EEDFFGGGFFGEGGEGFEEGGGFF?EGGGGEGGGGGGGGEEEEEHEGGEEGGGE;EDBEDFEFBEEFFDFEEECCEEEFFEFFFEDCEEEHEFFEHFFFEFEFFEEFEEEGEE>FFFEEFDEEEFHEEEEEDEDCGBDDA>@?BC@B=CC??B	T	208	C	21	T(1.0):C(N/A)	-0.00009	-3.69906	-8.00009	-7.00000	-77.12614	-49.65550	-751.00256	-31.79976	-38.32646	-14.55480	-720.20288	0.00000	1.00000
4	60335	A	226	ttTTtTtttTTTTTTTTtTTTTTtaTTTTTttTTTAtATTTTTTTattTttTTTtaTTAtatttttTAtTTatTTtTtattTtttTTtTTTtatttattTTttTATtTtTAttTtattttaTTTttTttatTtatttttattTTTTtattATtttATTTtttAattttaattTATTttttttaAAtttTtttTAtTtTattatttttaTttTtattattttatttt	A?A9BAC@CBEEDDFFFGFFEFEGFFFFEEAGFFFFGFFFFFFFFFGGEGGFFFGFFEFGFGGGGFFEG=@GGFFGFGFG>FHGGFFHFEFGFHHHGHFFBGGFCFGFHFFHHFHGHHGHGEEFCHEHHGGFHGHHGHHGHHFFFFHGHHFFHGHEEF@HHHF@HHHHGGFHEEEEHHHHHHGEEHGHEHGHEEHEGEGGFGHHHHHGEHFEFDHHGE@DD?CB@@	T	189	A	37	T(UNKNOWN):A(1.0)	-5.39968	-2.39968	-0.00174	-7.00000	-136.02098	-55.57497	-698.40382	-44.96539	-89.45526	-6.00925	-646.44016	-0.00000	1.00000
4	60345	G	208	GGggGGGGggGAGGgGGGGGGAGggaGgaGGGggAAGgggggagAGgggGGgGagaGgggGGgGAGggggagagGGgaGGAgGgGGaaGgggaaggGGGagGagggGagggggggggGAGAggagGGgaaGAAGaggGggaagggggAGGGaggggggGGggaGgggAGgGgGgggggggggggGagGgggaggggggaaggGggggg	@8AC@@:@@>>@ACCFGEEEEFGFEFGFEGGGFFFCGFFFFFFFFGFFFGGFGFFEGFFFGDFGGHEFCFFCFFG?FFGFFFDFGGFFGFFFFFFFFFGEGGGGGFGFEGGGFGGGGGEGFGGGGFGGEFGFFFGGGFGFGFGGDDGFGGFGGGFGGGFFGGGGFGGFGGFGFEGGGGGGGHHHFGEFGGGFGGGGGDFGFGFGGG<B	G	168	A	40	G(1.0):A(UNKNOWN)	-0.00174	-2.39968	-5.39968	-7.00000	-147.52112	-53.54486	-616.70376	-45.39211	-95.13088	-3.55255	-569.71145	-0.00012	0.99972
11	194509	C	153	TcctCcCtCcccCtcCctttcccCTcCccCTcCcctcCCcTcCcCcCcCcCCttcCCCtctcCCccccccCtcTtcccccCccCTTCcccCTcCCctcTcCtctTTcccctccccctcccctcTctctCctcCcCCCttcCcctcttcccccc	BC?@B>CDECCCGFA>BG=GBBBGEBGBBGGBGB:GBGGBEBEBGAG?GBGGGGBGGCG@HCEGB?BBCCGHBGHCCCCBDA@FGEGCC?DGBEGCFCG<GHCHGFC>BCBCCC@CHCCCCHCFCHCHFCHCFCFFDAHCFCC>ADD?:>>;<	C	114	T	39	C(1.0):T(N/A)	-0.00009	-3.69906	-8.00009	-7.00000	-143.22670	-42.69301	-385.60480	-38.78287	-97.53941	-0.70469	-347.91751	-0.09549	0.80262
14	20404614	C	268	acCcccccccaccCCCcacCccaccAAccCCCaccCcCccCaCCCCCcCAcCCAaaacCccCCCcCCCCccccCcccCCcaCCcCCcCCCACcCcACccCCccCCCCCCCCCCCctcACCCCCcccCcCCccACccCCCCCcCCccCCCCccaACCCAACCCACcCCAcccCCCCCACCCCcacaccAcaccaCACCACccccCcCCACCCcaCCCCCccACccCCCCCCCcACacCCACCCCCCCaccACCCCCCAaaCcaCACCCc	@C=DDEDFFHDFGGFFFDGFDGCG:FEGGGFDDGG9G:GGBDGFGGGGFFGGFFDDDGFGGC?FGEGEFGGGG5GGGEFGEFEGFFHEEFF;HGHFGHHDDHHFFFFFDGEFGG;EHFEEFGGHHHFHGFGHE8HHEFEFFHG>HHFFDEHGAEEEEEEEFFEFHEEEHFHFFEFFEECEE@BGEGEEH?HHEFEEECFHHHHDHDFEFEEHCFFEFFHGEEHHFFFFEEFHEEDHFEEFEDEDDDCHGDFFDEFEDBACC@AAA@AC	C	222	A	45	C(0.8109):A(0.1891)	-0.18207	-0.51331	-1.44662	-7.00000	-157.43456	-64.91534	-810.60682	-53.83568	-96.78095	-4.59298	-751.21777	-0.00001	0.99997
14	20404735	C	264	CCCctCcCCctcccTCTCtccccccTCtcccTccccTcCccCCcCcccTctTCCccCcccccCCCCCccccccCccccTcccCCcctTctccccccTtTTCCCcccCcccCccCCcTtccCcccctctcCcCTCCctttcCCCcccCCTCccccCCccccTtcccCcCCctccCCtctctctcccCtCCTcctctCcttcctCtTccCcCcCcCCtctcTccCTtCCccTctccccCtCccttCttcccccCCccccccccttc	AAACC>C>>DDEEDEBECGHHHHHGECFGGGGGFFGGFDFG@DFDGGGGGGGDDFGDGGFGGDDDCDGGGGGGDGGGGGGGGDEGGGHGGDGGGGFGGGGDDDGGGDGGGDGGD?GGHGGCGGGGGHGHDHDGDDFHGHHDDDHHHCDGDHHHHCDHHHHFHHHHDGDDHHDGDDHHAHHGHHGGDEDDGHHDHHDHGHHHHCCFHHDHCCCHDCHHHHFHHCCHCCIIFHGHHHHCHCHHFHCG:H:GGHCCHHGFGFDDAED	C	205	T	59	C(0.7624):T(0.2376)	-0.23563	-0.44094	-1.24831	-7.00000	-220.02313	-69.15603	-752.90630	-62.10732	-151.27328	-0.61149	-685.16912	-0.12184	0.75537
14	107159963	C	134	TcCCCCTtCCCcCTcCCtcCCCtCCCCTCCtCCTCCcCCCCCCCCCTtcccccTTCCcccTcccCCCCcTccctccCccCCCTCCtcCcctCCcCcctcctctccCCTttTcTcCCcCccTtccCcCtccTccT	CC>>@AFECDDDDGDDDEDDDDEEDDDGDDFDAFDDADDDC9DDDDFFEBEEDFFDDEEEGEEEDDDDEFEEEFEEDDECCCFCCFBCDEFCCECEEFEEFEFEECCFFFFEFECCECEDEFEEBCC@@?B@=C	C	102	T	32	C(1.0):T(UNKNOWN)	-0.00174	-2.39968	-5.39968	-7.00000	-116.71832	-37.24078	-352.10337	-33.03164	-77.22766	-0.14807	-318.01066	-0.53925	0.28890
17	21194771	A	140	AAAAAAAAAAAAAaaaAAAAAAAAAAaAATAaaaTaaatAatAaatAAaATaAAtaaaAAAAaaAaataAAaaATAAAAAAaAAAAAaTAaTAAaAAtAtaAAAATaAAAAaAaaAAAaaAAaAaaaaAAAaaAAaAaAa	CC<??DD<FFFFFEEEFFF=FFFDFFEFFFFEEEEEEEEFDEFEEEEFEFFEEEEEEFFEEFFFDEFFFFFFFFFF9FFFEFFFFFFFFFEFFEFEDFEFEEEDEDFEEEEEEEEEEEFFEEDEFFFEEEDFFDDEC@?@	A	126	T	14	A(1.0):T(UNKNOWN)	-0.00174	-2.39968	-5.39968	-7.00000	-51.11821	-33.64546	-450.70138	-20.96771	-23.15224	-8.07743	-428.13335	-0.00000	1.00000
