1	1666175	C	45	cTTTTTTTTTCCTTcCCTTTTcTTTCTTtTtTtCCTTTtTTTTtt	<FGGGCCFFFGGGF:FFFFFF@FFFFDFFDHFEFEGDCECCACCC	T	35	C	10	1666251	TG:20	TA:0	CG:0	CA:4	0.00009
1	16385797	C	54	GGGGGGCGCCGGCGGCGCGGGcGCGCGGGCGCGCGGGGGGGGGGGGCGGGgGGG	HHHAHHGHEGGHFHHFGF7GGGGDDCDGGFGFGFG>GGGGGGGGGGFFGFFHCD	G	41	C	13	16385874	GT:30	GC:0	CT:0	CC:10	0.00000
1	16950820	G	44	GAGAGGGGAGGGGGgGGGGGGGGGgAAggaGGGgGGgggGGGgG	BF;C@C=>HCCB;CGCCCCBCBCBAGGFFFBB@@B@GF@ABB@5	G	38	A	6	16950916	GC:23	GT:0	AC:0	AT:4	0.00006
1	16950916	C	56	cCCCcccCcttCccccCCccCtcCccCCcTcCTccccccCCCcccccccCtcctcc	>A@;AAADBGGDBBBBC>8BDGBDBCDC9G6DGCCBCCCDDCCCCCC=CC>C=HCC	C	49	T	7	16950820	CG:23	CA:0	TG:0	TA:4	0.00006
1	16952952	G	103	ggGAgGGGaGGGGGGGAAgGgGGAAGAGGGGAGGGGGGGgGAGGGgAGGGGGGGGGGGAAGGGAGGAGGgGaGAaGAgGGgGggGggGGggGAggGGGGGGgg	CECEE?GGDFGGFGGEFFGGEGFDEGFGCGGFG8DGGGGEGFG>FGEFEGCGFFFFGFDEFFEEFFEFFFFFFDFEEEFEGFFGFFEEEEEFCDB:>BCACB@	G	84	A	19	16952896	GG:18	GA:0	AG:0	AA:3	0.00075
1	16972068	A	47	AAAAAAaAGAGGaAAAAAGAAAaAGAAAaAAAAAAAAGAgaAaAAAa	EGHAEHEHCCCCFHHHGHAGG9=GBGGGFGGGGGGGGBGFEFDFCBB	A	40	G	7	16972189	AC:25	AA:0	GC:0	GA:3	0.00031
1	16972189	C	61	cccCccccccCccACcCccCcccaccccCacCcccccCcCcAccccaacccCaccccCCcc	C@C?BCDFDFDFFHDFBFEDFFEEFFBADEFDGGGFGDGD:GGGGGGEFGGCGFGGGBA?<	C	54	A	7	16972068	CA:25	CG:0	AA:0	AG:3	0.00031
1	16973184	G	88	gggGggGggaggagAGgaagggagGGgGagGggGgGggGggGGgAGGgGAGaGaGGgAGgggGGGGAggGGGAgggGgggggaggGgG	?A9DCDEFGEEEEFEHFF?DFFFFGGFHAFHGGGFHFFFGGGGGDGGCHE?FHEHGEDGGEDGGGGCGGGGGDGFGGGB7GGGGC?>C	G	73	A	15	16973152	GA:43	GG:0	AA:0	AG:11	0.00000
1	16973996	A	48	AgAAaagAaaAagaaGgaggAaAaaAAgaaaaAAggaaaaAaaaaaaa	C@<?DFFFEFFFCFFFFFFFFFFFFFFFGGGGEF:GFGGFEGGGGE?A	A	38	G	10	16974010	AG:28	AC:0	GG:1	GC:7	0.00000
1	16976108	G	201	ggaGGgGgGgggggGGGaGGaGgAgGGGaGGGgGGgGggaGGgggGGAgaagggGGGgAggGAGAAagGggggggGgagGGgGGgggggaggGGGgggGgGGGgGGGGGGgGAGggAGGaaggGGGGgggGGggggGggggGgGgaGAgAAGGAggGGgagaGGagGGGGgGAAgAgggaggggGGGgggggggggGGgGa	CC?AABB5BDCDCCGAFEGGCGE>EHHHCHFGFHH>HFFCHGFFFHHEFCD5FFHFHFCFFHEHEFDFHFDFFFFGFDDHHFHHFFFFFDFGHHHEGFHGHEHGHHGHHHGHEHGDEHHEEGGHHHHGGDHHGGGFHF?GGGGFGDHEDDDHHDGGFGG>GEGGBGGFGGFGDDEDGGFEF?GGGFGG?GEGE@FFFECA@	G	168	A	33	16976188	GC:20	GT:0	AC:0	AT:2	0.00433
1	17014828	C	115	TCCCCCCCCCTCCCCTCCTCTCCCCCCCTCTCCCCCTTcCcTCCTCCcCCCCcCCTTCCCCCTccCCcccCtccCccCTcccctcTCccCcCttccCCtcCctctctTcctccCc	BDEFGFFGFG=FEGFFAFEGFFEFEFFEFEF;GEFFFDEGEFDFFDGEFFFFEGEEEFCEEEEEEF?EEEDFAEEEEFEEEEEFEEEEDEEEFFDEFEBEEEFEFEBC@@A@@B>	C	89	T	26	17014800	CG:51	CA:0	TG:0	TA:14	0.00000
1	17017675	C	481	ccccACCcccCCCCCCaccccaCACACCcCAAacAAccACACCCcccCCcccCccccCCCCCAccCCCCCcccaCCCccccccccCCcccaacccccCCCCcCCcccCCcccCCcacCACACccaaaacCCCCCcccccCCACccaccCAccaAcccccccCCcccccaccCCAcacaaaacccccaacCcccccaccccCcacccccCcccCCCCAAcccacaCcccccCCACCCCcacaACccCACccaCaaCCACCcacCacCACccACccCCCcAcCAcCCCccccccCCCCCCccaccccCCCccccccccacCCaccacccccccCcaccCCcccccCcccccAccCCcccccCCcccCCcacccCcccCccCCCCccCcaccccCcccCaacAccccccacCCCcCacccCCcccccccccCCCcacacCCcccAccccaaccacccccAaaccccccccaacacccccaccac	CBB9CA>BCB??@<8>?C@BB:>BBC<BE?CCCDDDCDFBGBCCDDDCDCCCDCDDDDDDDDHCCD?DEDCDDEDDDDC@DDDDDDDDDDDEDDDDDDDDDDDDDDDDDDDDDDD<DDHDHDDDEEEEDDDDDDDDDDDDDHDDD>DDDIDDEHDDDDD?DDCDCDDDEDDDDHDEDEEEEDDCDDEEADEDDDDEDDDDDDDDDDDDDCEDDDDDHGDDEEDEDDDDDDDDHDDDDEFDDHDEDDHDEDBDB@DDHDDEEEDEEDGDEE=DEECDDCHEDBEDDDEEEEEEDDDDCDEEBEEECDDDEEEDC@ED7<DD;EEFCDEDDEEDDFDEDD@EEEDDEEEEE<EEDCDEEEEDCEEDDCEFEEECEEECEECCCCEECEFCDCEC:E@CEFEGEEEEEEFE=BCECFEEECCEEEEEEEEECCCEFEFECCEEEGEEEEFEEEFAEEEEFFCEEDCEDCD@9D>>??@?>>>BB	C	396	A	85	17017717	CC:184	CT:0	AC:2	AT:30	0.00000
1	17023376	C	305	CCcCCCCCTTtCCcCccCTTCTtccTcccCTCCCCcccCTtTCCTTCcCccTCCCCcctccCCcccCCcCTCCctcCCCtCcCCCCCccCCcTCTcCCCCCcCcCcCCcctCCCTccCCcttCCcccccCTCccCCTCcccctcCTccCCcccCTCctCCCccCCCccCtcCCcccCCCcCCCCTcCCCCTccctCCCCtccCCCCccCCctcCCCCcCCctcCTCTCcccCTccTcCctcCCCcCCCCctctccccCCcCCCCccCccCcCCcctcCCccccCctccCCccCCcccctCcctcc	@AC>>><<@ACA@@CCABGGDGGAAG=AB:GDDD:BBBCGDGDDGGDBDBBGDDDCBBGBBDB:BBDDBDGDDBFBEDEGDADDDDDBBDDBGDGBDDDDDCDADBDDBBGDDDGC8DDCHHDDCAACCCGDCCDDFCCCBCHCDGC;DDC?CDGDCHDDDCCDDDBBDHCDDCACDDD?DDDDFCDCDDGCCCHDDDDFCCDDCCCCDDCHCDD=BCCCCHCCGCFCBCCCF7>FC=AHCCACCCCC;BBCH@DC8CCCCCCCC@C<BCCCCCCHCCC<CCCCCHCABCBBCBBB>?B@;<C@@	C	256	T	49	17023483	CC:53	CT:0	TC:0	TT:13	0.00000
1	17026040	G	75	GGggGggGGGGGgGgGGGGGGGGGgGGGGgGGgGGGGGGgGgggaAAaaGAgGaGgaGGGGGGAgGGGGgGGgGg	59BCBCCACCB@C<C:BCCA=;CCDCCCCD5CDABBBBBDBDDDGHGGGBGDBGBDGB>BBABGDABA>>8=<CA	G	66	A	9	17026065	GC:48	GT:0	AC:0	AT:9	0.00000
1	17026065	C	111	ccCCCCCCcCCCCcCCcCCCCCCcCcccctTTttCTcCtCctCCCCCTcCCcCcCCcCcCTCCCctCCCCCCCCCCccCCCcCcTCCTccTCCCctCCcCCCcccccctCc	ADEFF5FFBFE?FDGFEBFFGF@EFEEEEF@FE=GFEFDFEFGEFDGEEFEEFEFEDFEEEFEEDFGGGFEFFFFEEEFFEEFEE7EEEE>FFEEFEF@FGF@@>@@=:B=	C	95	T	16	17026040	CG:48	CA:0	TG:0	TA:9	0.00000
1	17030729	C	96	cCTcctcctcccccccccctcccctcccctcccctcTcctcccccccccCcccCtcccccctcccCCccccCccccccctcCtctctcccTcccCc	??<=?FBAFAB>BBABBBBGBBBBG@BBBGB?BBGBGBBGBBBBBBBBBCBBADGB@BCC9B5C@DDCCCCDCCBCCBCFCCHCCCHCCAFC;>@@	C	80	T	16	17030590	CG:41	CA:0	TG:0	TA:6	0.00000
1	17044511	T	47	CTCTTCTCCCTTCCCCCCCCCCCCcCCCCcCCcCCCTCttCCTCCCT	AGDGHEGDCDFFDCDD=DCCCCCCECC?C>CCECCCFCFECCFBBAC	C	36	T	11	17044589	CG:11	CA:0	TG:0	TA:5	0.00023
1	17046456	T	122	TCTtCCTTTTTTTTTTCTTTTTtTTtCCCcCTCTTtcTtTCTTTTTCctTtCtTTCCtTtTTttCCTTTtCTCTTTttcTTTtTtctTCCTTtTtCttTTTTtCCCCcTtTttTTCtTtTTc	;FE>FGBDEEEEEFEFGEEDEEEEEEGDFFEDGEDEHEEE<CEEEEFG8@EGEDEF=EDEEECDFCDD;EGDFDDDE@HDD=FDDFEEFFDCCDEFEEDDDDDFDFFHCADEECEC<B?A?C	T	89	C	33	17046595	TT:21	TC:0	CT:0	CC:11	0.00000
1	17084948	A	128	AAAAAAAAAAAAAaAAaAAAAAAaaCAAAAAaaAAAaaAAAaAaAAcaAACAAACaAaaaCCaaaaAacAaaaaaAAaCAAAAAaAAaaAAaaAACCaCAAAAAAAaAaAAAaAaaaaaaaAAAAAAA	DDDHHAHHHEHHHFHHCHHHHHHFFDHHGAHGGHH<GGHHHGHGGHCGHCDHFGDGFGGGCDGGFGGGCFGGCGGGGGCGG;GGGGGEFFGFGGGCCGCGGGGGGGFGGFGGFGFFFAFGFDBBB@AA	A	117	C	11	17085006	AC:65	AT:1	CC:0	CT:8	0.00000
1	17085671	C	69	cCCgcCCCCcGCcCccCcgcGcCccccGcccGcCCcGGCccCGgcGCGccCcCccCCGCCcCcccCGCg	?>>B=BDDDACDBDBBDBC>ABDBBCBBBBBBCDD=CCDCCDCDCCDCBCCCCCDCCBCCCCCCC?A9<	C	54	G	15	17085712	CC:25	CG:0	GC:0	GG:5	0.00001
1	17085677	G	70	GGGGgAGgGggGgagGgGggggAggggGGggAAGggGAagAGAggGGgGggGGAGGgGgggGAGagaGGa	@>9@CHCCCCCCCFBACCCCCCHDCCCCCC@CGCDDBHGDGCHDDC8DBDDBB:BBDBDDDBFBGBA>>?	G	56	A	14	17085712	GC:30	GT:0	AC:0	AT:6	0.00000
1	17085712	C	53	CccTGCccCTgcGCTccCCcCccCCGCCcCcccTCgctCCtTcCtctgtcccc	?B>EGACCEEEDHGED<GEDGDDFG>FGEFEEEEBFEEGGFDEFFEFFFAB:C	C	37	T	10	17085671	CC:25	CG:0	TC:0	TG:4	0.00004
1	17087103	G	437	GGggGgggGGGGCGggcgcGGCcgcggggCGgcggGGGgggggGGGGgGGGgcggGCGcgggGggggGGGgggggGGcgggcGGgCgggggggcGGGgggcggGGgggggGGggcGCggcGGggggGCCggggggggGGGGCccggGGgcgcGggggggggcGCGGGCGgGGGggGGggggggcGCgggggggcgggGGGGGGgcggggGGGCGGgGGGGggGggcgGGgggCGGGCGGGGGGGgggGGGGGGgcgGgGGCGgggGgGGggggGGggGGGgggGGGGCgCgccggGCggGGGggggGgggggggggggcgGGggcggGgGGgggcgggggggcgcgggGgggggggggggggGcggggcgGgcgGggcggggggcgggcggggggggggcgcggggggcggggGgGggccgggggGggggggggggg	BBCA>?@B???=B>BACAC@@>DCECCCEDDGHGGCCCEEEEF>EEBFEEEFGFFEFDGFCFEFDFFEEEFFFFFECFFFFGDEFGDFFFFFFGEE@FFFGDFEEFFFFFEE@FGEF?FGEBFEFFEGFFFFFFEEFEEAEG>DFDEEFGDGEFFFFFFFFGEGEEEFDFECEFFEEFADFF=GEGAFGFFFFGFFFEE@DEDAHGCFFEEEFDEFEEEEGDEFFHGEEFF>FEDD@DEEEDDDGGGEEEEEEFGGEEEEGDGGFDGEEEGGGEEGGEDEGGGDADEEG>GHH@GEGGGEEEGGGGDAGGGGFFGGFGHGEEFF>GGEGCEGGGGGGGGGGGHGHFGGDGGGG9EGGGEGEGDBG:GGHGDEHGDGHIGGGHFGHGGGHGGGGFGGEBGHGHGGGGG@GGGGGDFDGGHGFGGGFDGFEEB=AA>D=	G	377	C	60	17087116	GC:320	GT:0	CC:0	CT:47	0.00000
1	17272627	A	52	AAAAAAAAAAAAAAAAaAAaAGGGAAaAAAAaGAgGAAAAAAAAAAAAAAAA	;HECHHHH9CH>H=HGFCF>GBABGGDGGGGCAFGAGGGGFGHHGGCB?BBC	A	46	G	6	17272630	AG:42	AA:0	GG:0	GA:6	0.00000
1	17272629	T	56	TTTTTTTTTTTTTTTTTtTTtTtCCCTTtTTTTtCTcCTTTTTTTTTTTTTTTTTt	DGGHGGGGGEGG<GGGGHFFBFHC=CFFHFFFFGCFGCFFFFEFFFEEEDDDCDCC	T	50	C	6	17272630	TG:45	TA:0	CG:0	CA:6	0.00000
1	17272630	G	54	GGGGGGGGGGGGGGgGggAAAGGgGGGGgAGaAGGGGGGGGGGGGGGGGGGggG	FHC=H=HGFHFFHDEGFDGGGGGGGFGG@GG>GGGGGFGGGFFHG@GEEDD<@C	G	48	A	6	17272629	GT:45	GC:0	AT:0	AC:6	0.00000
1	17557178	C	145	cctcccccTCCccCTCccCcctCCcCTccCtTCCCTCctCcCTCTCctCCcCccCTtcccttccTtcctcTtcccccCcTttCtctTcccCTtCTTcCTCTccTccTttCCtCctccCCTctcTcCcTtCtTctCCCcCccctcc	ACB>?>?@FFEBAEFGAAGBBGGGBGGBBGG@EGGGA=GGBEFHGGBGCGBGBBGGH@CAHGAB9HCCHCGHCCBCCGCFGGG@CFGCCBGGHFGGCGDGECCECCFCHFFHFCHCBFFFCFCFCFCFGFHFCHFFF@FCA@A;9	C	97	T	48	17557133	CA:60	CC:0	TA:0	TC:27	0.00000
1	21751214	G	193	GGGAAGGGGGAGGAAGAAAGAGGGAGGGGGGAGgGAGAAGaaGAGGgGAGGGGAGAGgagGgGGgGgGGGaGGGGAAGaagGgGggAgggGGgGaggGAAaGGaAAAgggGGaggagGggGggAGgagGAAGaAAggGAGGAgggGggGggagagAagaGggagAgGgaagGggGGGGgGgGgaGAAagaGaA	C@@?>GGHHGDHHEEGDCDCEHIGFIGHHFHEHFHEHEEHGFHEHHGHEGGHHEGEGGGGHGHHGHGHHHFHHHHEEHGDEHFHGDDGGEGFGHGGEGDCGHHGCDDGGGGGFDGFGGGEGGGDGGGGGDDGDDDGGGDGFDGG7GGGGFFGGGGDG;EBGGGGDAFGGFGFEFHGHHFFDEAA>@AB@;B@C	G	131	A	62	21751142	GA:19	GG:0	AA:0	AG:10	0.00000
1	21752681	C	40	CCCCCCCTTCCCCCCTCTcCTCCCCCTCcCCTTCCCCCCC	GGGDDGBEFGFF7FCFFFGDFFFFFFBFEEEEFFDB9A??	C	32	T	8	21752762	CT:13	CA:0	TT:0	TA:3	0.00179
1	27679797	A	193	gAAAGAGAGAAaAGGAAGAGAAAAAAGGGaAGAAaAAAgGGgGggAGAaaAAgGgAAgaGaaAAAAgAAGAAAagAgAGaAAGAAAGaAaaAGGaaAaAGGaaagaGaAAaaaAggggaaaAAGgaAaggAAAaAAgagGGAaGaAgaagaGagGaagaAGgaAaAaagGggAAagaGAAgagAaAAaaGGAa	A?CD?GBDCHBFHCCHHCHCGHHHH:CCCFHCHHFHHHCCCCCCCHCHGGGHDCDHHDFCGFGHCHDHHCG;HADHD?CGHHCGG:CFHGGHCAGGHGGBBGGGDGBGGGGFGGDDDDGGGGGBA?GGDDFFFGGGDGDBBGGBGGDGGDGBGDBGGDCGBDDGFGGGDADDHHEB@@FEAA>DA@?@ACCCD	A	124	G	69	27679954	AA:0	AG:9	GA:11	GG:0	0.00001
1	110949720	C	58	CCccctCcctCtttTcCCcccCcCcTtcctCcttcccCCcctcccccTcCtcCcctcc	9A@GFDGGGDGDDDGGGGGGGGCGGFDGFCGG9EHHGDGHHEGHHHGEHAEHFGFEHH	C	43	T	15	110949566	CG:7	CT:0	TG:0	TT:4	0.00303
1	143767522	A	67	AAAAaaaAaaAAaAaaAaggaAAGGGAgaGgAAaaaaaaAaaaaaAgaaaaaaaaAaaAaaaAAaag	A?>ADECFEEFFEFDEEEFFEEAFGGFEEGFEFEFEDFEEDEEFFEGFFCCFFFFFFFEFFFEEFFD	A	57	G	10	143767513	AA:56	AT:0	GA:0	GT:9	0.00000
1	143767547	G	51	AAGagAaGGggggggGgggggGagggggggGggGgggGGggagaggGggag	@?BDFC@HCDFFFEFHFFFEFGEEFFFFGEHEFGGGGHGFEFEFGEGGF>>	G	42	A	9	143767513	GA:35	GT:0	AA:0	AT:6	0.00000
1	144013853	T	137	TtcTTTTCTTTttTCTtTTcCTCTtTTttttttCTCCTTTTTTTCCTCCcTTtCTTCCCTCTCTTTCTTTtCTtCTTTCtTctCTTCCTCCTTTTCTTTTCTCCtCCtTtTcTCTCTTTTCtTTTTCTttCtCTTcT	CEF@BACF>FEEB;CDDAEGFBFEE6FFEEFFFCEFEFEF=E=EFGEFFFDEFGDCE=FDFDFDD=F?EBFE;FFDBEE6EGFDECFDDEFDB>D@DCDAEEFFFDFFCFDGCFEFDDCAEFEECBCCBCBAA???A	T	93	C	44	144013865	TT:87	TG:0	CT:0	CG:43	0.00000
1	144952220	C	164	tCtTCCcCCtCTCccCCttCcctcCCtcCCCCCCcCTcCCCCCTCCCCCtTCCCTccTCCcctTCCtcCCctCCCcTTcCcCtTCCTcCcCctCCTCCtTCCTTCTTTCCCCCtCCCCTCttcccccccccccccccccctccttcccccccccccttcctccc	AAB@=DDE?D@EGDDFFEEGDDEDGEEDBGFFGGDGFDGGGGFEFGGGFEEFFECCC7FFEAFF>FDEF6EFFEGEFCEFEFEFFBFEGEGEFGGCFEFEGEEBF;FFFBFFFFFAGFFFFFEDEEEEEDF8EEEDEEE:BEDFF:E=EEEEDEAEEEB@@BBB	C	121	T	43	144952078	CC:14	CA:0	TC:0	TA:6	0.00003
1	145015877	G	393	GGGGGGTgGGGGGGGGTGGGTGGGgggGGgGgggGGGgGGGGgGTGgGGtTGGggGGGGTggGGTGgggGGTGTGTGttGGgGGgTGGGGGGggGTGggGGGGGGTGGGGgGGGttTgtgGGGGggGggGggttgggggTGGgGgtggGGTGggGGGGGTgGgGGGGGggggGTgtTGGGggGgTGGgGggtGGGGGgGGtGGgGggTGGGGGgtGGGGGGgGGgggggggtgggggGGGggggGGgggTgGGggGtgtGGggtgGGGGGtTGGGGGGgGGGGGGggGGgggGgggTTGggtGGGggGGGgggGgGggGTTggggGGggGTGGGGGGtGgGgggTGtgGGGgggggGtgggGGGGtgggGGTTGGGGgGGGGGgTtGGGggtg	<CCCE?:B:>BCC:EEEEEGGFFGEFEFG:GFFFGGGFGGDGFGFGF=GCGGGFFGGDGBDFGGGEFFFGFFDHGHHDDGDFGG<GFGGGGFFFGGGFFGGGGGGGGGFGGGGFDDFFDAFFDGGFG=DGEFDBGGBFGGGCGFGEEGG=:GGGFG@GGFGGGGAGGGGGGGGGAEGGGGGFEGGGGGG>GEGGGFGGFGEGGEGGBGFGGGGGEFFGD<FGGGGGFGG@@EGFGGGFEEGFGGFFG@GFEFFGGGEEEFFGEEGFFFAFE<FFFFD>GFFFFEFEBFFGGGFEGBFEFGGDCFFEEFEFGGGFGFGGFFFGGGGEFGFFFFFFFFFEEGFGGEEE=GEE5EEGFGFAE@8DBDDBDDBCDBBCCDCBB>BB>BC=<A?DB9D	G	336	T	57	145016035	GA:25	GC:0	TA:0	TC:5	0.00001
1	145039594	T	306	TTTTttTTTTTttTTTTTcttTtttcTTtTtTttCTtTCttTTtTTTTTTcttCTCttTTttTTCTTTTctTttttttttTTTTTTTTttCTTTtTTTtTTTtTTTTCTTTTTTTTCTTTttttTTTCTTTTtCTTTttTCTCTTTTCCttTTTTctTTTTTCctTTTTTtCTtttTTTTTTTttTCTTCTtttTTTTTTTTTTTtTTCTTTTtTTcTTTtTTTTCTTTTTTCTTTTTTTttTTtttttTTTCTTtTTtTTcTTTTTCtcTTCtttttTTTttTTCttctttttTtTTtttttTTt	A>9>BC===BDFEFFAFFDDDEEEEDFFEEEFEECFEFCBBC>E@FFFFFDDEGECEEFAEEF<GFFFFDEE=FFFEF9EFEFFFFFFEFGEEEFFFCFFEEDEB@FEFEFFE9FFGFEEFFEFFFA?FFFFBGEFFFFFFFF@FEEEFEFDEFEEFFFFDDDEFEEFF<FGEFFFEEEEEE?FFEFFDEEFF@EEEEEEEEEEDFEEFEEEEFEEEEDEFECE;EDDEDEEFEEEEEEECFEEEEFFFEEEEEEEDDFDDDEEEEEFFEEDEEDFEEFEED@CDBBCBBBBABBACB?A?A?ACB	T	271	C	35	145039633	TC:198	TT:0	CC:0	CT:26	0.00000
1	145039633	C	413	CCCCCCCCccTCCCcCCCcCCCcCCCCTCCCCCCCTCCCccccCCCTCCCCcTCCCccCTCTCCCCTTccCCCCtcCCCCCCTtcCCCCCcTCcccCCCCCCCccCTCCTCcccCCCCCCCCCCCcCCTCCCCcCCtCCCcCCCTCCCCCCTCCCCCCCccCCcccccCCCTCCcCCcCCtCCCCCTctCCTcccccCCCccCCTcctcccccCcCCcccccCCcTCTcCCcCCtccCCccccCCTCccccccCCccTCCCCccCTTCCcccccCCcccccCCCcCCCCcCCCcCCCCCcccccCcctcccCCccctCccCCccCCCTCTcccTTTccccCCCctccCCccCcccCCcctTCTcccCTCCcccCCccccccctcCCCtcccCcccccCCCCcctCCcTCCCct	DC@?BB?@DDBCCCFFFDHFE?GDGEGEEGGG@GGEGGFGGGGGGGAGGFFFEGFGGGEEGE=BGGEDGGE@BCCGFEEF;HFDGGEGG<GEFGGGG=GGGG9FGGEG:EGGGGGGEFGGGGGGEH=FDGFGDGGGDGGGHGGFEG6DEGFEGGGFGGFHHGGHFGHDGGGEGGGGGHGGEGGGGGDHAGGEHGHHHGGGEFGDEGHEHGHHFGGGGHHHHH=GGDFDGDGHGGCHHFGHHGHFGDF:HHHHHF<HHDGFFFHGFDDFFGHHHHFF@GHAHEFFGFFFFGFFFBFF?FFDHHHCFHHEHHHFFH>GDFHEDFDHFFDDFDHHHDDDHHHHFFFHCEHF>HHFHHHFDHGE;EC6HHEDECFHGFDFFFGGGFAGCDD@DDECCBCCCBB>AC@=>CA?C?@EB	C	363	T	50	145039594	CT:198	CC:0	TT:0	TC:26	0.00000
1	145103844	G	152	GGGggGAGGAGGAAGGGGAGGAGGGGAAGAGAGGAGAGGAGAGGAGAAGGGGAAGAGGGAAgAGAGGAGGAGGGGGAAGAGGgGAgGGGGGGGgAAGAGgGGGgGaGGGGGggGAgAAGaGGAggAGGGGGAAaggGGggGGGAggaGGGga	?@ACFEFEDDEBDFEDDEFEE5EADDFCEEEF<EFDFEEFDFEEF9=FEEEEFFDEDDDEFGFDEDDEDDEDDDDDEEDEDDGDEG9DD=<DDFAEDDDGDDDGDGDDDDDFGDEGEEDGDDDGFDDCDDDDDBDDBABB<A@B@??A?@DB	G	106	A	46	145103947	GT:68	GC:0	AT:0	AC:33	0.00000
1	145103947	T	331	TcTCTTTCTcttTCtCTttTcttCtTTTttttctttTTCtcttcCTTTTtTTTTCCTTtttCTCTCCccTTCttTtCTTTCttccTTTtCTTttTtttctTCTTtctTttttTTTtcccTCtcTtctttTTTcTTTctCCTCttttTcCtcCCCctTTTCTtTctcTtttttCTtttcTTTttTTCCTttcTttTCTTtcccTtTTttttTTtTTTtCccttTTTCCctttTTTCTTcCTcTTTTtttCtctTcttttTttctctcTtttTTttcttctTCttcttcCtcttTtcctctTTCTCttcccTTTcTtcttttcctttcCTtct	BC?A?>>BBFCBDFEFEDDFGDDFCEFFDBCDFDDDFFFDGDDGFFCFEDFFFFFFFFDDDEFFBFGGGDFEDDFD@FFFFDDGFGGGDGFFDDFDDDHDFFFDDCDFDDDDFFFDGGGFEDGFEHDEDFFFGEFFFEGBFFDEBEFHA9HFFFHEFFFFEEFHEHFEEEEDFFEEDHFFFEEFFGCFBEHFEEFFFFEHHHDDFEECEEFEEDEEEFHHEEEEEDEHEEEEEEEEEHFEGEEEEEDEFEHEEHEEFFECCHDHEGEEEEEEAEHEEHEEFEEACAGEEFEEDEHHEHEEEEEEEEHGHDDDHDEFEEECFFAB@?B>?<B	T	233	C	98	145103844	TG:68	TA:0	CG:0	CA:33	0.00000
1	145109456	C	179	TCCCcCCTCCCTCTCCCTCTTTCCCCCCTTCCTCcCTCCCCCCTCCTTCTTCTCCCTCTCCCTCTCCTCCCCTCCCCCCCTCCTTCCTCCCCCCTCCCCCCCCTTCCCcCTCCCCCCCCCCCTCCCTCCCCCcccTCCCtCCTCCTcccCCCCTTCCTTctTCCTTCTTtTCCtTcccc	>?=GFGGEHEGEGEGEGDBEEAE9GGFGEDFFEGGGEGGGG=GEFGEEGDCEEFDFCFDADFCFDFFDAFFFDFFFEFFFDFFDDFFDFFFFFFDFFFFFFFFDDDFFGFDFDFFFFFFFFFCFFFDEEEFFFGFCCEFEFFDEEBGGGEEEEBEDFBCCCCCCBBCBAABAA>@?DDB	C	127	T	52	145109661	CG:15	CA:0	TG:0	TA:9	0.00000
1	145109493	C	342	CCCCCCCCCCCCCCCCCCcCCCCTCCCCCTCCTCCCCTCCCCCTTCCCCCCCCCTTCCTCCCCTCCCCCTCCTTTCCCCCTCTTTTTCCCCCcCCCCTCTCCCCCCCCCCTTCCCctcCCCTcCTCTCCctcCTCCCCTCCCccCCTCCCCCcCTCcCctcttcCCTCCcCCCccCTTCCTCtcTCCCCctCCCCTCcCCCCTCctccCCccccCcctcTCTcCCCCCCCcccCTTCTCCcccTCCCCtCCCTCCCTTcCTCcccccTTCCtcccTTCcctttcCCCCTtCTCcCTTCCcCCcccCcCCCCtttcCCCCccccCCCCCCtCCTCCctTttcc	BA@BB??>CBGGGGGGGGGEGGGGG>FGGGGGGDDDGHEGEGGGDGDGGGGGGEGGGGFGGFGGGGGGGGFFDDGGFFGFFGGG<GGEGGGGGGGGGDGGGGGGGDGGDGGGGGGGCHGGGGGGGGGGGHEHGGGG5CGGFFCHGGGFGGGFHGGGGGHEHEEGFFFFFHFFFHHFFFFFFF@EFFFDFHEFFFFFFHFFFFFFHEHHFEIIIIFDGEHFFEHFFFFFFFHHHFFFDFFFHHHFFFFFEFFCFFFFFEHFFFHHHGHFFFDEHHH7FFGGEEEHDFFDEEEFEHEE:FEHEEGGFFGCBBDABBCAABAACCC@A@AAA>>>CAAC@CBBAE	C	262	T	80	145109549	CG:162	CT:0	TG:0	TT:54	0.00000
1	145109549	G	511	GTGTGGgtgGTGGGGTGGggGGTGGGGGgGTGgGgtgttgGGTGGgGGGggGTTGGTGtgTGGGGgtGGGGTGgGGGGTGgtggGGggggGggtgTGTgGGGGGGGgggGTTGTGGgggTGGGGtGGTGGGTTgGTGgggggTTGGtgggTTGggtttgGGGGTtGTGgTTGGgGGgggGgGGGGtttgGGGGggggGGGGGGGtGGTGGgtTttggGGGgGGTTggGTTGtGGGGGggtgTggggGGGtggGTGGGGgtGGGTggGGTggGGGGGgggggggggGGTGTGtgGGtGGTgggGGGGGGGgGGGGgGTGGggGTtgggGTGGTgGGGGGTGGggggTGTGGGggTTGGgtGTGTGTggGTTGTgggtgGgTGTTGGTGTTGggGGggGGGTgtggTgGGggTTGGgtgggGGgGGGgGgtgttTgggtTgGGTGGGGGgTtGGTGTgGTgTTGTGGGggtggGgGGTGGggggggTggtgttGGGGTgggggGggtttggGt	DBEBED???A>>==C?CCBCEDBDDCDEDFDFGGFDEDCEHHCGHFGHHFFGEDFHEHDFEHHHGFDGHGHEGFHHHHEBFDFEGGFFFFHFFDFEHDFE;HFHHHFFFFFECDHIFEEEHHHHDHHE:=HEDFHEGFFFFEEEHHDFFFEEHFFDDEGGHHFDEGCGFDEHHFDHGFEHFHGH=DEEEHHHHGGFFGHHGHGFEGG;;HGEEEEEGGHFGGHEEGGGDDHEHHHGGGGEGEGGGGHGGEGGHEHHFHGEGGHEGGGHEGGHHHHHG<GGGGGGEGGDHEHEGHGEGHDGGGGGHGGGFGFFFFGGDGAGGHAEGGGGDFGCGGGGGGDGGGGGFDGEGGGGGDDGGGEGDGDGDGGGADGCGG?EGGGDGDCGGDGDDGFFGGGGGGGCGEGGDGGGGGDAGAECFFGGGGGGGGGEEGEECGGGEDGGGDGGGGEEDEFGDFCGCCFCCFDGGFG8CFFGDEFDEFDDCCCCCBB>A??CDDC@A9???@@B===;>CB	G	384	T	127	145109493	GC:162	GT:0	TC:0	TT:54	0.00000
1	145109661	G	592	AGAaggaggGGGGggGAaggggGGGgggGAGggGGGggggggggGggggggaGGgggagAAggaAGGgGGAgggGGGGGagaGGAggggggGggggaAGGGGggggGAAagggggAGggggagGGagggagGgaGAGgGGGGggggGGAaggGGAGGGGgGGGgAGAaaggagGGAAGagGggGGAaagGGGGaggGGGGGgggggAGaggGAgAGAggggaggggAAGAgAGGGGGgggGGGAggGAgGGGAGgGGGGGGGgagGGGGggagggaAGAAGagGGggggagGGGAgGGGggAGgGAGggagAAAGgaggggaAgggAGGGGGgaagagggAGAggGGGgagggaAGgaggagGGGggggggGGggaggggggGggGGGGGgaaaGgggGAaGggagGGgAGAgaaggaGgGAAAGGgagggggGGGGAggAggggggAagGAGAGaaggaggGAAgagGAggGAgggggaaGgggaGgggGgagggaGGgggggaaggggagggaagagggggggggagggGGgaggaggggaaaggagggggggaagggagagggGggagggaggagaGagggaaggggga	E@ECACACC<;;<@@<@A9BB><<;BBC?D>D<@B=FGFFGFGGBDFFFFFCCAFFDDEHGEECC@=FCCHFFFCC@CCDDC;BHFFFFFFCFFFBDHCCCC;FFFCGHDFFFCFCCFFFFCFCCDFFFDFCFCCHCFCCCCFFFFCCHDFFCCHCCCCF@ACFGCHDDFECFCBH<CD<C=FCAHDDFC@C;DGFC?CCCFFFF>HCDFFCHFHBHGGFGDFEFFHHCHFHC<B>CFFF:CCHGECHGCBCHCFBC<CCCBFEE:CCCGGEGGG5HCDHCEGCCEGGGEG@B?HG@CCGGH?GCGCAGDGHGHCGEG=GGDHA@GHCCB>CGEEGEGGGECHGGCBCEBEEFDFCFEGFDFCCCBGGEGEACGGEGGGGDGB9GCABCBGEEDCGGGAH@BGGEGCBGGBFGEDGEDBEBGGG@BGEGGGGGB9BAGGGGGGGEGCGEFBGBGBEEGGEGGBGGEEGAFGHBGFEE8FFEB>FGEBGGGBGEGGGEB@G@GGGEEAGGGEFFGEEGEFGGGEGGGF@FEGBBDE;GCFEGGEEEAGEEGGGGGGEEEGFCFCGFGCFEDCCDACA?A?>>>@9BBDDDADB	G	447	A	145	145109456	GC:15	GT:0	AC:0	AT:9	0.00000
1	145112285	C	51	CCCCCCTCcCCCCCTTCTTCCCCCTCCCTCTCTCCCTTCCCCCCCCCCCCc	=CDEDDG>BDDDDDGFDEFCCCCCFCCCFCF@FCACCFCBCCBBCCC@@C@	C	40	T	11	145112288	CG:39	CA:0	TG:0	TA:11	0.00000
1	145112313	T	119	TCTCcTTCTCTTTTTTTTCTTTTTTTTTTCCTTTCTTCTTTTTTCTtTCTTTTTtTTTTCTTTTTTTTTCTTTTTCTCTTTCTTTTCTCTTTTTTCTTTTTttTCctTcTTTCtcTTTT	DFC=FEEFEGEEEEEEEEGDEDEEEEEDEGEE@CFDEFDDDDDDFDFDFDDDDCFDDDDD:DDDCDDDDFDDDDCFDFCDDFDDCDFDFDDCCCDFDCDCCEDCCCCC>ABAB:?A???	T	94	C	25	145112485	TC:30	TT:0	CC:0	CT:8	0.00000
1	145112420	C	623	CcCCTCTTcCCCCCCTCtcTCCcTcCCCCCTCCCcTCCTTcCTCTCcCcTTTCCCCTCccCCCCcTcCccCCCccCTCCCCcCCtCCCTTCcccCCTCCcTCCCCcTcCCCCTCCtctCTCCcTcTCcCCCTcccttCCCCCTCCCCCCcCcTCCctcCCCCTCCCccCTCtccCCCTtCCCcTTCCCttCTCCCTCCCCctTTCCCCTCCCCCCCCCTttCCCCCTCcTCcCTCCCccTCCCCTctcccCCTCCCCCcCCCCCCCcCTcttctccCCCCCcccCcccCCCCCCttcCTCTtcCCCCcCCTCCCCCTcccccctcCCCCcccccccCCCCtcccTTttccCCCCTctcCCCCCCTTccccCCCCCccCccCCCCCcccccCCCCTTctCCCCCTCcccTCCCCCCtcccTCctCCCCCctcCTCttCCCTccttctctCCccctcccccccccCTCtcctcTCCCTCtccCCTCTctCTCCCcccCCCCTCcctccCCTCccccCCCCccccTCccctccCCCCCcccccTTcccCTCCCtcCcCCCcctccCCCCCTcctCCccTCCCCTtttccccccCCCCCccttcCCTCtttcCTCCCCccccccccc	BC@@=;<::B<?ABB@AD>BCC@DCFF:EFDGGGB?5GEEBFEGEGBGBEAEFGEGEGBBGGGGBDBGBBGF6BBGEGGFGBGGGGGFFEFBBBGFEG>BFFHGGBEBGG>8E6FGBGGEGGBCAEGBGGGEBBBGGGGGGGEGGDGGGAGCDGFBGAGGG?EGGGCCEDGGCBEGGEBDDDCEEDGEGHGDFGGEGGGGCHEDEGGFEGEGGGGGGEDHHGGGGGEGBEGCGEGGGCAEGGGGEBG8CCGGEGEGGGCEGEGGGG@GE:HHCGCBGGGGFCCCFCCCG<GFFFFHCFDFCGCFFFFCGGEGGEGGECCACCCHCEFFFC@CB>BCGFFFFBCCDDHH5CFFFFDCGCFFFF?FDDCCCCFFFFFCCFCCFFFFCCBCCCC>FFDCBHFFFFFDF=DCDFFF=FFFCCCDFCHFFFFFCH@FDFHHF99CCCFGCHCHFFCCCHCBCCCCCC?FDFFA=GBDFFFDFHCBFFDFCCDFDFFFCCCFFFFCFCCHCCFFCFCCCCFFFFBBCCDFCCCGBBFFFFFCCCCBCCCC=EDEFFHCFCFFEAAFBBFFDDGDAAFDC@@CCBBCACCC<>====AAABB;>>B=>>AB=@@=<A???@@:>@@7=@@	C	488	T	135	145112288	CG:32	CA:0	TG:0	TA:7	0.00000
1	145112428	C	644	CCTCCcCcCCCCCTCCCccTCTCCcCtCccCCTtcCCCCTCcCCcTCCCCCcccCCCCCcCCTCCcCTCcTCCCCCcccCCTTcCtCCcTCCTCctccTCTCCCCCCCTCcTCcCTCcccTCCTCTCCccCCCcctCCCCCcTCCcCCTTccCCCTTCCCCCCtcCCCCTCCTTCCCCCCTCccCCTCCCCcCTcCCCCCctCTTCTCtccccTCCCCTCCcTCTCCTCcCCtccccccCTTCCctcCctcCCTTCCcctCCCCccCCCCcTCCCCCTCTCccctcccCCCCccctccCCCTccccCCcctcTCTCCtccTTCTCTCCccctCCCCCctCcccCCTCTCttcccCCCTCCtcCCCCCCTtctCCTTCTTctccCCccCCCCCcctTCTccCCCCcccctctcTCtttcctctcctccCCTcctctCTCCCTcttCTCCCccCCCTCCtccCCTCCTtccctTTCCctccCCTCtctcCCtcccccCCTCCcctctCCctcTCCCTccCcTCCtccccCCTCCCctcCCccCTCTCCccctcccccCCCCTccccccTTCCcccCCTCCTccctccctctCTCCCCcCCCCCCtTCCTCCCCCtcccCCttcccCTCctcCCCcCTCcccTCTcc	A;DBBC@BABB8<AACCCCFGFGADGDGCCGGGEDGGFGEGDGGDG@GGGDDDDDGGGGDGGGFGDFGGDGGGGGFDDDGGGFDGDDGDHHFHHDECCEGGGGEEGGGGGDGGE8GGDDDGGGGGGGGDDGGGEDEGDGGGDGADEGGGGEDGFGFGGGGGGGEDFGGBGGGGGEGGGGEFGEEGGEDGGGDFFDGGGGGEEFGFGGGFEDEEGFGGFFGFDGGGGFFFEGGFEEAEEDGGGGGEFEGEFEG>GGDFDDFGGGGDEGGDGEGGAGGGGCGGEEEFEEEAGGGED?BEEGGGEEEEEGEEEEEGFFGGEBEEEEECGGGED;@FFFFFEFGEDEGGFFGBFFDEEFFFFFFEEGFFFGFFFEFFFFFAFEEFEEFFEEFFFF7EEDFGFEEF@FFEAAD@EEEFFFFFEEFDFEECEDFFFEEFEFFDFFEEEFEFFFFFEEFCFFFFFFEFFEFFEFEEDFFFFFEFEEFFFFFEFEFFFEEDDDFFFFFEEDDEFFEEEFFFBFEEFEFFFFEEEEFFDFFFCFEFFDEFFFFFFEEEFEEEEBFFFFEEEE?DDEEFFEEDEE=EEEEDDEEEEFEFEEEFDFEEEEFEEEFFFFGGGBFEDDCCD?B@ABABB>@@AAA@@?@>@:C?C?A	C	491	T	153	145112485	CC:260	CT:0	TC:0	TT:92	0.00000
1	145273302	A	582	AGAAAAAGAAAGAGAAAAAAAGAAGAAAGAAGGAAAAGAAAAAAGAAAAAAGAGAGAAGAAAGAAAGAGAAGGAGAAGGGAAAAAGAAAAAGGAAAAAAAAAGAAAAGAGAAAAAAGAAGAAAAAAAGAAAAAAGAAAAGAGAAAGAAGAgAAAAAAAgaAaaAAAgaaaGAgagaGAAAAAAaAGAAGAAAaaAAAAAAgaGAAagGAagAAGAAAAaagaGAaAAAAaaaaAAGAaAAAaGAAAGAaGAAAaaggGAAAaAAAgaGAGaaaaaAAAAGAgaggaaaggaaAAAAaagaagAAAAAAGAaaAAAAAAAAAGaAAAggaGGAGaaaAGGAAAAAAaaaaAGAAAAgaAAAAAAgaaaaAAAAagagaaAAAAAAaAAAAAAGAAGAggaaAAAAaaaagaaaaggAAAGGAaAAAAaaaaaagaAGAAAaaaaaAAGAGggaaAAAGaaGGAGgaAAAaagaaGGAGaaaaaaaaaaAaaaAGAAAAgAAGAGaaaAAAAaaaAAaAAAGAAGAGAGAgaAAAGgaaaGGAAAAAaaaAaaGAAgAAGAAGAAAAAAGAAaAAAGAAAAaaa	<@9A<A@?<CBAEDEDDE8FED=BEEEFEF?EEFBEFEFEE9;FEBFFFBFEEEE@FFEBEEEEFEEFEFCEEEEFFEEE>GFFFEGGFBFEEEF>FFFFFFEFFEFBFEFFFFFEEFFEFBEDFEFEFFFFFFEEFFFE;EFFEEFFEAGEEFBFB:GGFGGEFDGGFFDFGGGFDEFFFEEEFEFFEFFFEG9F@EFFGGEFFEGE<GFFFEFFEFFFGGEFBFEFEGFFEFFEFGBFEG9EEEEFGEDFEBECGCDFFG=FEGGEFEGDGFDFFFDCEGGGGGGG>GFFEE<EGGGFGGEEFDEEDEGF=E==DEED=DGEEEGGGEDCDGG<EDDEEEEEEGGGG=DEE=EGGEEEEEEGGGGGDEDDHH9HFE5AECEEFEEEEEEDEEDEGGGFEEEEGGGGGGGGGGGEEEDDEGBEEEEGGGGAGFEDDEEEEGGEDEDDDGGGFEDEDGGDCED9EDEEGGGFEDDECFGG;>GAGGFDEGGDDECEEGDDCECGGGDEDDGGGEEGDEEDDDCDCEDD?EC?EDEEAEDDDDCC;DDCBBAAAAAA?>A?ACBBCBBBCACACACCC??DD;	A	452	G	130	145273345	AT:330	AC:0	GT:0	GC:91	0.00000
1	145273345	T	796	TTTCTTTctTTttTTTctttCTctctCTTTTTTTtTCTTCTTTttTTTTTctCTTtcCTTtcTTCTTTTttctCTtcTTTTttttTTCTtTTTtCTTTCTtCTTTttccCTTTtTTTctCTCtttttTTTTCTctcctttccttTTTTttctttcTTTTTTCTttTTTTTTTTTCtTTTcctCCCttTCCTTTTTTttttTCTTTTctTTTTTTcttttTTTTtctcttTTTTTtTTTTTTCTTCTTccttTTTTttttctttccTTTCCTtTTTTttttttctTCTTTtttttTTCTCccttTTTCttCCTCctTTTTttcttCCTCtttttttttTtttTCTTTTcTCTCtttTTTTtttTTttTTTCTTCTCTCTcttTTTCctttCCTTTTTtttTttCTTcTTTCTTCTTTTTCTTtTTTCTTTTtttTTTCTttctcTTTTTTCtcttttttttcttttcttCTTttttTTtTTTTCttTTTCTtttttctTCCTtctTCTCTTTTTtTCCTtttTTTTTCttttCTTccctCTTttTtTTTTCCcCTCTTTcttcTTTTCttttttCTtttCTCCttttTCTcTTTTtccttctTTtTTTTCtttttcctCTTCTCttctttctTTTTCTCTTcctttTcttcttttttctttctcTTTCTTTTttttTTTTtttTCTttcccttTTCTCtctttttttttttTTTCtttTttCTCTTtTTCTTtccccCTTTTTtccTCCttttctCTCTCTttCCTTCTtttttTTTttttTTTTTtttcttTtttt	BBDDCDBCCB???=@9B>>ABACBBBDDCBEFEFEEFFGGGCEEEGAFAFDDF>GDCGGAECGGGGGGGEEDEGGE<FGGFEEEEGGGGEGGFEGGGGGGEGGGGEEDDGGGGEGGGDEGGGEEEECGGGGGFDEDDEEEDDEEGGFFDEDEEEDGGFGGDEFEEHGHFGGGGGDEGGG?DEGGGEEGGGGGGGGFEFEEGGGFGGDEGGGGFGDEEEEGFGGEDEDEEGG?GFFGGGGEGGGGGDFEDEEGGGGFFFFEFFFEC:?GGGGFGGGGEEEEEEDEGG5GGEEDFEGGGGGDE<AGGDGFFGDFGAD<CGGFFEFFGGGGFFFFFFFF@EFFFGGGFGGEEGGFFFFEGGGFFFGGFEGGGGGGGGGFG8EFEG>?FEFFFGGGGGG@EEEGCFGGGDGGEGGGCGGGGGGGFFGEGGGGFGDFDGBGGGFFEFDGFEGGGGFEFFAFFFBFEFFFFEFFFFEEFFFFFEFFGGFFDGEGGEFFFEFEFFFDE?EFDFFFGDCFEFFFFFFEFFFFFFFFFEDFFFEEEFCFEEFFFFFDFFFECCFFEEEFFEEEFFFFGGEEFFFEFF@FFFFFGFFFFEFFFFFEEFFEFFEFFFFFFHFFFFEEFFDFFFFFDCDFEDEFFFFFFBEEEEFFFFEFEEFDFFEFEFFFEFDFFFFCFFFFFFFFBFFFFFBFFEFDEEFFFFFFFFEF=F=FFFFFFEFFFFEFFFFFEEEEEFEFFFFDEDEEEFEEFE@DDFFFCDDDDECDDEAEBBACDDCB?A?@@BB?<@<??CBBB>>>;;@AC@AC	T	616	C	180	145273302	TA:330	TG:0	CA:0	CG:91	0.00000
1	149648627	A	45	GGGAggGggaGGGGgggGGGAggGGggGGAGGgggggGAggagGg	=CEFCCECC9B<EECCCEEEF@CEECD<DEEEDDDDDDEDDFDDA	G	39	A	6	149648547	GC:16	GT:0	AC:0	AT:2	0.00654
1	152188920	C	61	CCCCCTCTTCCCCCTcCTCCtCTTctTCCCCctCCcCccCCCcctcCccTCTcCCCctcTC	ADDDDGDHDEEDDD>@DGDDHDGGAHGDD=DCAC9CDB>CCCCCHCCCDFCFCCCBCHADB	C	45	T	16	152188847	CA:10	CG:0	TA:0	TG:3	0.00350
1	161599693	T	82	ccCCCCTTcTCTcCCcCCccCccCccCcCCTcCCCTTtCCTTCCCCCtCCCTCCCtttTCttCCtCCCCccccCcCccCCCc	ADF@FGEEFBGECGFEFGFFGEFGFFGFGGFFE;>EFFFGFFFFFDGFGFFEEFEEFFEEFEFFFEEFFEGBGEGEEFCBB<	C	63	T	19	161599773	CA:18	CG:0	TA:0	TG:2	0.00526
1	214656697	C	34	TCCcCccTccCcCCCTtcccccTcccCtcccccC	GD@ADBBGB@@BDDDGHCCCCBGCBCCHCCCABC	C	28	T	6	214656669	CT:10	CC:0	TT:0	TC:3	0.00350
1	234529519	C	69	TCCTtTCCCCTccCcCcccTCCCCCTCcCtCCctTCCctcccccCttCtcCCTCctcTCtcccCcccTc	D>BCGGDGGGFBBGBGBB;GGGGG=GGCGGGGBHGFFCGCCBC@FHHFDCFFFFCH:FFHCCCFA?<C:	C	50	T	19	234529570	CG:22	CA:0	TG:0	TA:9	0.00000
1	234529540	G	71	AggGgGgggAGGGGGAGgGaGGgaAGGgagggggGaaGagGGAGgagAGaggggGgggAggaaGagAGagg	BAC@BCEEFHBCCCBHCFCFCCFFFDDFFFGGGDCGGC@GCC>AGGAGBEGGG:?GHFG8BGBAFAFABB?	G	51	A	20	234529570	GG:29	GA:0	AG:0	AA:14	0.00000
1	247875608	C	108	CGGggCCCgccccCCcGcccGCccgCcgcgCggcCcGgccgggCcgCCccCccCcgCcCcCcCcccCccgcGCcccCCccgGCccccGGCGccCGCCgcGgcccCGCG	DBC?@;BEEGGGGGGGFGGGGGGGFFGFGFDFFGGDGFGFFF@GFEGGAHFHHGHGGGFGGHGHHHGHHGHBGHHHFFHHEFFHHGHFFFFHGFDFFDHFGHHHEBAC	C	76	G	32	247875583	CG:63	CC:0	GG:0	GC:22	0.00000
1	248113026	T	60	AaaaaaaaaaaaaAaAaaTaAATaaAaaaTATAaAtAAtataAAaaaaAtAaaaaaaaAa	C?A@C@6DDDDCDFDDDCFDFFGDCFEEEGFGEEFDFFEEDCFDBEEEEEEEEEDD:?C>	A	52	T	8	248113040	AG:44	AA:0	TG:0	TA:8	0.00000
1	248113040	A	57	gggggGgGggAgGGAggGgggAGAGgGaGGagagGGggggGaGgggggggGgGGGGg	A?@ADFCFCCECGGECCGCCCFGFBDGGGFGDGCGGDDDDFGEDD?DD?DFCEEFE?	G	49	A	8	248113026	GA:44	GT:0	AA:0	AT:8	0.00000
1	248637480	A	387	AGAAGAAgaGGGAAAAAaAAGAAAAaGAAAaaAAGAaAAAAaaAAaaaAGAaGGGGaaAAAAAaaGAAGAaaAaGAAAaAGAAaaAAaaaaAAAaaaGgaaAAAAAaAGAAAAgAAaaAaAAAAAAAGGGGAAaAAAAaAAAaAGagaAAAAAAAAGGgAaAAAAGAAggAAGAAAAGaAGaGAaaAAAGAAaagaaaagAAaaAAAaAGAAAAaagAAGAAGaAaGGAAgagaAgagaAGgaaGAGaaaaaaaaaaAAGAAAAAaaGagAGaAAgggGAAGaAGGAgaaAAaaGGaaaGaAAaaAagagAaaagaaAAagaaaaaGagAagAaaGaAaaAAagGAgagAaAAgaaaaAagAAAGAAggaaaaaAaGaAGAAAAAaa	E@CC<@@AB;=@DBDFFFHHCCHHHDAHHHFFHH8GFHHG:FFHEFDFH;GFCC>BFFHHHHHFECHECHFFFFAGHIEH6HHFFCH;FFEHHHFFECFFEHHHGHFHCHHHH>HHFEGFFHHHHHHC@CCHHFHHHAGHHHGHCGGGGFEGHHEECCGHCGHGHCGGGFHHBGHHHCGHCGCHGFHHHCHHGGBFFGGGHHFGHHGGHCHHHHDAGHHCHACGHGBBHHGFGGGFFGGGBGFGCHBGGGGGGGGGFHHCHHHHG:FBFFGBBGGGGGB>GBFGCBGGGFGEGGBBHGHBFGGGHGGGGGGGGFFGGGGGFGGGGGBGGGGGGGGBGGGFEGGGBFGGGFEGGEFGFFGEEEEF:DCBBB;B@>BA<?CAACCACDC	A	298	G	89	248637391	AC:22	AT:0	GC:0	GT:8	0.00000
1	248737294	C	99	CCGCCCCCCCCGCCCCCCGCCCCCCCCCCGGcCCGCCCCgGCCCGCgCGCGcCGggCCccCcCGCGCGGCGCGGGCcCCCCcGCGCGGGCCGCGCCCCC	GFGGFGFCFGGDGG>FGFGFGFEFFGDDFFGHGECFEFFGFFGGFEGFFCCGFFGFEEHGEHFFFFEFFFFFFEFEHDEEFHFEEDFFFFEGFFDDB>?	C	69	G	30	248737348	CG:52	CA:0	GG:0	GA:26	0.00000
1	248737348	G	222	GGGGGGGGGGAAgGGGGGaAGGGAGaGAGAgGAaaGGggGgGAGAGAAGAGAAAGgGGGGgAGAGAAAGGAGAGGGGGAAGGAggGGGAGAAAGAAAAAGGGGGGgAaAGAgAGGGGaGAGgGGGaAGAaGGGgAgGggGaAAaGggAaagGAGGGAAAgGGggaGGGgGAggaaAaGgaGGGAgGGgaaAGGGGGGAGAGGaGGgAGGGAgaggagGGaag	;>AACACCCAHGCCCCCBFCACCHBFCHCHCCHFFB<;CBCCHCFCHHCHCHHHCDBBBCDFCGCHHHCCHCHCCBBCCGCCHDDCBCHAHFFCHFHHHCBCCBBDFGGAGDGABBBGBGBDBBBGGBGG?BBDGDBDDBHGGGBDDGEECBGB<5GGGDBBDCGBBBDBGDDGGFGBBGBAAEABBCFFB@@@@A@E@D??B=>>B:==B:B=<?<?CAD?	G	141	A	81	248737294	GC:52	GG:0	AC:0	AG:26	0.00000
1	248814126	G	166	AgAGGgggGggGGggGgGgGGAAaAGgggAAAGGggGagaggGgGGggGGgagGGAGaGAAGggGggGggggGAgggGGgGgaAGGagAgagGaGGagGGggGAGggggGaaaagGGgagGgaGAggaaggaAGaGgggggggaaggAGggggGgggGgaagGaag	ECC==@@B>AB??CBCEAE<CHHFFCFFFFHGBCFFCFCFFDAFCCFFCCFFF>CHCECHCCF@CFFCDGEFCHFGG=CDCGGCCCGGHGGGCGCCGGCBGGCHCGGFGCGGGGGCB<GGCGGCFGGGGGGGHBG@CGGGGGGGGGDGBGGGG@GGGBGDFC?B;D	G	122	A	44	248814216	GC:9	GT:0	AC:0	AT:4	0.00140
2	70524576	C	119	CccCCccCCCCcCcCccCCCccCCCCcccCcGGgCCCCcgCCCCgGCCCCCCcCcccCCcCcGggCCCcCcCCCccCcgcCcCcCcCCCCCCccCcCccccCccCgCCccgCccCCcCc	?DDDEFGGEBGGGGGFFHGGGGEGGGGHHFHHHCGGEGHDGGGG<HGEGGGGGFGGGGFGGHHDDGEGHCGGGEHHFCDHFHFHFHFFC<CCHHFGFHHHGFGGFDFFHHDEGGFB;CD	C	107	G	12	70524606	CG:83	CA:0	GG:0	GA:10	0.00000
2	70524577	G	115	TaaAAaaAAAAaAaAaaAAAaaAAAAaaaAaGGgAAAAagAAAAgGAAAAAAAaaaAAaaGggAAAaaAAAaAagaAaAaAaAAAAAAaaAaAaaaaAaaAgAAaagAaaAAaAa	5ACCFEFGA:GFHFFCFFIHFFAFHHFFGHFEEFHHHHEGGHHGAEHHG@HHHGGGHHGFEFFGGGF?HHGGHCGGGEGGGAGGGGGGGGGHGFGGGGFFGGGGDGGFFGGE<C@	A	102	G	12	70524606	AG:80	AA:0	GG:0	GA:10	0.00000
2	86422416	T	125	cTTTcTttCcCCTCTTCTTTTTTCTtTTtTTTtcCCTTTtcTTTcTttCTTcttCTtcCTtcTCTTTtTTTCCTTTcCCTctTTTcTCTTtTttttCCCTttCCtTCtTTttCTCTCTTTttCCT	BEEBDCEEGDGFFHEEGEEEEEEGDD;EFDEEFEEGEEEFEEEEBDEEGECE>FE<B?FCFE9GEEDFDDDFD;?<EFFDE:DDDE@DDDFDFFFFF?FDFFFFFDFFDDFEDDC=?AA<A:@BA	T	85	C	40	86422421	TT:81	TG:0	CT:0	CG:39	0.00000
2	86422421	T	127	TTgTttGgGGTGTTGTTTTTTGTtTTtTTTTtgGGTTtgTTTgTttGTTgttGTtgGTtgTGTTTtTTGGTTTgGGTgtTTTgTGTTtTttttGGGTttGGtTGtTTttGTGTGTTTttGGTTtTtG	<EEDEEEFEEFEFFEFFEEBFEEEECEFDEEDGEEFFFGFCFDDF>EFEGFEEFEFEEFGEDEEFBEEEE;DDGDDEGEEEFGADEEFEEFGFD<DEFFDDFEDFEEFF?ECCDDDDF>DCCCBA>B	T	87	G	40	86422416	TT:81	TC:0	GT:0	GC:39	0.00000
2	179300971	G	165	GAGGGGGgGGGGGGgAGGGGAGGAAGgGAGgAGAAGGgGAGgaGGGGAGGGAGgAgGAGggAGGgggGGGGgggGagggGgAGAgGaGGgGGGggggGGAGagaAgaAaaagGGGaggGaaAGGggaGgggGaagGAGggGGGGGaaggggGggaGGGGGGaGgG	BC@?@>AAEAFGGFFFGGGGF:GGF8FHGHEFGEEBGFGADDGGGAGFFGGFGGFGFEGGGFGFDGGFGGGGGGFEGGDGGF>FDEEGFGGEFGGGGFFEFGGGEGGEGDGGCEFGG8FHHEFFGDGFGGGEGGGEEFEGFEFBFGGFGGFGEDC>CDC=B?A?A	G	124	A	41	179300979	GA:112	GT:0	AA:0	AT:40	0.00000
2	179300979	A	169	AAAAaTAAAATAATTAaATAaTATTAAaATAatAAATAAATAaTaATAaaTAAaaaAAAAaaaAtaaaAaTTaAtAAaAAAaaaaAATAtatTatTtttaaAAAtaaAttTAAaataAaaaAttaATAaAAAAAttaaaaAaatAAAAAAtAaAAaAAAAAttttAtat	>?@CDDDEFFFFFFFFFFFFFDEEBFFFFEBFEFFFFFFFFFFFFFEAFFFFFFFFFFFFGGGFEGGFFGFFGF>FFGFFFGGDFFFFEFGFDFFEFFFGFDEEFGEFFFEEEGEF?EDGGEFFEEEEFCEDEEFFGGGGEEFFAEEEBEFEGDDEEFFCCCA>>AA@C	A	123	T	46	179300971	AG:112	AA:0	TG:0	TA:40	0.00000
2	179315757	T	58	TTTTtTTTttTTttTGTgTGTTTtgtGGGTTTTTTGTTttGTttGggGTtTtTtgttt	F@GGGGFGGGFGHCEGCCGG@GGHDHGGGD:FGFFEFEGGFEFHFDCFFHFHCHDH9;	T	44	G	14	179315781	TC:34	TT:0	GC:0	GT:13	0.00000
2	179315781	C	66	cCCcCCtCTCCCctcTTTCCCCCCTCCCccTCccTttTCcCcCctcccCcccccctCtctccctcc	AAFFFFEGCGFCFEGFDEEBBGGBEF@GGGFDFGFEFFFGFGDBFCFFFGGGGFGEE:FFGFDEA?	C	49	T	17	179315757	CT:34	CG:0	TT:0	TG:13	0.00000
3	13679688	T	112	TTATTTaAaATATTTTtTtATaTATTTaTtTtTAAtTTtAtttATTATTaATTAtatTTTTTTATttATatttaatTTATtTttttaatTtttttatTatTaatttttttat	C;HGEGFHFHGHGGGGFDG@GFCHGDGGAHDHGHBHGGHEGHHHDGGEEGFFGGHGHFFFFFFGFGHG9GHFHGFHFFGFHFHHHHGGGFHHHGGFEECEDBBCC@BC@@DE	T	80	A	32	13679708	TC:71	TA:0	AC:0	AA:27	0.00000
3	13679695	C	120	ACCCaAaACCACCCCcCcACaCACCCaAcCcCAAcCCcAcccACCACCaACCAcacCCCCCCACccACaacccaacCCACcCccccaacCcccccacCacCaacccccccacAcAAcccc	EAA?CFDADEDDADDGDGHDDBH7ADDAG@HDHHHCDHEHHHHDDHDDEHDCFHEGCCDCCCGCHHGCEEHHGFEGCCGCHCHGHHDEHCHHHHHEGCEGCEEHHHGHHHCHFEEECCEE	C	83	A	37	13679708	CC:77	CA:0	AC:0	AA:31	0.00000
3	13679708	C	130	ACCCCcCcACaCACCCaccCAAcCCcAcccACCACCaACCAcacCCCCCCACccACaacccaacCCACcCccccaacCacccccacCacCaacccccccacAcAAccccAcccacccaaaaaAAccacCc	BDFEGDGDFDEBFF@EEDDGFDDDGDFDDDFCGFGG=FFGEEFEGGGGGGFGEDEAFDEEEFFEFFEFEFEEEEFFEFEEEEEEFEFFEFFFEDEEEEEFEEEEEEEEEEEDEEEEECCEDEDC@?A=>@	C	88	A	42	13679688	CT:71	CA:0	AT:0	AA:27	0.00000
3	195426305	T	102	CCcTtTTCCTCTTCTTCTTCTTCCTTTTTCTTTTTTTCTCTCTCTTTCTTTCTcTCTTTTTTTCTTTCTTTTTTTTCTTCTTTTCTTTTCTCCCCCTTTTCT	=EBEGEDGGEFEEGEEGDEGEEGGEEEE;GEDDDDDDFEFDFD@DEDFDDDFD:DFDCDDDDAFDDD>DDDDDCDDFCDDDCCCFCCCCECEGC=AA@@AA?	T	70	C	32	195426490	TA:17	TG:0	CA:0	CG:7	0.00000
3	195426490	A	156	aaggaaaAaagagaaaaGggAGaggaAGaaaggagaaagaaaaaagaaaaaaaGgaagagagAAGAaAaagaaagagaagaaaaaaaggaaagagaaaaaaaaagaaGaaagggaGaaagaaaagaaaGgaggggaaagaaaagaggaaagaagga	C>C<BCBADDDBGDDDDHFFEHDDFDEHDDDFFDFDDDFDCDDDDFCDDDDDDGFDDFCDDF>EHEDEDDFDCACDFDDFDDDDDDDEFDDDFDF=EDDDDDDDFDEHCEEGGFBHEEEEEEEEEEEEGGEGF@GDAAEEEEEGEEEFEEFEE=@9	A	105	G	51	195426305	AT:17	AC:0	GT:0	GC:7	0.00000
3	195452619	C	50	CCCCCCCCCTCCCTTCCCCCCCCTCTCCCCCCTCCCcCcCCtCcCcCCtC	E9FEEBG9GFFEEE<AGGFGFBFEF;FEFCGEDEEEEEEFEDFBDDFB<A	C	42	T	8	195452645	CG:35	CA:0	TG:0	TA:6	0.00000
3	195489067	C	112	GgCGgcCgCCCgcCcGCCcCCgccCGCCCGccccccGCccCCCGGCGGggCgCgCgCgGcgCggcgcgcgcccCCCcggCCCcCcccCGccccccgcccccccCcCccGgcc	6A9=BACBDDDCBEAC@CB??CBBDCDDDCBBBBBBCDBC@D>CCDCCCCDC6DDDDDBCDACBBDCDCDCCCCCACDD=DBCCCCCCBCCACCCD>C@ACCCC@C8=BCAA	C	78	G	34	195489009	CC:34	CA:0	GC:0	GA:16	0.00000
4	100212197	G	60	AGgGgGgggGAgGGaGgGGGggaAgaggagggGgGgaaaagGgaGGaggaaggaGGgggg	E7C@GCFFFCHFBCDCFCCC<F=HFEGFCGGDCGCG7DDDGCGECBBDGAEGF>BBEFD:	G	44	A	16	100212173	GA:37	GT:0	AA:0	AT:15	0.00000
4	185655190	C	45	ccgcgcCGCcgccCgccCGGCcCCCcCCCccCCcGCgcCCCCCcg	<BCBCBFEGBCBCFDCBFDEFCGGECFFFCCEEC;FBCF;EEEC?	C	35	G	10	185655171	CC:33	CT:0	GC:0	GT:9	0.00000
5	711030	A	109	ggggAgagaAAaaAaaaAgAagaaaAggaaaaAAaaaAAAaaaAaaaaaaaAaAAaaAAAaaaaaaaaAAAAAaaaAAaaaggGAaaaAAagGAAgGaaaAaAgaaaAa	?C>@>GFFFECEFFFFFFFAFFFFFBFFFFFF@FDFFEEEFGG:GF:EEFGFFFFG<E<E8A88A<GFEEEEFGGFEDDB;=AFEEFG>EGGFEECFG9<EGD@>7?C=	A	91	G	18	711035	AA:80	AG:0	GA:0	GG:14	0.00000
5	711319	C	130	ccCCCCcccgcCgccGccCcgGcCGGCCgcCCcgGCcCGGgGcgCccCCCcCCCGcggccCCcgCcGCgccGGGGCCCcccCCCCGCCCCgCCgCcCCCGCCGcgcgGgCCCGGCGGCCcCcGCgcCCCc	>B??CCDCDFD@FDDCDD?DFCDEBBDDFD9DEFA@DCCCGADG@EE8D9EDDDCEGGEDCDEGDDC@DEEAB<CD=CDE:D?CDBCCCCCCCGCECCBBCCBDGEGBGCCCBBCABBCECDBDD@?@A?	C	90	G	40	711320	CC:87	CT:0	GC:0	GT:39	0.00000
5	711837	T	123	CtTTTtttTTtCTCtCtCtCTTTTTtcTTCCtcTTtTTtTttTttcTCcTCTTtTTTTTCCCCTCTtctcTttTcTCtTccCTTTTtTTCctCTTTCCccCTtTTTtcTctCTTcCtTTtTtc	9B??=DFFEEEEEGEGEGEFFEBEDEF=<;E@FEEDEE>EEFDFFFEGGBEEEFEEEDEEAGEEGCFGFGE@F<GCFEAFFF<CCDFDDFGEFDDDFFGDFDEDDDFGDGEFCCBFDCAAB<C	T	83	C	40	711982	TT:23	TC:0	CT:0	CC:6	0.00000
5	840342	A	239	AAAaAAGAAGAAAAAAaAAgAAAAGaAGAaaaGAaAaAAAGAAAGaagAAAAAAAgAaAAAAAGAaaAAGAAGaaAAAgAAAAAGGaGAAgAAAaGAAAaAaAAAaaAAAagaaAAgggaAAaGGagaAGAaaAAaaaAgAaAGaAaaAGAaAAAgaaGAaaAaaGgagGAAaagAGaAAAGaaaAGAAaaAAAAGaAAAagGagAAaAAaAAaaAGAaAAAagaAAGaAaAaAggAaA	>AA:AB=CE?GFGFHHEGHFHGHHBEHCHEECCGEHEHHHCHHHCEEEHFHHHHHFHEBH<HHCCEEHHBH=CEEHHHFHHHHHC?F@HHGGFHFAGH6FHFHHGFFHHHDF5@HHFGFFHHF=>@GAHCHFFHGFFFGFGEF@FGFFHBGBGGGEEEBGFAG:BBGFE?GGGEGGAFGGEBFDFGBGGFEGGGBBFGGGFGBEFGGEGGFGGEEGBCDGGGBFFFFAEG@A>C?@@:C	A	190	G	49	840506	AC:24	AT:0	GC:0	GT:10	0.00000
5	1572289	A	76	AaAAAGAAAAAGAAAAAAAAGGAGAAAAAAGGAGGAGAAAaAAAGAGGAGAAgAgaAGGggGAAaAAAAAAgAAaA	@ABHH;HHHHHCH@HHHHHHCCGAHHHGEGBBHBBGBHCGGGGGBGBBGBGGGGGGGBBGFBEGFGGGFG@<CC:?	A	54	G	22	1572243	AC:14	AT:0	GC:0	GT:2	0.00833
5	5200234	C	76	CCCCGCGcGCCGCCGgGGGGGGGgGcgGGgGGGGgGgggGggGGGgGggGGGGgGgCccccgcgcggcgggcgggG	@EGGGGHFHGGHGGGFHHHHGHHGHGGHHDGFHHFGGGGGFFGFFHGGGGGGGGGGFGGGGGFGGGGDDFFECA@?	G	56	C	20	5200281	GC:41	GT:0	CC:0	CT:9	0.00000
5	60939264	C	46	GCgCGgGGGGggGGCGgGgGCgCCcGgCgCgggGCGgGGgGcGGGg	>@FD7FCC9BAFCCDBFCGBDGCCHBG?GCGGGBCBGBBGBHBA<D	G	35	C	11	60939334	GA:17	GT:0	CA:0	CT:6	0.00001
5	69515738	C	42	cCCCCAACCCCAcCCcaccCCcCCCCcCCCCaCCACCACCAa	BD7CDHHCDDDHBCCBGCCDC@CCCCCCCCCGDBFB@CA@@D	C	33	A	9	69515870	CC:15	CT:0	AC:0	AT:3	0.00123
5	111481737	A	67	aAtaaaAaAaAaATAaaaatataaTaaAtAAtattAaAaaAAaaTaaattAattAataaTaaaaata	??CDCBBGCEDEFGFFFEEEADEFGDEFFEFFFFFEGFGGEFDFGGGCFEFDFFEFFGGEGFGGGD?	A	50	T	17	111481600	AA:13	AT:0	TA:0	TT:6	0.00004
6	367352	C	254	TCTtTtTCCCTtTTTtTTCtcCTTCTTCCTCTcCCtTCTcTTTTtctCtCCttTTCTcCTcTTTtCcCcCCCCCCcccCCTTTTtctCTtCCtctTTCtTTTtTtTTTCtTTtTtCCcTTTttTCTTTctTCTtCttTTTCtCTTTTtTCtttTctTtctCCTtTCTTTttttTtTCttCtcTctTccCCTTCTTCTTCTCTctCTTccccTCcCcTTctttTTTTTttcTcTTcccctCCTttTcctTtCtct	B@<>?@?>>CGCFFGDGGGDFGEGGGGGFGGGGGFDBGFGGGGGDGDGDGGDDFHHHGGGGGGGDGGGGGGGGGGGGGGGGGGGEHDGFDDG?FCGGGDFGGEGDGGGGEFFEGEFFHFFFEEGGGFFGEGGGECEAGGGGDGGGGGEGGEEEGGEGEH<FFFEEGFFFCEEEFEFFEEFEGFGEFHHFFFFFFFFFDFFFFHEFFFHHHBDFHDHFFGEEEFFEEFE>FEFEGFFDDAACB??>BC;A=?B=B	T	158	C	96	367243	TC:32	TT:0	CC:0	CT:14	0.00000
6	31129642	A	198	aAAAAAaCCAAAaACAaaAAaAAAAAACACaAcCCcCcCCaACACcAccAaCcCaaCaaaaCAAACAAcAaCCCAcaaACaaACAaCAaCCcaCAACcAcAaAAAACcaacACcAcAAaaCaAAAcAaCaacaaaaAacCaAaacAaaCAacaaaACAcAACCcCaACAaAAAaaCcacAaaCCcACaACACacaCAa	?=A>AACBBCHHDHDHEDHFEHHH:CHDHDCHCDDDDDGDEHDHDDAADHEDDDECDFE@DDHHD@EGEGFCDDGEFDHDFEGDHEDHEDDDFDGGCEHEF<GGGGDEDFEFBEGDHGFEBFGGGEGEC6FEFFFFFFFCFF?EDGBFCGFEFDFGCGDGGCCECCG?GBGGFBFBDDEGCFBBEHDAECEBA@?A?A	A	126	C	72	31129707	AC:56	AT:0	CC:1	CT:27	0.00000
6	31237786	A	51	AAAAAaAAAAaaaAAaAAAaAaaaaAaaAAaAAaAAAAaAaTTATTAttAA	CBGHHDHHGHDDBHHDGHH9H@DEEGBEGGEGGEGGGGEFEFFF@FFCB;A	A	45	T	6	31237833	AT:27	AC:0	TT:0	TC:6	0.00000
6	31238308	G	42	gGgGGgggGgggGGggggcccGGGgGgggGGgggGCgCggcg	@>CEECCCEC@?EEDDDDBCBAEDADDDDDDDDDDFDD@>58	G	36	C	6	31238377	GG:13	GC:0	CG:0	CC:3	0.00179
6	31239082	G	60	CcCgGGgGGGGGGGCGCGGgGGgCgGGcggCGgGcGccggggcgggcggggCggGggggg	CBDBCCCCCBCCCCDCDBCCCDCDCCCBCCDCCACCCCDDCDCDDDCDDDCDDDBDDDDD	G	46	C	14	31239057	GC:38	GT:0	CC:0	CT:14	0.00000
6	31244261	C	40	cCcCCCCCcCCcccccccCCCaacAcaAaaCcccccccac	DCE?EAGGGGGGFGGGGGGGGDDHEHEEEEGHHHHHGDDA	C	32	A	8	31244249	CT:30	CC:0	AT:0	AC:7	0.00000
6	32605400	C	52	TctTccCcCtTcctTttCccccTcccCccccCCCCccCccCccCctCtCcct	BEFFFFGFGEEFFEGEDGFFFFGFFFGFF=FFDGGGGGGGFGHFGAFFFGG>	C	39	T	13	32605437	CC:17	CG:0	TC:0	TG:3	0.00088
6	32634331	G	54	GgggGGGGgGggGGGGgGGGGGGgGggGGgGGGCCCCCcccgGGGggGGgGgGg	BEFFHHGHFGFFGHGHFEHHHHHGHFGFHGGGGFGFFFHHEDFGGGGGFGFFGB	G	46	C	8	32634355	GG:40	GA:0	CG:0	CA:8	0.00000
6	32634350	T	55	TTtTttTTTTtTTTTTTtTtTTttTTTCCCCCccctTTTttTTtTtTtTTTtttT	EED?EEDFFEEGFFFFFFFD;FFEFFFGGGGGEEE;DEEEFEEFEEEFEDEFEEB	T	47	C	8	32634355	TG:47	TA:0	CG:0	CA:8	0.00000
6	32634387	C	78	CcCccCCccCCCTTTTTtttcCCCccCCcCcCcCCCcccCcCccTcttctcTcctCCCtctcctcTCtccCcTttCcc	DBCFFEGEEFGGFGFEFDEEF>HGGFGGFGFGFGGGGFGF;EGGFGFFGFGFDGFDFFFGFFGEFFFFGFEEFC@>@D	C	56	T	22	32634355	CG:36	CA:0	TG:0	TA:10	0.00000
6	32634425	C	57	CcCcCCCcccCcCccTcttctcTcctcCCtctcctcTCtccCcTttCccCTccCcCC	DC@>EGEB>BGBGBCEBGGBGBECCH8GGHCHCAHCEGHCCGCEF=EBCFDCCFCFD	C	42	T	15	32634355	CG:15	CA:0	TG:0	TA:2	0.00735
6	32725625	T	42	CTTTTCTTCTTTTTCTTTtTTtTTTTTttTttttCTCTtcTt	:FGGFDGGDFGDDFDGGG@GFEFFFFFFCG=EEDBDAC@=AB	T	35	C	7	32725673	TA:21	TC:1	CA:0	CC:3	0.00174
6	53072441	A	37	agaagaaaaagaAaaaAaaaAAAAaaaAgagaGaAaG	FEFEEFBFFE6FHFFEHFEGHHGGGGGGGGGGAGED?	A	30	G	7	53072388	AA:16	AC:0	GA:0	GC:3	0.00103
6	160132591	A	87	AAaAaaAAaaAAAaAaaAGAaaaAgAAAaAAaaaaaagGagGAGAaaAAaaAAAAaaaaaAaAaAAAAaAaaAAgaaAaAAAaaAaA	=C>EDCHEBCEGGDAEDHC5DEFCEHHHFHHED;F=EFC;EAG9G>BFHE5GHDG6BB65GAGEBGGFDGD;GG7C>GEEFGEED=A	A	79	G	8	160132571	AT:54	AC:0	GT:0	GC:7	0.00000
6	166721224	C	76	gCCGCCCGggCcCcGCcCcccCCGcCCgcGCCCCgcCggcCGcgcCccCCgcgcgGCcccgccgCccgCcccccgc	@A@?CBBBFFFFFBCEFGGGGGGEGAFFGEGGFFGHGDGHGEHFGFHGFEGCAGEDDGH=>HGGEGHFEHHGCFCB	C	54	G	22	166721211	CG:46	CT:0	GG:0	GT:19	0.00000
6	167411145	G	38	gGGgGGGGGGGGGggggGGGGgGGgGAGAAAaaaaGGg	CHHCCHHHHFG=GCCCCGHFHDFGDFFGHGGCGGFHGD	G	30	A	8	167411144	GT:29	GC:0	AT:0	AC:8	0.00000
6	167411362	G	96	GGgGGgGGggGAGGGAGAagagggGggGGgGGgGgGGGGGGGGGGgGGggggggggggGgAGGgaGGGgggGAaagAgaGGgGGAGGgGGGaggaG	CBFC=EB>FFCHCCCHCHFGEEEFCDGBCGCCGCFCCC9A@BCB@GBBGGGGGEGEGGBFGBAFE<BBGAFBGFFGGFFBBGBBFBAFB@?A@@@=	G	81	A	15	167411401	GC:64	GT:0	AC:0	AT:10	0.00000
6	167411388	C	119	CccCCCCGCGgcgcccCccCCcCCcCcCCCCCCCCCCcCCccccccccccCcGCCcgCCCcccCGggcGcgCCcCCGCCcCCCgccgCccgCCcCCCCgcgCccCCgccCcgcCcCccc	?FFBCB:CDBFAFFFFDFFADFDDFEEDDDDDDDCDDFDDGGFGGGGGGGDGCDAGG>DDFDGDCGGGCGGCCGDCBCCGCCCGGGGCGGGCCGCCCCGGGCGGCCDGGCGGF=?@DDD	C	100	G	19	167411401	CC:90	CT:0	GC:0	GT:15	0.00000
7	939638	T	74	CTCCcTtCCTTTTCTCCCTCCCCCCCTCCCTCCCCCCTCCCTCtTcCCCcTttCCcCTCcCcCTCTcCCcCCCC	@AG9F=EFG?@EAF5FGEFFGGFG?GEFGFEEFGFEFBFEECFBEGEDFGDEFFEGEDEFECCCAAB>ABA??C	C	53	T	21	939585	CA:0	CG:8	TA:8	TG:0	0.00016
7	5965288	G	101	GGAAgggGGGGGAAGGAGAGAAgGAGGAGAGGGGggagAaagggggaGgagGaagaGaAgggaggggggaggagggaGGagGgGggGGaaGgGgggaGAgg	69A;AAA=ACCCHGBAHCCCCHF;HC<HCFCBBCEFEFHEEEEF?EECGEECDEFF5FGDFFFGGFFFEEEGFFFFFB@FFBE>DFBBFFB@BFGGD:@@>	G	70	A	31	5965334	GC:31	GT:0	AC:0	AT:10	0.00000
7	5965334	C	55	TccctcccccctcctccctCtcCcCCcCCttCcCccctCTcccctCcTCCcccTt	CCCC?>>@@CAFBBGBBBGCGB7>>>9B8GHDBDCCCHAGCCCBHCCE7CCCBFG	C	41	T	14	5965288	CG:31	CA:0	TG:0	TA:10	0.00000
7	38299727	T	112	TTTTTTTTTTTTTCTTTTTTCTTCTTTTTCCTCTCTTCTCTTTTTCCTCTCCTTTTTTttttcttCctTTcTtTCCtctccCtCTTtcTTCtCcTCtTTCttctTctTtttt	?DFGGGGGGFGEHDGGGGGGDGGDGEGGGDDGDGAGFCGCGGGGGDDGDGG=GBFGEFEEEEGEECHECDHFFFCCEHEHHCDCFFCHFFCECFFCEEFBDEGDEDAD@@><	T	79	C	33	38299872	TC:12	TT:0	CC:0	CT:3	0.00220
7	53103554	C	103	CccCCcGCGccCCgggcgCcCccgGCccgcCCccccCCCgCCGccCCgcccgggCGcgggCGcGCccgccccccCGGCccgCCGCCcccCcCgcGCcgccgcc	D?C@<CBADGFGGFFFGFEGEGGFHFGGFGFHFFGGGEGDGGHGGGGAGGGGGGEH?GGGFHHHGHHEHHHGHHGHHGGGGGGGFDGBHFH=BHDFHGBA?CF	C	73	G	30	53103571	CG:57	CA:0	GG:0	GA:23	0.00000
7	56296553	G	58	GGTGtTTTgTTTTtTtTGtTTTTtgGGTTTtTtTTGtTTtGGTTgttTTtTgttTTtt	DHEHGEFACEEE@DEHEHH<EEEHDHGACDHDHDDGHDDHGFDDDHEDCHDDHGE@A@	T	45	G	13	56296598	TG:34	TA:0	GG:0	GA:9	0.00000
7	56296598	A	73	gGAgGGGGgaAAGGGgGgGGAgGGgAAGGaggGGgGaggGGggagaAaAgGgGgGgagAgggGgGaAaggggg	@CEFGHHFFDEEFHIEHFHHEFHHFEDHHEEGHHG=EGGHGGG9GEEEDGGGGGGGEGDFGGGEFEDDAEECB	G	54	A	19	56296553	GT:34	GG:0	AT:0	AG:9	0.00000
7	100607703	A	130	AAAAAAAAaAAAAAAAaaAaAAGAAAAAAgGAAaAAAAAAAAAAAaAAAgaAgGAAGaAAaAAGAAAAAaaaAAaagAAaagGAAaGAGAaaGAAAAAagaAaAAaAaGagAaaAaaAAaaAAaaaaaaa	A>DBEE?EFCE9ECEDFFCFCEHEECCEEGHEDGDEEEEEDEEEEG<EDGBCGHEEH<EEGEEFCDDDEGGGDEGGGDDGGGDCDHGDGDGGGDDDDCGGGDGDDGDGGGGAGECE>DCG8DDCCB?>DB	A	113	G	17	100607709	AC:108	AT:0	GC:0	GT:17	0.00000
7	100607706	T	135	TTTTTtTTTTTTTttTtTTCTTTTTTTcCTTtTTTTTTTTTTTtTTTctTcCTTCtTTtTTCTTTTTtttTTttcTTttcCTTtCTCTttCTTTTTtctTtTTtTtCtcTttTttTTttTTttttttttTtttTT	?BADFDFFFFFFFEDEEDFBF<DEFFDDGFFFFFFFFFEFECEFEFFDBFEGFFFEFFFFFGFFFFEFFFDFFFEEEFFCFEEFFEFEFFEEEDEEFFGEFEEFEEFFEDFEEFEEDAEDDEFBB@AA9A>>>CC	T	118	C	17	100607709	TC:116	TT:0	CC:0	CT:17	0.00000
7	100607707	T	140	TTTTTTtTTTTTTTttTtTTCTTTTTTTcCTTtTTTTTTTTTTCTtTTTctTcCTTCTTtTTCTTTTTtttTTttccTTttcCTTtCTCTttCTTTTTtctTtTTtTtCtcTttTttTTttTTttttttttTtttTTTTT	====ADDEEEEEEEEEBEEEDE8DEEEEEDEEFEEEDEEEEBE@EFDDDEFEEDEEDEEFEEDEEEEEFFFDEFFE:DDFFECDDECDCDEFCDDDDDFEFDEDDFDFCFEDFFDFFDDFECCEFEECCC>B>?>@@AC?	T	121	C	19	100607709	TC:119	TT:0	CC:0	CT:19	0.00000
7	100607709	C	144	CCCCcCCCCCCCccCcCCTCCCCCCCtTCCcCCCCCCCCCCTCcCCCtcCtTCCTCCcCCTCCCCCcccCCccttCCcctTCCcTCTCccTCCCCCctcCcCCcCcTctCccCccCCccCCccccccccCcccCCCCCCtcctt	<8>?EBD@DDDDFFCFDDGD6DE@EDEGDDFDDDDDD?DD@GDGDDDFBDFGDDGDDGDDGDDDDDGGGDCGGFFCDGGDFCCFFCFCGFFCCCCCGFGCDCCGCGFFECGGCGDCCGBCCFGGGFFFECCCCBB@A@BABB>C	C	122	T	22	100607707	CT:119	CC:0	TT:0	TC:19	0.00000
7	100609966	T	131	ctccccctCctCcCctccctctccCCtCCctCtccccccccctcccctTcccCcctcttttccccctctccccTCCCcTTcCCccCTtcCccctcCccCtttcCCcCtcTcCCTCCtTTccTcCCtCTccc	CAAABBCB@EEDFDFEFFFEFEFFDDEDDFEDEFFFEFFFFFEFFFFBGFFFBFFFFEEEDFGFFFFFEFFFFGDDDGGGFDDGGDFEGDGGBEGDGGCFEFGCCGCFGFGCCECCFFFGGEGCCEBEB@D	C	94	T	37	100609987	CC:65	CT:0	TC:0	TT:28	0.00000
7	100609987	T	123	cccctcccctTcccCcctcttttccccctctccccTCCCcTTcCCccCTtcCccctcCccCtttcCCcCtcTcCCTCCtTTccTcCCtCTcccccTCTCCCctcCTctCTcctccCCCCtcTC	AC?=D??;@GEABBDBBEAGGGGBBBABGBGBBBBGDDDBGGBCDBBDFGBDC?5HCBACDHHHBCDCDHCGCDDADCCFECCFBCCGCFACCCCFCFCCCBHBCFCHCFBCHBAC==@=<??	C	86	T	37	100609966	CC:65	CT:0	TC:0	TT:28	0.00000
7	100610069	C	111	CTCTTtctTCtcTCttcttTTTTctCTTttttcTTCccCTcctctCCTTcTTCtTtTctcTttttTTttCtTtctTTtttctTCTtttTTTTttccCTttTtttTTCtTtT	AC;@CBFDG7CGGDDDGDDDFGGGD@GGDBD@GFHEGGDGBHEGECDGGHGFDEG?FHEHBEDEEGGADDEGEBEEG?DEC?DCFED>FFFFCEHHCEEEFE=CFDA<@9A	T	80	C	31	100609987	TC:18	TT:0	CC:0	CT:9	0.00000
7	100643832	C	63	ccCCcccCCcgcgcCccGcgccGGCCCCCgcCCCCCCcCcccccgccgcccccccgcCCcgcc	AC;;ADECCFFGFGDGGCGFG?C8DDEDCFGADDDDCGDHHHHEGHGGGHGGFHHGFC@GFCA	C	52	G	11	100643876	CC:23	CT:0	GC:0	GT:4	0.00006
7	142498813	G	264	gagGGgggGaggAGGaAGGGAAAgGAaGgggGAaGGaAgGGAGGgAGAggGGGAgAGGAGgAGGgGGGGGGagGAGGGAGGgGagGgGAGgaaGAGGGggGGGgGGAAGgGaGAgaAGAggGGAgGAAGAGaaGgAaggaGGggaaGgggggggGgggAggAGgAgGggggGAgAGGaaggGgaggggaGGGggggaagGggagaGAgagagGaaggAAAgGagaGggGGAAGgaGAAgaggaAGggGGgGggaGaagGgaGgG	A?@ABCBBDCBCCDFEDHGHEEEFHEFHFFFGEF=HFECHHDHHFEHEFFHHHDFDGHEHFEGIFGHEGHHCFHEHHHEEHFHFFHFH<HFFFHEHHHFFGCHF?GEEHFGGHEFEDGEFGHHBDGDDHDHG<G?EGGGGHHGGGFEGGDGGGGHGGGADFEHGDGGGGFGHCGDGGGG?GGGGGGBGFGGGGFGGGGGGGGCGGGBHFGG<GGGAGDDDGGGGGGEGGGDDGGGFDDGGGGGDGGGFFGFEGEGEFEF7?C@?	G	182	A	82	142498687	GT:13	GC:0	AT:0	AC:11	0.00000
7	143982776	G	56	gaGgAGggGaGaGggGGgaggGgggGggGggaggaggagaagggggaggggggggg	C@BGHCFFCDCDCFFCCFDFFCFFF@DF5FFDFFDGGEGEAGGGGGEEGFGFGGFA	G	45	A	11	143982618	GT:10	GC:0	AT:0	AC:4	0.00100
7	144015434	A	77	GGGGGAGGGGGGGGGAAAGAGGGgAGGGAGGAGgGGGGGGGAAAAGAGgAAGaGGGGAGGGAAGGGGGGGGGggGGA	>BCACHCC?CCBCCCFH=CHABBGGBBBDBBFBEAA=B@BBG:GGBGBGFGBEBBBBG6BBGG@BBBBBBABEE?A@	G	57	A	20	144015437	GT:56	GC:0	AT:0	AC:20	0.00000
7	144015437	C	81	TTTTCCTTTTTTTTTCCCTCTTTtCTTTCTTCTtTTTTTTTCCCCTCTtCCTcTTTTCTTTCCTTTTTTTTTttTTCTTtT	BDBECDGGGGGGGGFDD?GDEFFHCFFF?FFAFFFC@FFFFC=CCFCFH:CFCFFFFCFFFCCCFFFFFFEFAHEFABBCC	T	60	C	21	144015434	TG:56	TA:0	CG:0	CA:20	0.00000
7	150557665	C	122	gcggCCcgccCCGcCCgcGCGCCCCgccGcccCgcGGGGcCcGGCcCCCCcCgCccCccGcgcCcCCCgGGcCccccCCcCCgcCCgGccCccGCccggccgccccGggccGgcCcGGCggG	??DDCFGFGG6FEGFEFGEGEFDGDEGGEGGGFFGEEE@GFGEEFHEGGFHCEFHHEHHEHGHGHGGGGEEEFHHCHFF<EFGHGEFEGHEAHDFHHGGHHGHHHHDGEHHDGHFHCCEFDA	C	82	G	40	150557748	CA:0	CG:5	GA:7	GG:0	0.00126
9	46912964	C	76	ccTTccCccCCTCcCTCcCcTCccccCCCccCcCcTcCTTCCTCTCcCCTCCCCcttcccccctcccttcccctct	AC?8=?EBB?GD9BGEGBGBEGBBB<GGB=BGBGBEBEEEFGEGEG<GEDGGGGCHG6C=CCAHCCBFHCCB6H@A	C	58	T	18	46913077	CT:9	CC:0	TT:0	TC:3	0.00455
9	66457588	T	85	TTCttttCtTtcTCTtCtTTtCTttCtttTtcttTTttCTttttCtCtTctttTTTtTcTttctttCcttttTtcTtTtttcccT	C95BBBCDEFDDFDCEEEFFEGEEEGEEEEEDEDFBEEADFFFFGDCE=CFFFF@FFEBFFBDFF?FE:??DDFEE@?FEFEEAB	T	65	C	20	66457465	TT:22	TG:0	CT:0	CG:2	0.00362
9	66457605	C	75	CCcTCccTcccCctccCCcccTCccccTcTcCtccCCccCCCcCtCccccccCccccCctCcCccctttCccccc	D>B7DBBFBBBGBGBBGFBBBEEBA?BCBFBFGBBGB@BGAFBFFFCC<CCCECBCC5CFFCECCCHHHFCCCCC	C	63	T	12	66457588	CT:13	CC:1	TT:0	TC:6	0.00018
9	135974079	G	98	cCGGGGGgggGGgCGgCgGCgGcGggcGgCGgCggcCCGgGCGcgcggggcGGCGGgcgGgggGCgggggcgCCGGGgggggggccGccGcCGcggCg	C?>BABHFFFGGFGGFGFGAEHGDGFH5FGHEGEGGDD:<HGHHGHFGG56HEGHEGHDHGGGGGG@GGGHEFFGDGGGGGGGEBGGGHGHEGHEGED	G	68	C	30	135974100	GG:49	GA:0	CG:0	CA:26	0.00000
10	46969312	G	210	GGAAGGGGGGgGGGGAGAGGGGAAGAGGGGAGGGGGGAGGGGGAgGgGAGGGgAAGaGGGAGAGAAGggAaggAGGGGGagGaAGAGgAGGGGGGGgGGGGGGGGGAAGGGGAGGAgGAGGAGAgGAAGAGGAaGGAGgAagaGGAGAGgGGAGgaGgaaGGGgGAAGAGGGGGAAAGgGAgGGgagggGGgaAGGaGGGaGGGGggaga	@@>DHHHAH=FHHHHCHCHGGHEDIFGHH;AHHHHHFDGHHGHEGGGHDGGHGDDGGHHGCHCHCEHFGEGGGCHHFFFGGDBEG?GCDGGGGBGGGGGGGGGFFGCDGGGGCGGDDFDGFDGDDGDDGDFGDGG:DGFD8EEGFDGDGGGGDGGGGGFGGGGGG;DGDGCGGFCBCFEGDEGFFECDCEDBA@CC?DD8?CC??>DDDA	G	148	A	62	46969496	GG:13	GA:0	AG:0	AA:6	0.00004
10	46969496	A	193	GagAggagGGGggggggggGgGgagaggggaggaggGAgggGaAggGGGGaggagaGgAagagAgaggGGgGAGggaggGAGgggGggaGaggggaggaGGGgGaAgggGgGgGGgggggAGAGaaGgGggGGgggggggggGgGgggagGaGgggAggggaaggggaggaggagagGgAgaggaaggagggg	DC@?@8<@BA>B=BCBBCBFDEBFCEBCCBECCFCBG>CCCGFECCGGGFFC?FCFGCFFC@CDCFCCGGCGFECCFCCGEFCCCEC@FGFCCCCF=CEGGGCGFFDDCGCGCFGCCDCDFGEGGGGCGDDEFDDDBDDDDDGDGCDDFDFGGDDCFDDDDGGDDDDGDDGDDGDGDFDE9GCCFEBAD>=AA	G	148	A	45	46969312	GG:13	GA:0	AG:0	AA:6	0.00004
10	46998995	C	100	CcccCcCCCcGGCGCccCGCCCGCcCcCgcCccCcCgGCCgccCCcCCCCgcccCcgCGCCcCcGCCCcCccCCCCCCCGCccGCCCGgcccCCcCCCGC	BBEEFEGDDFEEFEGFFGEGGGE6EFFFFFFFGFGEGEFBAFGGFFGAEGGGFCFFGGEDEGGGDEEEGEGGEFFFBEEDFGGD?FFC=GBGEDFC9B@A	C	82	G	18	46999030	CC:61	CT:0	GC:0	GT:14	0.00000
10	46999030	C	116	CTCcCcCtcCccCcCtTCCtccCCcCCCCtcccCctCTCCcCcTCCCccCCCCCCTCccTCCTttcccCCcCCCTCctTCCCCcTCCCcccTCTcctccccTcCcCtCCCCCcCtc	AA:A=@>CA@DCDC@DE:@D9DDDDD@DDECADADDDEDDDDDFDDDEDDDDDCDGDBEGDDGEDEDED=ECCDFCAEFCDCCE@CACEEEFCECDCEEEEFECECECDCBB?=A?	C	92	T	24	46998995	CC:61	CG:0	TC:0	TG:14	0.00000
10	46999178	A	117	CcaCaAaaaAAcaaCAAaaccaAAaAAcAAaacAaaacaacaAcaaaaAccaAacCAAcaAAAAaCCCaAAaCAAAAAcaCaAaAAaaAACAAAaAAcAAAaAAacAACaAacaCaA	AC?>:B@CDHHDDEDHFEEDDEHGEHHDHHEEDHEEED;EDEHBCBEDH@EFEFE@HGEFHHGHFDDDEHFECHHGGHEFCFGGGGEFGFCFGGEGGEGGGFGGEEFFBDGDDEDDC	A	88	C	29	46998995	AC:10	AG:0	CC:0	CG:5	0.00033
10	46999577	G	139	TgGGgtgGTTgGgtGgGGGgGtGtgGggGgGGggGgTGtTGGGtTggggGTtGggGGGTGTggGgGTGgtGggGGGGGgtgGggGgGGGGTGGtTggtTGgGTTGTGggGGgGGTggGtgGTTgTgGttGgGtgTTTtg	BC=?@CBC?:BDEEGEGHHFHE>EEHFEHEHGEFH<EGEEHIIEECFEFHEEHEEGHHEHEEEGFHEHFFHFFGDHGHGEFHFCHFHHHHEHHFEGGFEGGHDDGDGGFGGGGGDGGGFGGDCGDEGF?E@CA>CC?<?	G	100	T	39	46999596	GG:72	GA:0	TG:0	TA:32	0.00000
10	46999596	G	152	GgAGaAGGGaAggggGAaGggGGGAGAggGgGAGgaggGGGGGgagGggGgGGGGAGGaAggaAGgGAAGAGggGGgGgGAggGagGAAgAgGaaGgGagAAAagaaAGGaGagaGgaGGggGGGGGGGGGGGggggggggggGAAGgggGa	D??@CAACFEFBBCCGFFGCCFGGFEACCGCGFGCFCCGD9GGCFCGCCGCGGGGFFGFFD@GFFDFCFFFGDDGGCGCGFDCGGDFEEDDDFGG;DFGDDEEBDGGEAFGFGDGECEFFBBFEEFFEFFEFFDDDDC@DD?>:>BB<:<AD	G	110	A	42	46999577	GG:72	GT:0	AG:0	AT:32	0.00000
10	81682448	G	118	gGaGgGGGGgGGaggGggggGAGGAgaGGGAGggAAgGgGGAgAgggGgGaAagGgGaaaAAGAAGaGaaGGGAGGGggAGGAAgGaAgGGgAGgaggaGGgggggGgGaggggggga	A=CDB<EEDCE:FCCECCCCE<DDFCFFEEFFCCFF@ECEEFCECDCEDAG9GDEDEGGEFDEFFCGDGG@ADDD6CACEDDEEDDGDDDDDADDGDDEDDCDDACDBAA>>9;<AAD	G	84	A	34	81682461	GC:70	GT:0	AC:0	AT:32	0.00000
11	428489	T	157	TTTTTttTtTtTTTTTtcttCTTtTtTTTtcCTCTctcCcCTCtttCTcTttTtttTcCCCCTCCttCtctcTTTcTctTtCCTtCtTctTCTTTcCtCTtCTTTtCccttCTCctctcTCCTcTCttTtTTCtctTTccTctttTcttccTtttct	BA::ACEEGFFEEGGGGBCGDGAGGCGEGGBEGHEBGBGBGGGFGGGGBEHGFGHGDCGGGGGGDGHGHCHCGGECGCGGHGGGGDHECHGEGGFBGHDEHFFEEHFCCHHFEF=HAFBFFDF@FFHEFFFFFFCGFFCCFCHHHCC@DB=>@@@@C	T	102	C	55	428385	TA:22	TG:0	CA:0	CG:11	0.00000
11	1212847	C	307	cCCCCCCCCCCCCCCcccccccCCCCCcCCCCcCCCCCCcCCCcCCCcCcCcCCCcCcCcCcCCCCCCCCCTCCCCCGTCCCCCTCCCCCCCCCCCCCCCcCCcCCCCCCCCCCCCCcTTTTTCTTTTCTTttttctctTCCccCCTCcCCccTtTCCCCCTcCCCcccccCCCCCCCCCCCCCCccccccccccCcccTCCCcccccccCCCCCCcCCCCCCcctccCccCCcccCtccccccccCTccccCTCCCCTCTTcttCCCcccccCCctCCCcacccCTCCCCctcCCCCCcCcccccc	DCCCE?CBDGGEGEFDAAADDDGGFAGCEGG:D<FFGEEDFF<DGCGDFDAD8HHDEDG9GEG:GG>GFGGDD<GGEH8GGGEGA?FGCFDGGF@FGDFFEFFEFF?CFFFFFFFCFCEDE;EFDEEDFCAEFFFEFEFDFFA9FFDFEDFDEDGDFAFFF6EFF=EEEEAGFFGFAGCFFF>EFCEEEDEDDCDCEEEDFFFEE;EDEEFFFFFFEFCDFGFEEFEEFEEEEEEDEFEEDEED<DFDEED<EDFFFEDFCCDEFGFDDDC7ACDBB>CA:?=?@AAAAGD@:9>@>CC:CBBABBD	C	266	T	39	1212945	CT:78	CC:0	TT:0	TC:10	0.00000
11	1212921	C	592	CCCCcCCccCccCCCCCCcCCcccccCCCCccccccccCCCCcccccccCCCCCCcCCCCCcccccCccCCcccCcccccccccCCcccCCCCCCCCCCcccCCCcccccCCccCCCcccccCCCcccCCCCcCcccctCCCccccCCCccccCCCCCCccCCCCccTTCCCctCTccctccTTTctcccttCCCTCCTCttcCCcCTCCCCTccccCCCCCCCcCCcccccttCTCccCCCCCCCctccccccCcccccCTCCcttccccCCCccCcctccCCCCCCccccccccCCCCCCcccccccCCTcctcccCCCCccccCCCCCCCCCCcctccCCCCCCCCCCCCCCCCCCCCccctcccccctcccccccCCCCCCCCccccCCCccccccCcctccccCCCCCCCCCCccccccCCCCCCccccCCCTcccccccCCCCcCCCCCCCCccCCCccCCcCcccCccCCCCCccCcctctcctcccctccCCCccctcccccccCCCcccCCCccctccccCCCccCcCcCCccCcccccCccCccccCCCCCCCccCccCCCcccCCCcccCCcccccCcCCc	A@?=C==DD>DD@@CBBCFCDGGGGFDD?DGFGFGFGGDCDEGGAFGGGCDDDDDGD@@DDGGG>8DGGD9GGGDGGGGGGGGGDDGGGDDDDDCDD@DGGGDD9GGGGFDDGG6DCGGGGGDDCGGGDE?EGDGGGDDDCDFGGG=ADGGFG;;?DDDHGDDDDGG7FD9DFDD?HGGDGGGHGHDGGGDDDD@<DDGDDDF@DHD;D@DDGAGFGCDDD>DCHCAGGH@HEDDG?HHBBDDDBDH<HHHHGHDH?HDHDGCDH?EHHGHADD?HDFHEGHD@CDCDHHHHFHHHCDDDDCHHGGHGHDCGHGCHDHDDDDHHHGDDDDDD7>>DHHEACDDDD7CDDCDDDDDDDDCCDHHH?GHHHHGEHEFGHHHADDDDDADHHHGDCCGHHGHHDGGEGEHHDDDDDDDDDCHHFGGHDD@DDDEHGHDDCGHHH:HH=ADDDHDD?DCDDBHHDDDHH:DHCGHHCGHDDBCCHGCHHEHEGHEHHDCEHHCDCFHH5HGGGGGGCCCHHF@CCHHHEIGEECCC@HCHCHC?HHCCFHFBCHECCHHGCCCCCCCHGBHGCBBGGFBBCGGEDCHAFDDAC??E	C	553	T	39	1212854	CC:171	CG:0	TC:1	TG:4	0.00000
11	1213204	C	433	CCCcCCccccCCCCccccCcCCCCCCCCccCCcCCCCcCCCCccCCCCCCCCccCCCCCcCCCCCCCCcccCCcCCCCcGGGGGCGcCCCGcCCCCCGGGcccGCCGCGCGCgcccCGGGCCgcgcGGCGcccgCCccgcGCGgcccgccccGGgcGCCGcgcCcgccCCGCCGGCCGggGCcccgcCCCCGGCCCCCCggcCGCCGGcggcGCCccCCcGCccccccGCGCCGCGGCGCCCccggcCCcCcccccccccGGGGcGCCcccgcCCgggCGcccCccCCcccCcCCCCCCccCccCCCCCCCCccCcgccCCCcGccgccCcccgCCCcccccCccccccCGCccCCGGGgccCGGCggccgCCCCCCcCCCCCcCCcCccccCCCCCcCCCcCCCCCccCCCccccCcCcCCCCCCccccCcC	DA@ABACB@CCFEEFFGFGEGAGGGGGGFFGGFDGGGFGGGGFFGGGGDGBGFFEBGGGFFGGGGGGGFFFHEEEGEGEDHHHHGGFGGGAFGGGDGHEHFFFGGGHGHAHGFFFFGHHHGGGFFFFH<GGGGFGGFFFFHGHFGGFFFFDFHGGFHGGHGGGEGGGEFFHGGHHGGHGGHGGGGG@G>;9EGEGGEGGG8FGHGGHHGDEGHGGFFGGFHEFFGGGGH<HGEHGHHGGGGFGGGGGDGGGGGGGGGFGGHHGHGFGGGGGGFFDGEGFHGGGGFGFFGGGFGGGD=FFGGF:GFDFFFFFFGGFGGGGFFFFG8FG8HFFFG=F@FG<GGGFDGGGGGF;FGFFFGGG=GGFGGFEGFGGFFFFFFGFFFFFFFFGFGGGGFFFFFGFFFGEEEEFGFAEFGGGBEEFEDEBC@CBAA?>B?	C	346	G	87	1213135	CC:92	CT:0	GC:0	GT:10	0.00000
11	32122003	C	145	CACACCACCCCCCCCACCCACCCCACAcCACCCACAAAacCACCCcCACcaCCCCCaAAACACCACCCcCCAcCAcAcCACCcaCCCACCCccaccACcACCccaccCcAccCAccCCACcacaaCaCccAAACaCAAaCaacCC	AE@GCCFCDDDDDACADDDHDDD@HDHBDHDDDHBHGHFBDHDDDBDGDCG@DDDDGHHHDHDDHDDDCDDHBDHCGCDGDDCGCDDF9BCCCGBCGCCGC@CBHCACCGBBCGCCCCGCCB?GFCGCCCFEFCFDGGDABB>?A	C	97	A	48	32122020	CT:82	CG:0	AT:0	AG:43	0.00000
11	32122020	T	168	TTTTGTGtTGTTTGTGGGgtTGTTTtTGTtgTTTTTgGGGTGTTGTTTtTTGtTGtGtTGTTtgTTTGTTTttgttGTtGgTTttgttTtGttTGttTTGTtgtggTgTttGGGTgTGGgTggtTTTtTTtggTtGGttTTTTGtttggtGttgTTggGGtgttTTTg	@@B>CEEFGGGGGGFFGGCGGG=GFGGGGFCEFGGGCGFGGGGGGGGFHBGGHGGHFDGFGGHDDGGF5AGHHDHGFEHGDGGGHDHFEHEHGEGHHFFFFH?ADDFD<AHFFFFDFFFDFDDHFFFHFFHDDDHFFHGFFFFEHHHDDG7HFDFGCBEC@>@@?CCA	T	109	G	59	32122003	TC:82	TA:0	GC:0	GA:43	0.00000
11	57971018	C	197	CCAacacacCaCcAcacAccaACcaCcCCcaccaaCAcccccaCcacaaaacCcaaccCacCacCCacccCCcaaCaacAcAccaCAcacACcacacaCaCacCCAaaCCcCaacccccCcCccCAaaACaCACCCCaaCaACaCCcacCcacaCccaccaCCcCAacccCcaCccccccaccACccccacACcCcc	A?CA?@EBDCEFGFBDGEGGCFEGDGGGDGD?GDDGFGGGGFDGGDGDDDDGHBCCGGGDGGDGGEDGGGGGFDDGDEFFHFBHDGFHEFCGHEHEDDG;FEBGGFEEDGHDCEHGHHGCHFH<GEDEEBEFEFFFFEEFBEFEFFHEGFGEHECHGEHHEFDHFEEHHHFDDFGGFHGHEHHDFFG?E?CBB;@BD	C	128	A	69	57971201	CA:7	CG:0	AA:0	AG:5	0.00126
11	82443817	G	53	gGaGagagGGAGAGgagggagGgGagaGGgAggaGGGgggGgGGGGGgAGggg	CBFGFFFFFCFFEGGGGGGGGGGGGGGFGDEGGFFFFGDGFFEEEFFEBGCA?	G	41	A	12	82443672	GC:9	GG:0	AC:0	AG:4	0.00140
11	89903334	C	76	cctcCCTTCcccccTtCCcCctCCCctccccCtCtcCccCTccctcctCtTcTTCcCTctcccccccccctccctt	ADBDEGEEGEFEFFEEGGFGFEGAGCEFFFFGEGEFGFG@EBGGFGGFGFEFEEG=GEGFGGGGGFGFGGFGFE@B	C	55	T	21	89903405	CG:9	CA:0	TG:0	TA:3	0.00455
11	102713447	G	124	gccGCgcGGGgGGCGGCGgCGgcGGgGCcCCGcGCgGcgCgGGGGCGGGgggCggcGGGggcGgCCgcGGGggGccgGCCgggGgGcGGGGgGggGGGGccGGCGGGcgcgCgccGGGcccgGC	A?C@@CBGGGCGGGGGGGCGGCBGGCGCBGHHABGCGBCGCGGGGEGGGCDDGDDBDFDDDCEDGGDCGGGDDFBCDGGFD?DFDFCFFFCDFDDFFFF?CFEDFFFCDCDFDCCFFEC<CA>@	G	84	C	40	102713465	GA:71	GG:0	CA:0	CG:33	0.00000
11	102713465	A	123	GAagAAaAGgGGAgAGaAgaGaAAAAGAAAaaaGaagAAAaagAaGGagAAAaaAggaAGaaaAaAgAAAAaAaaAAAAggAAGAAAgagaGaggAAAgggaAGgGGAaAaaaaaAgAagAGa	8@BADDCG@DCCHDFBFHFFCEHHHH?HHHBFFCFEFHHHDEFE??CFGHHGFEHGGGGCGDGHGGGEHHHGHEDGHHHGGGGBGGFG@GG@GG>GGGH=FGGB:BBGGGEGGGEG;GFFE?D	A	84	G	39	102713447	AG:71	AC:0	GG:0	GC:33	0.00000
12	129298775	C	123	ccCCcCCcCcccCcccCCcCccCcccCccccCCCccCGccccCCGCcCCccgcggCCCCcCggcCGCCCccgcCCcCCCCccCCCCCcCCggCCCcCcCcccCgCCCCCCCcCCCcCcCCCCc	ABEGDGFDGDAD?DDDEGDDDEGADDGEEEEBGGECGAEEEEGG@G@GGEA?EEGFFGGEF7GBFFFFFEE7DFFEFFFFEEFFFFFEFE>DFFFEFEFEEEFEFDFFFFFDEECDF=CB@A>	C	111	G	12	129298737	CG:47	CA:0	GG:0	GA:5	0.00000
12	133181399	T	192	TcTCCTTTTTCtTTcCTTCttTTTTTCCTTCTCcCtCTTCCTTTTTTtCTcCCtctcCcttCTtTttTCCttCttttTCTCctcTtttCTcCCtTttCtCTCTtCtttTcTCtttTCttTtCTCTtctcCcTcCCcTtTTTtCTtctttTcCccctcctcttCTTTttTtTtctTtcctttTtcTTttcctT	@C??@FEGFGDFGGBDGGDGGGGGFGDDGGD>DBDGDGHDDHGGGG;G?GBDDGBGBCBGGDGHGFHGDDHHDFGHGGDGDCHCGHHHCCCDCGGHHDHDGDGHDHGHGCDDHHHGDHFFHDFDGHCH5CCF@CCCF@FFFHCFIDIHHFCC>CBHCCH=HHCFFFCHFHE@7HFF>CGDE=C:<CBB;;@A	T	122	C	70	133181425	TA:95	TG:0	CA:0	CG:52	0.00000
13	21729267	G	113	GgagggGgagaGGGagGGgGGGggGgAaaGaAgGgAaGggAGggggagaggagggggagaggaagggagGaggGaaaggggggggggggagaggagggagggAGAggggAggg	DCC?BBAAAACDDDEDGGFFHHFEHFEFFHFEF:FEFHFFEHFFCFFFFFFGFFFFFFFGGGFEGGGEGGGFGHGGGFGEGGGGGGDGFFGDFFDGGGGGGDDGDGEGDDG=;	G	82	A	31	21729252	GT:80	GC:0	AT:0	AC:30	0.00000
14	19500109	A	46	AAATAAATAAATAAAAAAATAAATATAAAAAAAATAAAAAAAAAAA	EFFEFFFFFFFFFFF==EDFEEEEDDEEEEEEEEEDEEDEEDDDCB	A	39	T	7	19500069	AC:12	AT:0	TC:0	TT:3	0.00220
14	20134621	G	53	GGGGGgGgGGagGGGggggggggggggGgggGAGgaGaggAGggGgAgagggg	?>ACCFCFCAFECBCFFGGGGGGGFGGCGG8CGAGGBG?GHBFABGG9DGGG;	G	46	A	7	20134507	GC:14	GT:0	AC:0	AT:2	0.00833
14	20137564	G	103	gGgGaGggggaAggGGGgGgggGGGGGGGgaGGgAggGGGgggGGgGGGAgagGgGGGGgGGGAaAgGGGAGGGagGGgGgGAgGgAggAAGAgAGGgGGggG	C@ABEGDEEFEFFEGGGEGFF?AEFGGFGDFG@FFFEGFGEF?GGEG?GF>FFGFFFGFGGGFDFEFFFFEFFGFFFFGFG?EGFFEGFDCDD@CDC??B@=@	G	85	A	18	20137587	GG:70	GA:0	AG:0	AA:15	0.00000
14	20404614	C	268	acCcccccccaccCCCcacCccaccAAccCCCaccCcCccCaCCCCCcCAcCCAaaacCccCCCcCCCCccccCcccCCcaCCcCCcCCCACcCcACccCCccCCCCCCCCCCCctcACCCCCcccCcCCccACccCCCCCcCCccCCCCccaACCCAACCCACcCCAcccCCCCCACCCCcacaccAcaccaCACCACccccCcCCACCCcaCCCCCccACccCCCCCCCcACacCCACCCCCCCaccACCCCCCAaaCcaCACCCc	@C=DDEDFFHDFGGFFFDGFDGCG:FEGGGFDDGG9G:GGBDGFGGGGFFGGFFDDDGFGGC?FGEGEFGGGG5GGGEFGEFEGFFHEEFF;HGHFGHHDDHHFFFFFDGEFGG;EHFEEFGGHHHFHGFGHE8HHEFEFFHG>HHFFDEHGAEEEEEEEFFEFHEEEHFHFFEFFEECEE@BGEGEEH?HHEFEEECFHHHHDHDFEFEEHCFFEFFHGEEHHFFFFEEFHEEDHFEEFEDEDDDCHGDFFDEFEDBACC@AAA@AC	C	222	A	45	20404735	CC:77	CT:0	AC:0	AT:11	0.00000
14	20404735	C	264	CCCctCcCCctcccTCTCtccccccTCtcccTccccTcCccCCcCcccTctTCCccCcccccCCCCCccccccCccccTcccCCcctTctccccccTtTTCCCcccCcccCccCCcTtccCcccctctcCcCTCCctttcCCCcccCCTCccccCCccccTtcccCcCCctccCCtctctctcccCtCCTcctctCcttcctCtTccCcCcCcCCtctcTccCTtCCccTctccccCtCccttCttcccccCCccccccccttc	AAACC>C>>DDEEDEBECGHHHHHGECFGGGGGFFGGFDFG@DFDGGGGGGGDDFGDGGFGGDDDCDGGGGGGDGGGGGGGGDEGGGHGGDGGGGFGGGGDDDGGGDGGGDGGD?GGHGGCGGGGGHGHDHDGDDFHGHHDDDHHHCDGDHHHHCDHHHHFHHHHDGDDHHDGDDHHAHHGHHGGDEDDGHHDHHDHGHHHHCCFHHDHCCCHDCHHHHFHHCCHCCIIFHGHHHHCHCHHFHCG:H:GGHCCHHGFGFDDAED	C	205	T	59	20404767	CG:115	CA:0	TG:0	TA:38	0.00000
14	20404736	G	258	AaAAagaaaGAGAgaaaaaaGAgaaaGaaaaGaAaaAAaAaaaGGagGAAaaAaaaaaAAAAAaaaaaaAaaaaGaaaAAaagGagaaaaaaGgGGAAAaaaAaaaAaaAAaGgaaAaaaagagaAaAGAAagggaAAAaaaAAGAaaaaAAaaaaGgaaaAaAAagaaAAgagaggaaaAgAAGaagagAaggaaggGaaAaAaAaAAgagaGaaAGgAAaaGagaaaaAgAaaggAggaaaaaAAaaaaaaaagga	CA@A:ACC=DDDDBDDEEECFFFEGGHFEEEHEHEFGHDFFFFGHDFHHHBFHFFEFEHHHGHFFFFFF5FFFFHFFFHEFFFHFFFEEECEHFHHHHDFFF:GFFHFFGHEHGFEHFFFFF6GGHEGGGHEFEGGHHHFGFHHHHGGFDGHEGGGHGDGEHFHHGGCDH;GGGBGGFFGHFHHHGGGGGHGGGGGGGGFFGFFEGFHGGGGFHGEGGGDGGGGGGFGFFGGGGGDCGD;GC=EGGGGGGGGFFFB@@	A	199	G	59	20404735	AC:199	AT:0	GC:0	GT:58	0.00000
14	20404767	A	214	GggGGgAaggGggggagagGgGAGGgaaagGGGgggGGAGggggGGggggAagggGgGGgaggGGagagagagggGaGGAggagaGgaggaGaAggGgGgGgGGagagAggGAaGGggAgaggggGaGggaaGaagggggGGggggggggaaggagaAgAGgGgAgagagggggaagaggggGGagaGGggGgGggggggaaggGgagGgggAa	@CC;6A@BBA=AACCDDFFBEBGBCEDEEECBBEFFCCHCFFFFCCFFFFHFFFFCDCCFFFDCCFFFFF?FFFF>FA;HFFFFFCFFFGFCFHF?CFCGCFCBGFEGHFFCHGBBGGEGGFGGGCGCFFFG?GDFFGDGBCGGGGGGGGDGGGGEGGGGBGAHGFFFGFGEGGGFGGGGGEBBGGFBBGG@GBGFDGGGGGCFBFCA;B@?CC	G	159	A	55	20404735	GC:115	GT:0	AC:0	AT:38	0.00000
14	23732091	A	169	AAAAAAAaGAGAGaGGaAAAagaaGaGAAGgAggaaAAAaGAGGAgGAggaGaAAaAAAAGAGAAAGGAaAGAAAGgAGAAgAAGGgAAGAagGaAagGaGAGAAagaGAGgaaAaaaAAaAAgAgAAAaAGaaaaAAAAagggGaaaagaGaaaagGGaAaagaGaAa	ECDGHGHECHCHBF@CFHHHFFFFCFCHHCFHFEFFHHHGBH<<HFCHGFG9GGHGHHHGCHCHHH=CHGHBHHHCGH:HB=HH9C>HG@HGFBGGGGCGAHBGGGFFBGBGGGCGGFGGGG;EGFGGFHGBGGG9AGFGGGGGBGGFFGGAEGGGFAAGGEEDE@=CD	A	112	G	57	23732092	AT:111	AC:0	GT:0	GC:55	0.00000
14	23732092	T	175	TTTTTTtCTCTCtCCtTTTtcttCtCTTCcTccttTTTtCCCTCCTcCCTcctCtTTtTTTTTCTCTTTCTCtTCTTTCcTCTTcTTCCcTTCTtcCtTtcCtCTCTTtctCTcttTtttTTtTTcTcTTTtTCCttttTTTTtcccCttttctCttttcCCtTttctCtTtCTc	BADFEGCGGGEFDGGDGFGDGDDGDFGGF@GGGDDFGGB6EBFBFGDF;FFGEGEDCDFFCFFEFGGGFFG@EGGGGGFGGFF@@GGGFGFEEFEHFEGEGEEGGGEEEHEFFHEEFEEAFFDFEHFHFCFEFFBEE;DFFFEEHHGEEEEEGEE;EEEGEDEEDDGDF9C@C?E	T	113	C	62	23732091	TA:111	TG:0	CA:0	CG:55	0.00000
14	105344293	C	189	CtCTTCTtTTTTcTTTTTTCCTCTTTTTCTTCTCCtCCCTTTCTCTTTcTTCTTTcTCCTTTttTCcCTTTCtTTTcCttTCTCTTCCCCTttTCTtTtTTtCtTttCTTtTCtCTTtctcTTTtTtTttcTctCtCtttttCctcttCtttctcCCcTctcTtctTtctctttttTtTCTTttttCtt	@C@AACDHCDCEAEDEEFEFGEFED@CEGDEEFGGEGEGEECBDAEEEBEEGEEEBDGGEEEGHCGCG@EEGFEEECDHHDGDFDEGF@DEHHEDEHEH>EHGGDGHEEDHEGGGDDHCHCDDDHDDDHHCECGFFFHHIHHFCHCHHFHHHCHBFFCDCHCDHCHDEBHCHHGGDBC<A<BAA=ACCE	T	129	C	60	105344347	TG:57	TC:0	CG:0	CC:25	0.00000
14	105344318	G	175	GAAgAAGAAgAAGGAAaaAGgGAAGaAAAgGaaAGAGAAGGGaaAGAaAaAAaGaAaaGAAaAaGAAagagAAaaAaagAgaGaGaaaaaGgagaaGaaagagGGgAgagAagaAagagaaaaaAaAGAAaaaaGaaaagaaaGaGAaGggagGgagaagggaaGaaagAGgaGG	;EAAB?:@DG9GCCHHEFH@FCHHCFHDGFCDF<C:@HHCAAFED;FFG>HHF;FDEECHDFFDCHHEFGGH=GEHGGGHGEBG6GEGGGCFGGGG5DGGGGG=BGHGGGFGGGGGGGGFFGGGGGEBFGGFGGAHHEFGF5GBEBGGBCFGGBBGFFEGGEFF@?BAAB=@?CC	A	113	G	62	105344347	AG:75	AC:0	GG:0	GC:43	0.00000
14	107159963	C	134	TcCCCCTtCCCcCTcCCtcCCCtCCCCTCCtCCTCCcCCCCCCCCCTtcccccTTCCcccTcccCCCCcTccctccCccCCCTCCtcCcctCCcCcctcctctccCCTttTcTcCCcCccTtccCcCtccTccT	CC>>@AFECDDDDGDDDEDDDDEEDDDGDDFDAFDDADDDC9DDDDFFEBEEDFFDDEEEGEEEDDDDEFEEEFEEDDECCCFCCFBCDEFCCECEEFEEFEFEECCFFFFEFECCECEDEFEEBCC@@?B@=C	C	102	T	32	107159986	CG:83	CA:0	TG:0	TA:25	0.00000
15	20213697	A	65	AgAaaaaAAGAaagaAAAAaaaaaAAagGaagaAGAAAaaaaaaaagaagaaaaaaaaagAagaa	E>8BADCGFCHCCFCCFHCDDDDDHHDFCDDFDHCHHHDDDDEDDDGEEGEBDEDEEFFGGBE=B	A	54	G	11	20213735	AG:15	AA:0	GG:0	GA:4	0.00026
15	20454100	T	66	ttTtatAtttttttttaatataaaTtttttatTattttattttttttttttTttttAtattaTttt	CBDFCEFEEEEBEEE@DDEDEDDDFEEFEEDEGDEEFDEDFFFFDE?FFFF<FEFFEFEFDBFF?C	T	52	A	14	20454101	TT:51	TA:0	AT:0	AA:14	0.00000
15	20454101	T	66	tTtatAtttttttttaatataaaTtttttatTattttattttttttttttTttttAtattaTtttt	?@D=EFEEEEEE=EEFFEEDFFFEEE8EEFEEFEFEEGEEFEFFEFCFFFEFEFFEFGEFCDE@>C	T	52	A	14	20454100	TT:51	TA:0	AT:0	AA:14	0.00000
15	20462613	G	192	gcGGGgGCGGGccGGGGCgGcGGGCgGGGGgGCGGGGGGGGGCGCcGgGGCgGGcGgGGGGGGCGGGGGGGGGGgGCGGGGGGGgCGgGGGgGGGGGGGGgGCgGGGGGGGgcgGCgCGGGgGgGGGggGGGcGGgGGCGGGGGGGggGGggGGgGgGCCCGCgGggGggGGGGggcCcGGggGGgGCGggc	@>>@C<GEGHHBBHHHHECHBHHHFCHIIHCHGHFBH5DHGHGHGBGDHGGDHHCGDHGHBBHGHCHHHGHHHHDHGHHHGGHCDFHDHHGCFG9HGHGGDGFCGGHGGGGDCDGFDFGGGDGDGGGDDGGGCAGBGGFGGGGGGGDDGGBBGGCGDGFFEFEDGDDFCDGGGGCB=D8ED?>>C=BB??A@	G	161	C	31	20462720	GG:88	GA:0	CG:0	CA:13	0.00000
15	20588705	C	306	CcACACCcccccACaCAAAAcCcccCCaAAAACaACaaaCACACcaACCCcCACCcCAcccccACCCcacacCCCcacCCACCcaCAAaccccacccacacccccAcccCAccacCCacCCAcccaacCCacacCCAACCCcaacaAcacaACAcaccaccacccaacccccaccaacCaccaCcacaacAcacCCcCcACaCCCcccCAccaCAcaACaacCCAaaACccaaccCAccCAccaCCaccccacccaAcccccaCCaccaCccccaaaaacacccccccacacccccccccacaccc	DC>?=?@?AACB;@BA@CCDFGFFFGGDEEEEGEEGFF:GEGEGFFEGGDFGEGGFGEFFFFFEGFGEFFFFGG;FEFEGEGGFFHFECEFFFFFFEEFFFFFFFEFFFGEGEFEGGFFFFEFFFEG<FFGDFFAGEEGGGG>GGGEFGGGDFDGGGGGDGGGGGGGGGGFGGF=GGGAGGGGEGGF:FGEGEGGGFGGEG<FGFGGFEEGFGFDGGDDGGGGGEGGDFGGGGGDFD<BFDGGGFFGDGGGGHFHFDCGGGGGFFGGEEFFCFGFGGGGGGGGGEFGFGGGFGFFFEDCDBA?B:D	C	201	A	105	20588563	CA:37	CG:0	AA:0	AG:16	0.00000
15	20875055	C	92	CccccCccccCcccCCcccCgccccCccccgcCcccCgGgcCccCccccccccgccGccccCcCCccccccccccccccccccccccccggc	>CDAE:FHHHFFFFFGGGGGFGGFGEGGGGFGGGGGGFDFGGGGGGGGGEGGGGDHEHGHGGHEGHHHHHHHHHHHFHGFGHHHEHHCHGGC	C	83	G	9	20875100	CA:22	CG:0	GA:0	GG:2	0.00362
15	21936770	T	140	ttTcttTTtTTCcCTTCTTTTTTTtTCTCtTCTTCtTTTTtTTtTCTCTTCTTtCTTtCTtTTTTtTTTTtTTTttTTTCTtTTTTttTTTCtTTtTCTCTTTTtttttCTCTCtcTtttCTTcTTTCTCctCTTTCTTt	?@CGCDGGDGGDHDGGDGGAGGGGDGDGAEGDGGDDGGGGEGGEGCGDGEDGFEDFFECFDFGFFEFFFFEFFFECE@EBFFFFFFEEFFEC>DFEECFCFFFFAE5EECFCFCEFFEDECEFHEFF@FCDBAC<C?C?@	T	111	C	29	21936715	TG:26	TA:0	CG:0	CA:8	0.00000
15	21937658	C	202	CTTCccctCCCctccCcTTTtCcctctttcCcTtcCCtCCcCCcCTtCCCTtctcCCccCccCTtCttctCCccTCTTCcCTtcCTCCCCccCTCCTtTCccCTcccttccCccccTTTCctcttCcTCcCCtcCccCcCtcttctCCTCCTCTtcTTTccttCCcCCCtCTCTTTcCccCTTCCCCcCCcTTccCTccTCC	BBAD??@@?BD?E@CF=EEEFGBBGBGGGBG9EGBGGGEFBGGBGEGGF>D=BGBGGBBGCBGEFGGCCGGFBBEGEDGCFEGBGEGGEGCAGEGGEHEGBC?<CCCGHBCG5CCCEEEFCHBHHFCDFCGGH5FCCEAFECHHCHFFDFFDFDHCDDDDCHHFFCFF9CDDFDDD5FCA>CDEFFEBFGBDC@?BC>=AAC	C	132	T	70	21937553	CT:31	CC:0	TT:0	TC:23	0.00000
15	21937964	A	216	aaGGAGAGAAaAGAGAaaagGaAAaAAAAAAGaggAAaagGgAaaAagGGaGAGaaAGAAgAGaAGGGAgAAGGAGgAgAgAaAAaGAAGAAaaAGaAAagGGGGAaAAagaAAagGGAAGaAaAGAGAGAAgGAAGAAGGaGAAgGAAGaaGaAAGaaGAGaagAAaaGAGgaAagaGgaaAAaAgAAAagaAgAgagaAAAaggAagggaaaag	CCABA;BCDFFFEDAFEFFCEFFFFFFF@AFEFCCFEFFCECFGFDFCEEEE<9FFFEFFCEDF>DDEFDFFEDEDCEDFDFGDFGEEFEEEDGFEFDEGDEDDDDGEEGDGFEGDDDFE>GEGEDDEFEAEDDEEDEEDD>DEDDDEEDGGDGEEDGGDEDGGDDEGFDEDBGCGDG9DGGBBGEEEDEGDFEDDBFCFDDD@:@CB?>>>?;DB	A	137	G	79	21938082	AG:37	AA:0	GG:0	GA:12	0.00000
15	22345134	C	250	GCGGGGggggGGGGcGggGGcGCGgggGGGCggcCGGggGCGCgcggGccGGggggGGcCGGggGgGCGGgggGgggggGGccccCGgCGCGCGGGGggGcCGGGgggGGGGCccGCGccggGGGGggCCCggCgggggggggGgGGGGgCGGgGGggCGGGGggGgggGGcggggGgGGgGCGcggggcgGGggcGggGgggggGggGGGCGgCGGCGGGGgcgGCcGGCccCGGGGcCCCGGGGGGGc	<?=@??CGBGBBCBFAFECBCCDCFFFCCCCFFFCCCFFCACDFFFFCFFCCFFBFBBFDCCFFCFCDCCFFFCFF?FFDCF?FFD7FDDECEDDCCCDAFD;CCFFFCCBCDFFCDBFFFFCCCCFFDDDFFDFFGG6FFFFCGCCCCGDCBGABCFDCBCBGGCDDGCCGGGGGBGCCGCCBGGGGGGG<;GGGBGGBGGG>DBEGBBBCBGCBBC5BB;EGGBCFB>CGGCBBB:FBBC?A<CCC?@	G	193	C	57	22345178	GC:77	GA:0	CC:1	CA:19	0.00000
15	22345546	C	73	tTtTtTtTttttttcTCcTttTttttTttTtTtttTctTttTTtttttttTttttcTtttTTtctTttttctt	B6DDFFFFGGGGGGBDF@FGGFGGGGFGGFGFGHGFBGEHHFDHHHHHE:FHGHHCEHHHDEHAHEHHG96>E	T	66	C	7	22345490	TA:40	TG:0	CA:0	CG:4	0.00001
15	22368862	G	865	GAAAaaGGAAaaaaagaaaaAAggaaaaAAAAaagaaaAaaagaaGGGaaAAaaaaaaaaaaAAAAGGaaaaagaAgaaAAagaaaaagaAGAaAAAAAAAAagaaaagaAaaagaaaaAAGgaaAAAGGAaaagggaaaaAAaagGaaAAAAAAaAgaaaaagaaaaAAGAaagggAGAAAAAagagagAGAAGAAAaaggAGAAAaaaAAAgaaaaaaAAAggGAAAAaagAAAAAggaAAagaaaaAAAAgagAAAAAGaaaaaagagaAAAAAAaagaaaagaaAAAaaAAAGGagggaaaaaaaAaaaagaAAAAagaaAGgaagaAAAGAGAGGaaaagaaaAAAAggaGAAaagaAAGagggaAAGAAAgagagaAAAAaaaaGAAAAAGaggAAAaaAAAaagAAAAAgaaAAAAaaaaaagaGAAGGAAAAAAAAAAAAAAAaGAAaaaaGAAaaaAaaagaaAGAAaaaaaaAAGAaagaGAaagaAAaAAaaaAGaAGAGGaaaaaAGAAGAAaagaaaAAaGGAAGAGAaaggAGGGAaagaagAAAAGAAGgaAAaaaaAGAGAAAGAGAGAaaaaAAAGGaaaaaaAAAAAAaagaaaAAaGGAAGGAaaaagaAAAAAAAAGAaaaaGAAGaaaaaaGAAAAGAagaaAAAAGAAAGAAaaAAGAAAAAAAggAAgggaAAAGAAAAAaAAAaaAaaaaAAAaaAAAAGgaaaAaaAaaggaAAaaGaaaaaggaGGAAaagggAGAAgaaaaaaaAAAAAGAAagaagAAAAAAAAAAaaaagaAAAAAAAaaaaaaaaAAAGAGGAAAAGaaaAAAAAgggaaagaAAAgaagaAAAAAAAAAaagaa	BC=CCC>@>?>@>@@BA@AA=@ABAB@@A?:ABCBCCCADC@CDDCCCEE@DCDDDCCDBDCE?F?DEDDDDDFDEECCFFDFCDDDDFDFEFDFDFFFFFEDFDDDDFDEDDDFDDDCFFEFDCFFEEDFDDDFFFDDDDFFDDFEDDFBFFEEDBFDDDDDDDDCCFFEFDDFFFFEFFFFFDFDFDFFEFFEFEFDDFFFDGGEDDCFFFFDDDDDDFFFFFEFFAFDDFFFFEDFFCEFDFDCCCFFFEGDDFFFFFDDDDDDDFDFDF;FFFFDDFDADDFDCFE<DDFFFEEEFFGCEDEDDCEDEDDFDFFFFAGDEFEG;AFCEEEDFEFE:<EEEGDDD@FFF=GEEFFEEGEFEE@FFGEFEEFFAGEGEEEFEFFEEEEBCCFCFEEEGFFEAEFFFEEGFEEEFGEEFEFFDEEEEEGDE9FEDDFFFFFFEFDFFFFEEEFEEEEDEFFEDDFEEDG=EFEFFBEAEEDFFEFEEFD?D;EGCEFCFAEEDFEEFEEDDEEEEEFDEEDEEDDGEDCEFE?DEEDECEEEGGEDDDDEEEEEGEEEECEEDGEEEEEAEEDEDEEEDEDEDEEEEEEEEDDEEEEEDBBBEEEEEGEEEDEAADEEDDEEDEEFDEEEEEEEEDEE<EFDEEDEEEEEEDEEEEDEEEEEEEEEDAEDDEEEEDEDEEEEEEEGGEEEEGEEEEDEECEEEEECEEEEEEEEEDEDDEEEDGFCDEEFEEEGGEEEEECEEEEEGGCCDEEAEGGFDCDEE?ECEE;DDDEDEDDEDFDDGFEEEEEEFEECDCCFCCCCDCDC?BBBAAAABBCBCCCBBBBB@??AB>AABBB?=>?=?ABB>@?>AA???????BBDBA	A	682	G	183	22368905	AA:385	AG:0	GA:0	GG:94	0.00000
15	22368905	G	884	AAAAAaaaaGAAAAGAGAaggAAAaaAAAaagAAAAAgaaAAAAaaaaaagaGAAGGAAAAAAAAAAAAAAAaGAAaaaaGAAaaaAaaagaaAGAAaaaaaaAAGAaagaGAaagaAAaAAaaaAGaAGAGGaaaaaAGAAGAAaagaaaAAaaGGAAGAGAaaggAGGGAaagaagAAAAGGAAGgaAAaaaaAGAGAAAGAGAGAaaaaAAAGGaaaaaaAAAAAAaagaaaAAaGAAGGAaaaagaAAAAAAAAGAaaaaGAAGaaaaaaGAAAAAGAagaaAAAAAAAGAAaaAAGAAAAAAAggAAgggaAAAGAAAAAaAAAAaaAaaaaAAaaAAAAGgaaaAaaAaaggaAAaaGaaaaaggaGGAAaagggAAGAgaaaaaaaAAAAAGAAagaagAAAAAAAAAAaaaagaAAAAAAAaaaaaaaaAAAGAGGAAAAGaaaAAAAAgggaaagaAAAgaagaAAAAAAAAAaagaaAAGAGGAAAAAAAggaGAAAggAAAAGaagAAAAAGAGGaaaaaagaaAAAAAAAAGaaGAAGAaaaaaGGAAaagAAAAAGAAagaaaaaaAaaGGGGGaaaAAAAGaggaAAAAGaaGAGAAAaagaAAAAAGaagagaAAAAGaaaaaaaGAAAAaaaaaaagAGaaaaAGAAagagaaaagAaaaaaaAAAgaaAGAAgaaAAAAAAAAaagggGGAggaAAAAaaAAAAAagAAAaaaaaaaagaaaaAAAAaAaaaaaaaaaaaaggaaAAAAAaagaaAAAGAAAAAAagaaaaaaAAAAAAAAAGGaaaagagaAAAAaagAagaaAAAAaagaaagaaGGAAaaaaaagaGGGgaaaaAGAAaAAAgaggAAAAAAaaaAAGAAGAgg	EACB@CAAC<AACA8A;>C=?AAA<CCB?BDADDDDECEFGGFFFFGG7GCFBFHC;FGHHHHHHHHHHHHGFCHHFFFFCHHFFFHFFFCFFHCHGFDFFFFHHCHFFCFCF6FCFHHFHHFFFHBFHAHCCFFFFFHCHHCHGFFCFFFHHFCCBHHCHCHFFCCFCCAHFFCFFCHIII5DFH<CFHHFFDFHBGCHHHBHBHCEFFFFDHHCCFFFFFFHHHHH;FFCFFFHHFCHHCCHFGFFCFHFHHCHGGCHGEGFCHH<FFFFFF:HEHHHCHGDGGEBAHEHHCHHGGHHBGGG?HHHCCHHCCDGHHHCHHCHHGHHHDGGHGGGGGGFFEEECBDGGGHGGHGGDDGHGGGBGGGGGDDFC>HHFFDDDH<CHDGGGDGGGHEGHHCHHGDGG>HHGHCHHHHHFFGGAGHHHHDHGGFFFFGGFH9HAHCCGHHGCGGGHHHHGDDDFGBDF?HHDDGDGHHHHHHH@HGFCGGHHCHCCHHHHHHGDDGCHHGDAHGHHCGGDGFFHHCDCCGFFFGGDFGGFGGGGGG@FFCHGBGGFGGGCAFHGGDGGGGHBGGGDGGGGGGGED=@BBBGGGGGDGBFDDDGGGGBGGBEBGGGEBDGGGGGGBGGDEDGGGGGBGGGDGGG?DDGFGGGGFFGDGAFHHGGBGGGAGDGGGGEEGG9GHGGGGDGHGBGGDGGEGGGGGGGGGDDCBBGD?EGGGGGGGGGGG@DGGGGGGGGGGGDGGFGGGGGGGGGFGFGGGFFFGDDGFGGCGGGGDFFGGGBGGGEEGGDGGGHGGEFFFGGFGGABGGGGDGCFGFFFGGCGEDGGFFFFEFCFFGCFFCBGHEFEFDECF?A@ADCCCC?DEAB8B?B<=B@@@BCB=?CCAC?C@AA	A	703	G	181	22368862	AA:385	AG:0	GA:0	GG:94	0.00000
15	22413825	C	305	TcctCTCTTTcTTcTCTTTTTTTTTCTTTTCTTTtTTTTtTTtttCttTttTTcttCTTTtTTtttTttCTttTttTTtTTTCttctTCTttttTTTtTttCTTTTtttttTCcctCTTcTTCctcCTcttcTctTTTCCCTCttTTTTTTTCTTTCttTCtTTTTTTtTttttttTTtttttTTTTtTTTCTTCtTTtTTCTtTttTTTttctTTtttCTTtCCttcTTTCTttctTCtTTCCtcttTTTttctTttttTCCTtcTttttTtTTtTtCTcccttttTTTTctCCTtttTttTtt	DCCC:B?CCDBFGAGDGGGFGHGGGDFGGGDGGFGGHHGGGGGGGDGGHGGHGBGFDGGGFGGGGGGGEAGGGFGGGGGFGGAHGBC>DGGHGGGGGHFHB;=DDGHHHHHGDCCHDGGCGGD;HBDGCHHC:BGGGGDDDGDHHGGGGGGDDGFGDHGGDHFGGGGEFEHHHH?HGGHHC:HGGGFHFFFDFFCHFFHFFCFHGHHDFFHHCHFFHHHCFEHCCIFDFFFCFHHCHFCHFFCCHCHGFFFHHCHFHHHHFCCFHCFHHHHFHEFGFHCFA<BFG?BCEDE>C@@:>>ADA@C?E	T	244	C	61	22413940	TT:62	TC:0	CT:0	CC:17	0.00000
15	22413940	T	157	tttttTTTttCttttttTTtttTTtttttctttCTttttCTtccctcTctcctcctttctttttttCctttTtctccTCctcctctTTttCtctttCTtttctttTctcTTCtcCTTtTttttttTtTttCcTTttTTtTTTcCTtttTttTTCtCT	C@@BCA??CEBDEHHFFFEFGG>FGGGGGBGGGGFGGGGEEGBBBGBFBGBBGBBGFDBGGGG>GGG9GGGFGBG=BEFBFCCHCH8FHHFHCHHHGFCHGBHGHFCHBFE6HBFEF>FHGHHHHEGCADDCEAHHE6GEEEBFEHHGDFGCCBC>A	T	118	C	39	22413825	TT:62	TC:0	CT:0	CC:17	0.00000
15	22473167	T	108	tTTTttttttttttttTCTtTtttttttTTttttttTtCTtttttTTtTTCtctttcTTTtTtTcttTTTtttTTTtTTTttTTtttTtccTTcTtTttTTTtTTTtt	??@<BBBBBCFFEEDEGDGDBDEEEEEEGGEEEEEEGEDGEEEFFGGFDEDEDE:EDGGGCGFGEFFGGGFEF@FEEFGGFFFFF:8FCEEFFECE9FFDFFEFFBA9	T	99	C	9	22473214	TG:40	TA:0	CG:0	CA:4	0.00001
15	28419619	C	104	cCCTTCCCCCCCCCCCCTCCCCCCCTcCCCTCCCCCTcCTCCtTcCcTCTctCtCTcCtCccCCCCccCCcCCcCCTCccctccCcCCCtcctTCcctcTcccc	GGGGFGEDGGGFGGGGG7EGFGGGGFGFGGBGGGGGGGGDFFDGHFHDFFHDFCCFHFEFFHFFFFHHDFH=AHFFFFEHHEHHFHEEFEHHDDFDB??>BEEE	C	82	T	22	28419566	CT:24	CC:0	TT:0	TC:3	0.00034
15	34848746	G	183	AAAAGAAGGAAAGAGAAAAGGGAGaAAaaAGaaGAaAAAaAaaAaagaGagGagAagAGAGGGAgAAAGgaAAAAaGaaaaGAAAAGAAAAaAGaaAAAGgAGGAAaAAaaggGgaAaagAaGAaaAGaAGggAagGGGAaAgAaagggGGGGagGgaaaaggaAaaaaGaagaagaaAAaGg	C>@EAGHC=HA=CFCHHFHCB;HCEHHEDGCADCHEHFHCHECHECGECEGCEGHEGHCHCBCGGHHHCGEHHHHDCEEEECHHHABHHHHEGAE9HGFAGFBBGGEHGEEGGBGEGEEGGEBGEEEBEEBGGGFHBBBGEGGDEE9F;BBBBEGBGDEEEEGEFC>CD@<<C@@A??@B>CB	A	119	G	64	34848887	AT:21	AC:0	GT:0	GC:14	0.00000
15	102284597	A	83	AaGGAAaGAAAAAgAAGAAAAGaAagAaAGAGAaAAGAAaGAGAaAGAAAgAAGaaaGgAAAaaAaAGaggagAagaaAGGaa	@DBCHHFCHHHHHDDGCGHHHCGH@DGGGBGBGEGHCEHG@GBGGDBFGGDGGBHHG:AGGGGGGGG?GD;FDDC>??C?CDD	A	59	G	24	102284675	AA:17	AG:0	GA:0	GG:9	0.00000
16	1292124	G	47	GGGGGGGGGGAGGGGAGGGGGGAGGGGGGGAGGGGGGGGGGGAAAGA	HDHEGHHHHGEHFGGDGFGGGGDGAGGGDGDGGFGFFGFFFF?AACC	G	39	A	8	1292147	GG:36	GA:0	AG:0	AA:6	0.00000
16	1488015	A	139	agAAAAAagGAAAAAgAAAAGGAAAGGAAagggAGGAGGAAaAGAGGaaaAAGaGAAaAAaAAAaAGAgggaAGAaAAGAaaGGAGaAgaGaAaaGaaGgaGAaGAGgggAaGAAAGaaAgaaAgAaaaAagaAAGgAA	CA@CEE@ECEEF?FFCFF=FEEFFFEEGGFCCCEEEBDEEEFEDFEEGGFBF@GEEFGFEFFFFGEDB@DDGFEFGFEDEGG9EFCDEDGCGE=EDGGDDDDEGDEDDDDEADECEDGGEDGGDCEG=AFDACB6A?CC	A	92	G	47	1487975	AA:51	AG:0	GA:0	GG:25	0.00000
16	1488039	C	145	TTCCctttCTCTTCCcCTCTTcCccCCTcTCCcCCcCCCCcCTCtcttcCTCcCCCccTTCTcCtcTcCccTccTtcCTCcTCTtttCcTCCCTccCtccCtcCccCctcCCTtCCcctTCCCCcctCCcCtcccCtTtCTcctc	BB@>AEEDDFGEFGFFFFFFFFDFFGF9EEFGFGGF7GFFF>DGEFEEFGFFGGFGGF;EGFGFFFBFGFGFGFFFFGFFGFFFDDFFBDGCFFFGEF@GEFBFGGEEFGECEFDDGEFEEFFEGGFFFGEFGGGDFBEBCB<CD	C	97	T	48	1487975	CA:35	CG:0	TA:0	TG:18	0.00000
16	32896607	C	52	CCCCtCtCCCCcCTCTCCTCCCcCcCcCTCCcctccCTTctctcctcCcctc	;@EFDFDFF7FDGGGFFFFF?FBGEGEGGGFEEFEEFFFEDDFEE?EFEA9@	C	39	T	13	32896688	CG:8	CA:0	TG:0	TA:4	0.00202
16	33380000	G	101	GAGGGGGGgGGGGgGGGgAGGGAAGAGaGGGGGGGggGgGGAGGGGGgGGgGaGggGGgagaaGgGGGagGGAggggaGGgggGGGGgggGggggGGGggg	>CCBGGGEFGGGGFGGHF@BGGFFGDGGGFBGCGGGGGGGGFGGG?GGFFGEGFFGFFGGGFGFHFFF>GFFEG=GGA;FGGBAFEF9?CEDA=>CB?:DD	G	87	A	14	33380074	GA:32	GG:0	AA:0	AG:4	0.00002
16	33391395	G	50	GaGaGGgGGGagAGGagAAGGGGGgGgGgGGGGGGgAgGggGGaGGgAGg	BGEF=ECCEEFCEEEFDFFDEDEECEDEDEDDDCDEEDDDDDDGDEBC=A	G	40	A	10	33391348	GG:18	GA:0	AG:0	AA:7	0.00000
16	33401463	C	151	CCTcccCcCcctCCcCtCCtTtctccCCctcttCCCCcCcCCCccCcctcctcCTccCtTcCTccCccCCtcCccccccccTtcccttcCCccccccctccttccccccccctctccTccctCcctcccccctCtTccCcTccctCccCcc	?CBAC?A?@>?DDB@FFDEGEEAFABFFAGBFAFFGFBFBGGFBBFB@GBBGB;DB=CGFB<FBBGAAGFGBEBBBBBBB?FGCCBGCCEFCCCC=CCHB@HECCCCBBB@BGCHCCFCCAH6CCHCCCDCCHFHDCCF@DCCCHE@?A>>	C	117	T	34	33401390	CA:53	CC:0	TA:0	TC:17	0.00000
16	33537319	G	42	GGgGGAgaGGAGGaGGgAgGgGGgGagggggggggaggaggg	@<GC6HFDBCHCCDCCFHG>@CB9CEGGGGGGGEFEBGEGEB	G	34	A	8	33537261	GG:19	GA:0	AG:0	AA:5	0.00002
16	33629846	T	110	AatAtTTTttatttaattttaTaaTTTtataTtTatttttatATtatatttttATtTtttatTttttaatTatAaTaTtatTattTtATtAaaaTtTttaAtTtTTatTA	BCCAB@;>EDEGGFF6GGGGFAFFFFFGFGFFEFFGGGGGFGEFFFGGGGGGGF=HDGGHEGFAHHHGGHEGGFGFGFGFHFF?HEHEEH:GFGEHEHHG:HEHEDEDBA	T	75	A	35	33629700	TG:22	TA:0	AG:0	AA:11	0.00000
16	33629950	G	148	TggGGGtGGTGtGGtGGGggGGttggGTgGgtGGgGTTTGTGGgGGGgGTGgGTgGGGTGTGTgTTggTGGgGGGtGGGGgggGGgGGGGGgTgGgtgttGGgGTgGgGgGGggGTGgGggGGggtgGGTgtggggGGGTtGTGtggg	CAACCCCFEGGEFGEGGGEEGGEEEEG7FGFAGFEGGGGGGBGGEGG=GGGFGGEFGGGGGGGFFGGEGGGGGGGFC:FGG9FEFEFFFFFFFGEGF>FFFCGEEEFFFFFFG@FF@FAEFFFGGFGFFE:FFF@FFFDCBD?CA>BD	G	113	T	35	33629973	GG:91	GA:0	TG:0	TA:27	0.00000
16	33629973	G	161	GAgGgaGGgGAgAAGAGGgGGGgGAGgGAgGGGAGAGAgAAggAGGgGGGaGGGggGGgGGGGGgAgGGgaGgaaGGgGAGgGgGgGGggGAGtGaggGGggagGGAgaggggGGGAaGGagggGGgGGggGAAGgaGAaggAGggaGAgggGgggaAgaA	B>=?AGDDBCDCFFD@EDCEEECEFECEFCEEEFEEEFC<FC7FBECEEEFE=EDDEEDEEEDEDEDAEDGEDEGEEDEFCDEDEDEEDDEC;7DA?DEEDDGDDDDDGD5DDDDDEGDADEDDDDCDDDDDEE>BGBEGDDEDD:GDDDDDCDCAEA<;C	G	120	A	40	33629950	GG:91	GT:0	AG:0	AT:27	0.00000
16	46390886	G	45	gGGGGTtGGGGGgggGGggtggtTggGGggGgGggGGTTTggGgG	CACBD>FGHHGDCCCHHCDGD@HEDDGCCAFDGDDGGDCDB?C=C	G	37	T	8	46390814	GT:14	GC:0	TT:0	TC:2	0.00833
16	46391250	A	69	aTaAaAaaAAAAaAAAAAAAaAAAAAAAaaAAaaAAaaAAAAAATAaTaAtAAaaAAaAATAATAaAAa	FEEFFFFFFDAFECFEFCFF=EFFFFEEGGBEFFEEGDEEEEEEEEFEDEFAEGGDEGDCDCCCBAA@D	A	63	T	6	46391237	AC:46	AT:0	TC:1	TT:2	0.00255
16	46394984	C	69	AcacCccccCCCcCaCcccCacccAcaccccCAaCcCcCcaccACccAAaCCCCCCCcaCccCCCCCaC	:BCBDCDDDFGFDGEGDDDGEDDDED;DEEEGEFGEEEFDFEEE>EEDDFGFFFFFFEFFDEFFEEFBB	C	54	A	15	46395013	CT:35	CC:0	AT:0	AC:10	0.00000
16	46395013	T	57	tCtttttTCcTtTtTtcttCTttCCCcTTTTTTTtcTttTTTTTcTttTtTtttttt	C??AEEEGGFGEEEFBFEEGC>EGGGFGGGFGGGFGGEFEGFFGGFFEFFDFFEF=?	T	46	C	11	46394984	TC:35	TA:0	CC:0	CA:10	0.00000
16	46399631	C	89	CcCccCCCCcccccccccccCCcCctccccCCCccCccCTccCCTccccccccccTcccCccccccCccCCCcccCctccccccccctt	DC?=<B@DAABBA>ABBAAAGGBGBGBBABC@GBBFBBGGBBFGGBBBBBBBBABDBBBGB?C:CCGCCGGGBBBGCH9CCCCBC6CFA	C	82	T	7	46399704	CC:13	CG:1	TC:0	TG:3	0.00588
16	46400074	T	78	TtTTATtTTTtttTttTttTTtTTTTtTTATttATTtTTTTtttTtTtttaTtttttTTTTTtttTTtttttatatTt	EEEEFFEEEDEEEEFEDEEEEFEEEEEEDEEFFEEDFDEEEFEFEEAEEFEEFFFFFDEDDCFFEDDFF>FEHFEECC	T	72	A	6	46400075	TC:71	TA:0	AC:0	AA:4	0.00000
16	46402520	T	39	TTTTTTATTTTATTAaTTaatttattatttTttTttttt	AAG@EGFGGGGFGGFEFBEEEFEDEEDFFFFFGFFEFFA	T	31	A	8	46402494	TT:24	TA:0	AT:0	AA:8	0.00000
16	46404947	C	63	TCCCCCCCCCCCCCCCCcCcCCtcCCCCcCTCcCCccCCccCcccCcCCTCTcCTccCTcCtc	CGGGE:EGGGGEFGGGG=DCGGE@GGEGCFEGAGACBF?CCFC<?F:FFDFDCEDBBFC><=<	C	55	T	8	46405022	CC:15	CT:0	TC:0	TT:5	0.00006
16	46405191	T	74	ttCcCCCCCCCCCcCTCCcccCCcCCccCCCcccCcctCccccCccCcCCCCCcccCccctTcccccTtcTTTc	CC?@ACBFFGGDGDGEGGDDD@GDFGDDGGEDDDGEDE7DE?EFEEGEFGFGGEEEBDEEEGEEAEEFBEFFEE	C	63	T	11	46405169	CC:21	CT:0	TC:0	TT:2	0.00395
16	46406540	C	73	CccCCccCACcCcACcCcccCcccCccccCCcccCCccCAcccaCcaccCccCccCaCCCCtccccCccCCcc	D?=@A@@GDGBFBEG@GACBECCCGCCCCFGBCCGF=HGEBCCEGCACBFBCFCCFFFFFEHACCCFCCAB59	C	66	A	6	46406558	CC:58	CA:0	AC:0	AA:6	0.00000
16	46406558	C	72	CACcCcACcCcccCcccCccccCCcccCCcCAcccaCcaccCccCccCaCCCCcccccCccCCcccCCCCCc	8B>CDCHDDDDDDDDDCECDDDDBDDDDDDDHEDDEDDFEECEEDBEAFDDDDD>EEECEE@CEDECBAA<?	C	66	A	6	46406540	CC:58	CA:0	AC:0	AA:6	0.00000
16	70191029	T	196	GgGGtGtTGggGgtggtggGttTgttggggTGgtGgttggggggtgGtTGGGGTGgggtGtGGggggtTtGggTgggggTggtgGgggtgtgGTGgggtggggtGttgggGTggggtgGgTtgttggtgGgggGggggggggGgGTGtgttgtggtggggTgggGGTgGgGgGGGgggtgGtgtGGtGggTGgGtg	E?CBBACABDDDG;EFEFFFEDEEDEEEEADDFECFE8FEFEFEEEHEEBHHCEHEFFEHD8IFEFEDBEHFEEEDF?<AEFAFHGGFEEEFHEGGGFDFGGGEHFFGG9HEGFF?EFHFEFEFFEGFFHGGGHGEFFFGGFCFGEHDGFFFFFFFFFFGDGG6GGDGGGGDGGGEGGFGGFDFGGFGGFDD?D>B	G	142	T	54	70191161	GT:13	GC:0	TT:0	TC:5	0.00012
16	81161569	T	196	TTtTTTTTtttTTGgtgTGggtGTTgTtttGtGTGTTTGtTtgtTgtttgTtGTGTGTTGGTtGGtGttttGTTgtTtgtTTGtGttTgggGTggtgGTGtTTgggtGgGGGtgttTTttTttttTtTtttTtttTttttttttTTTtTtTTTTttttttTtttttttTtgTtgtTtttTTtgtggGgttGTgggt	D@C??@BAAABEFB5E?FGDEDEGGE>DCCGDGGGFGGGDGDFDGFDDDFGDGFGGFFEGGGDGGDGDDDDECHF:GDFDGFGEGDDGFFFGGEGDFGGGDGGGGEEGGFGGDFEDEGEEFEDE5GEGEEEGE<EGEEDBEEE5EFEEEEFFFFEEECDCEEBEEEE@FEFFEGEFEEEFEEGDFFFFABEDCBBB	T	139	G	57	81161608	TT:71	TC:0	GT:0	GC:11	0.00000
16	81161571	T	194	TTTTtttTTtTCcctCTTcTtttCtCTCTTTCtcTtctTctttcTtCTCTCTTCCTtCCtCttttCTTctTtctTTCtCttTTcccCTcctcCTCtTTccctCcCCCtcttTTttTttttTtTtttTtttTttttttttTTTttTtTTTTttttttTtttttttTtcTtctTtttTTtctccCcttCTccctCt	DC@?B;CBBDCB@?FEFG=EGFFGGGGGGGGGG=FGBGGBGGGBGGGEGG@GEGGGGGGGGGGGEGGFBGHGBFGF8GGGGDGB@BGGBBFBGGGCGGBBBGGBGGGHBGGEGHHGHHHGGHGHHHGG=HGHHHHHHHGFEEHBEHFGDFHHHFHHEBFFFHH;FGBFHCHFHGHFFH=HC?ECEHFEABB@?@	T	138	C	56	81161608	TT:73	TC:0	CT:0	CC:12	0.00000
16	81161578	G	187	GgggAgAGAGGGAgaGgagGagggaGgAGAGAGGAAGgAAgAggggAGGagGgagGAgAggGGaaaAGaagaAGAgGGaaagAaAAAgaggGGggGggggGgGgggGgggGggggggggGGGggGgGGGGggggggGgggggggGgaGgagGgggGGgagaaAaggAGaaagAgGaagGgagGagAg	@C??@AB<A>;=BBD<CEBAGBCBFACGBF;GCBHHCCHGCHCCCCGCCFCCCFCCBCHCCCDFFFGAFFBFHCHCCCFEFC@FHHCCFCC;CDDCBDDCCCCDBDCDDDBDDDDDDBDCCCCDBDBCBB8DDDDDBD=DBDD@BDGBDHDBDDDABDGDGGDGDDGBFFFDFDBEFCCCFCA@@C<	G	131	A	56	81161608	GT:81	GC:0	AT:0	AC:17	0.00000
16	84229559	T	96	TCTTTccTCCtTcTTTcTcTtTTTTtCTTTTcTCTTTtTttCttTTtTtTtTCTTCTTtcttTTTTtcTTcCtTCTtCcCtCCCcTtTCtTCcttT	AFFCEABAFFGFAFFFBEB<GFFFFGFDFFDBFFFEEHFGGFHEFEHFHEHEEEDFEEH<HD>EEEGDEEAEHEFEHF@EHFEECEHDFEBB8>A?	T	67	C	29	84229580	TC:54	TT:0	CC:0	CT:22	0.00000
16	84229580	C	107	CtCcCCTCCcTCCCCtCTCCCcCccTccCCcCcCcCTCCTCCctccCCCCtCCtTcCTCcTtTTTTtCcCTcCTtccCTtCCCtcCctTcccCcCCTcCCcTCcCcT	@;9?CBDCDAGCD?CGDGDDD@DBBGBBDDBDBBBDGCCGDC@HCBBDDDHDDHGCDGDCF9FFFFHCCCFCCFBCDCFHCCCHBCCHFCCCCCBBECAA?@A<@6A	C	76	T	31	84229559	CT:54	CC:0	TT:0	TC:22	0.00000
17	18301191	C	73	CCCCCTCCTCCCcCTCCCcCTCCCTcCCCcccCCcTcCtcCCCCCCCcCccctCtCccTccctcccccccccc	?BCEFGGGGGGFGDGGGGGCGAGGGGFGGHHHGFHFHGCHGGGGGFEHFGH6EDEFAHFHHFEGHHHHHFGFB	C	62	T	11	18301202	CC:57	CT:0	TC:0	TT:10	0.00000
17	18301202	C	73	CCTCCCcCTCCCCcCTCCCTcCCCcccCCcTcCtcCCCCCCCcCccctCtCccTccctccccccccccccccc	>@?GGGG=GGEGBGDG<AEGGGGGGGFGGGGHGCHG>AGGGGAGHHHEFDGAGGHHHEGHHHFHHHHHHHHFF	C	63	T	10	18301191	CC:57	CT:0	TC:0	TT:10	0.00000
17	21194769	C	141	CCCCCCCCCCCTCCctcCCCCCTCTCTcTCTCtccTtcctTctCtctCTtTTcCTtctcCTCCtcTctcCCccCTTTCCCCcCCCTCcTCcTCCtcTCtCtcCCTCCTcTCCCtCccCCCttCCcCccccCCCccCCcCcC	BB=BCFGFGEGFGGBGBGGG;GEGDFEBEGEGGBAED??GEBGDHBGGEGEDBGEGBHBFEGGHCECHCGGCCFEEAGGGGCGGGEGCEFBDGFHBCFHFHCFFD=FCCDFCFIFA@DDFEFFFCFCCCCFEECBFF@A6@	C	99	T	42	21194690	CC:20	CT:0	TC:0	TT:2	0.00433
17	21904193	C	93	gCcccccgCcccggCccgcCggcCcCCccGCgCgcccGcccggCGgccccccCCcCccGcGcCcCcCCGCcgcccggccccgccgccccgccg	>BCDCCDFFDCDF?EDDEDG=FDGDFFDDEGFGE=DCEEEEFFEBGEEEDEEFGECDDECEBAEADEGEFEGDEDGFEEEEDDEDDCBAA@9?	C	68	G	25	21904197	CC:67	CT:0	GC:0	GT:22	0.00000
17	21904197	C	92	ccccctCcccttCcccCttcCcCCccTCtCtcccCTcccttCTtccccccCCcCccTcTcCcCcCCTCcctcccttcccctcccccctcctc	C>AABC=EDEDEFDDDGDEDGDEEDDFGEEE=AD>EEECFEFEDDCEEEEF@EFEEACFEGDEEFG;FED>EEEFFEEEEFEEEEEEBEDF@	C	70	T	22	21904193	CC:67	CG:0	TC:0	TG:22	0.00000
17	22253231	C	48	ccCccccCCctTcCtCtCCttcCCCcCctCccCcCCCccCcccccccc	CACDCCDDADDGDDDDEDBEEDDDDDDEFDEEDEDCCE?CEEEEDE=B	C	41	T	7	22253134	CC:13	CT:0	TC:0	TT:2	0.00952
17	39254061	A	41	aaaAaaaGAaAaaGAAAAGAagaAaAagaAgagaAAAAAAA	ADF@FFFHDG8GGHEDDDHEG>GEGD?9GDDEEGDDDC@>?	A	34	G	7	39254126	AC:13	AT:0	GC:0	GT:3	0.00179
17	56056604	T	53	TTTTTCTTTTTTTTTTTTtTTTTTTTTTTtTTtCTCCTCTTTTTtcctTTTCT	CFFFFGGFFFFFFEFFEF@FFEEEEEEEEFEEFEEEFEEDCC>A@@=>??BAA	T	45	C	8	56056601	TT:38	TC:0	CT:1	CC:4	0.00004
17	61565990	G	147	CCGGGGGGCGGCGcGGgGGCgggCcGcGGgGCcCCCGggcGCGCCGGcCGGCGGGgGGcgGCCgGCCCGGCGCcGGGGGCcgGggGGcCGGCGGgcCcGcGGGGgcgGgGggGGGgcgGCgCgcGgCGGGCggcggCGcGGggcggc	DB?;BC@DFDEGED;EEEEGFEEFCEEEEFEEEGGFEEGEDFEGEEDEGEEFEEEGEEEGEGFFEGGGEEFEFEECEEEFEFEFGDDEEDDFDDGEEDDADDDDGFFDGDEE>DDBEFD@FFGDDFFDDDEGA<FFDCECDDB?>CB	G	96	C	51	61565998	GA:86	GC:0	CA:0	CC:49	0.00000
18	44555322	C	88	cCccccCCccCcCGCCCcccCCcCcCCCcgGGCCcCCcCCcCCGGcCccccCCCCcCcCCcccccccCcCccccccccccgcggcccc	BBFFEFGGFEGFGGEGGFFFHGFGFGGGFDHHGGFFEADGGGGHHFGFGGGGEEGFEGGGB8GGGDGFHFGGGGGGGGGGGGGGEC@D	C	79	G	9	44555312	CC:72	CG:0	GC:0	GG:5	0.00000
18	67365668	A	239	aGGGGaAGaaAGAGGGGAaAGAAGAGGAAAaAAaAGAGGGGGAAAGaAAAAGAGaAGGAAAgAggGaaaGAaAggGaaaaAAgaaAAGagaaaaAgGgAggggaGAagAAAAAGAAGAagAggAgAaGgagaaAAaaaggaAAAgagaGgaaaAGAAAggagAaagGAGaaaaaAggaaAAAaAaAAAgaagagaaagAaaGagaaaaagggaaagaAagGAagaaggaaagggAGAaa	C====B@>CB@BFACCCHEHCHH@EACHHHBHAEH9HC@BCCHHHCEHHHHCG<DFBCHHHFDECCCEE?HEI=ECEEEEHBDDEHH>FEEEDEHFAGHEDGD=BGFEHHHHHCHH;HEFHGFGEEFBGEFFCEGFEFFAEHHGFFFDCGFFFHCGHHAGFFGFF>@H>FEF=FCGGEFHHGFGEGHGFDFFDGEFGGGFFBFAF?F;EFGFFFFEFFFFAFFFED?DB@AAA9CCCB@	A	151	G	88	67365577	AA:13	AG:0	GA:0	GG:13	0.00000
19	4511746	A	167	aaaaaaaaaaaaaaaTTTAAAAATAATTAAATTAaAAAAAAaaAAAAAaAAAaAAaAAAAAATAAAATAAaaaaAtaaAAAAAAAAAAAAAAAAAAAAAAAAAAAAAaaaaaaaaaaaAAAaaTAAAtaAAAAAtAAAAAAAAaAGaaAAaaAAAAtTTTAaaAAAT	C?>CFEFEFEEEFFFGF<FC@HHGEGGGGHHFGGGHBGHHHGG:GHGGGGGGCGGG?GGGGGFGGGGFGGEFFFGEC=HGHGHGGGGGGGGHGGGFGGHGCGGCGGE@GEFGGDGGFFGGGEFEEGGFGGGGD7FGGGFFFFGGFBGGGFGGGFDGDDDCC??CC??	A	147	T	19	4511789	AC:121	AT:0	TC:0	TT:12	0.00000
19	4511789	C	270	TCCCCcCCCCCCccCCCCCcCCcCCcCCCCCCTCCCCTCCccccCtccCCCCCCCCCCCCCCCCCCCCCCCCCCCCcccccccccccCCCcccTCCCtcCcCCCtCCCCCCCCcCCCccCCccCCCCctTTTCccCCCTCTCCCCCCCCCCTCCCTCCcCccccCCcTCCtcCCCtcCCCCTCcccCCCcCCCCCCcCCTTtcccccCTCTcCcTCCCCCTCTTCCCCCCCttCcCCCCcccCCCCCCcCCtCCcCCCCCCCccCCccCc	BA?BCEEBGGGGDDDGGDGDGGCGCDGGGGGGGGGGGG>GCEDEGBAEGDGCGDDGGGGFGAGFGGEECEGGEFGGDDDEDDDCDDDFG<DE7<DGA?EGBDEGFFEDGFFFGEAAGEEGDEEGGGGDFGGFGEEGGGEGBGCFFEGGEFGFG=FFFFEFADEEDGEFDFFEGFFFAFF7FFFEEEFCFEFFFFDFDFFFEFEEDEEFEFFEFEFFFFF@FFFFFFFFBFF@9FEFFFDAE?EFEEFEEDEEFGDCCDCBBA==@>==CA	C	239	T	31	4511746	CA:121	CT:0	TA:0	TT:12	0.00000
19	7166376	C	137	TCCcTcTtccCTCCctcTCctCCCCtccCcCTCtcCCttCcTttccCcTccCcctcCcttcCTCccTCCTcCctCCTCCcTTCCttTCCCCcCTtCCcCCtccttcCcCccttTCcTccttcccCcctcTttccctc	?BB?B?EGABFGGEAFBGFBGGGGGGB:GBGGEGBGGGGGBGGHBBGBGBAGCBHCGAHHCFGGCBFBGGCGCHGGFGGCGGDGG6E9GDGCGGHGFCFGHCCHHCFCFCCG?FFCFABHECA9ECBHCFFF<>;C@	C	91	T	46	7166388	CA:77	CG:0	TA:0	TG:38	0.00000
19	40376675	G	205	GGGGGGGGGAAGAGGGagGGaAAGGAGAGGGGggGGaAgAAgAaGGGGgAGGAgGaggggAgGGgGGGGAggagGGAggGGGggAGGgGgaagAggggGGgAGggGGAAggAGgGgaGAGGAGgGGgaGGGgaGGgagggggGGagGaGGaaaggggggggaagggggggggagaaggggagaggggggaagaaaggGaggggga	58=>?BCCCGGCBCCCEEACEHCCBHCHCCCAFDCCECFHIDHECCCCEHCCEECEFFFFHFBCFCC:CHFFEFCCHAGCCBGGGCCABGF@FHGFGGCBGHCGFCCHHGFFCFCGECGCCHAG=CGFABCFFABFDEGGGGCCFGBFBBEFCGGG>FFGGFF@GGGGFGGGEF;BGFFFFFFGGFGGGFFFDCC@E?B@?>DCC	G	150	A	55	40376562	GA:23	GG:1	AA:0	AG:7	0.00000
19	41928765	C	180	CCTTTtCCCTcCcCCCtcCtCCTccCCcCCctcctcctctTtCctCCTtTcTttcTccTcccctccCCTctcCCTCCCCCCCTttcCCTccCCCcCTCcCCcccCCCctttTCCcccctTTCCCctCCccCCCttCCCCTtTTCctCCcccCccCTccTtTcttCctTCCcctcCctctt	<@<;ACFGFFBEDGGBEDFEFFEDDFDDGGDDDDEDDEEE?EEDFGGFEBEFFFEFAEEEEE;F9DGCFDEEFGEGCFFEFFEFFEEFDDE?GEEDDFDEEDDEFFFDFFFEFFEDEEFEDFDEFFFEEEEEFFFFFEEEFED@EFEFEEEEEEFECEEFEDFEDEFCEEEDDCA>>=>B	C	121	T	59	41928724	CG:55	CA:0	TG:0	TA:30	0.00000
19	48258551	T	72	TTCTTTTTTTCCtCCTCtttTTttCCtTTTttTttTTtTttTTCcctTTctTcCtttctttTcttttcctTT	@BE;FFFFFF>EEHGA:FFFFEFFGGF@FFFFFFFFEFFFAFEEE@AEEEFEEEEFGEEFFEE5FFEAADCA	T	54	C	18	48258578	TA:43	TG:0	CA:0	CG:13	0.00000
19	48258578	A	68	GaaaAAaaGGaAAAaaAaaAAaAaaAAGggaAgAgaAgaGaaagaaaAgaaaaggaAAaaaaagaAAg	>FFFFEFFEDFF:FFFFGFFFFFFGF>ECDGFDEDBFDDEGG=DGFGFDGEGGD7GEEAGFFGDFEAA	A	52	G	16	48258551	AT:43	AC:0	GT:0	GC:13	0.00000
19	48737551	T	54	TTTCTTTTTTTTTTTTTTCCTCCTTtTTCCtTttTTTcttCCTTTTTTTCCCtT	FGGGGGGGFGGGGGGGGGF<FFFFFFFBFFFFFFFFFAFEFFFCEFEFFGBCCB	T	41	C	13	48737706	TT:16	TA:0	CT:0	CA:7	0.00000
19	49894028	T	59	TTTTTTTTtCttTTTtTtcTtTCTtcTCTttttCTTTTTtTttCTCtCtCtcCTcTttT	B>>AEDCEEDEE@EEEEEDEEEDDEEECDFFFE@DCCDDCDFFCDCFCFBBDCDEDA@@	T	46	C	13	49894152	TC:11	TT:0	CC:0	CT:6	0.00008
19	53990021	A	83	GAAAAAGAaGGAaaAAaAAAaGAGaggggaaaaGgaAagaaaAaaGGaAaaaAGaaAaGgaaGAAaGgaaagaaAgaaaagaa	D8=>AAGCDFGEDDEDDE6DDHEHDFFFDDDDCHFDEEGEEEEEEHHEEDEEDHECEEHGD:GDDAGEECEGDEDBEEEEGCB	A	59	G	24	53990055	AT:35	AG:0	GT:0	GG:13	0.00000
20	238530	T	39	TtgtGtTtTTTgTGttTtTTTttttGtgTttggtttttt	ADFDG7GDGFGFHH>DGDGGG7EDEGD9EEEGGBCAA@>	T	31	G	8	238507	TA:27	TC:0	GA:0	GC:8	0.00000
20	238540	C	39	ctcTcCcCCCtCTccCcCCCccccTctCccttccccccc	BBABECEFGFEEEEFFFFBEFFFFFFEDFGDFFGGGGG=	C	31	T	8	238507	CA:26	CC:0	TA:0	TC:8	0.00000
20	3675498	T	142	TGGtttTTTGTtGTGtgttGGgtttGTTTgGGTtTTgGtgTggTTtgtgtggttTggtgtggTTTtgGttttttttTtGtTTttGtTTtTTggttTTGTtTtGTggtTttGttttTttGggtTgTGtgTtgggTTTtGtttt	CBB??@<;@ADGCFEBCGGDECGGGEFBDCEEFGFFCEGCFCCGGGCGCGC7GG;DCGCG@DFFFGCEGF>HHHHHFHECFFHGEHFFHFFCCHGFEEEHFHDEDDGEHHDHHH;EHGDDDIEEEDH?EHDCDEDEH:EC@E	T	94	G	48	3675333	TG:12	TA:0	GG:0	GA:3	0.00220
20	43561654	C	170	tCCttcCcTtTTTCTCCttTcCCTTTCCccCTcTTcCCCCCTTccCtTTCCCcCCTccCCCcCcTCCcCcccTTCCCTCtTcCCCCcTTCctcccCccCTtcTCCcCCTcctCtcccTCTTCtCCCTCCCCtCtCCCTcttcctCttcccccCTCttTcCtcTCCcTCtc	?>CEEGDGGDGGHDGDDDDGGDDGGGCDGFDGGGDHDDDDDGGH;DEGGDDC@CCGHG8DCHDHG8DHDGHHGGDDDGDEGFDDDD>GGCHDHHHDHHCF@HGCCGCCFHGDCEHGGFBFFCECCCFCCCCDCECCCFHCCHCECECHFFFCCEBBDGAB@<C@@<CCBC	C	110	T	60	43561660	CA:105	CG:0	TA:0	TG:56	0.00000
20	62173561	C	194	CCCCCgCCCgGCcGCGCCCCGGcCCGCCCGCCCGGCCCCCgCCCgcCcccCcCCCCCGCGCCcccGcgCGCCCCgcgGcCgCgGCcGGCgggcgcccgCGGcGGcggCCCCGCGcCCcGcGCCGGgcGCCGCCcgCGgcCGcGGCCcCGcCccGccGccGccCCCccGCCGCGCCccCCCCGgGCCGCcGCCcc	BA9;>?B:>CFGAGGGGF?F9GB9GGGGGGGG5HFDDEGGCGBGCBGBBBGBGGGGDGGGFDCCCGCCGGFGDDDCDGCGDGDGGCGGGDDCCDCCBDGGGCFGADCGGFFFFFCFFCECGFFFF>CFFFFFFCDFFDDFFCFFFFCFFCFC=FCCFB@FCCFF8CBFFFFEFEFBBFFDDEACBCCA>AAA<@	C	130	G	64	62173741	CG:16	CA:0	GG:0	GA:6	0.00001
21	9912009	A	58	AGGGAAAAAAAaAAagGaAAAaGAaGGaAAAaAAGAAGAaAAAaaAAaAGAAaAaaAA	H=ABHHCEHHHEHHEG=EFHHEBFEBCEGGHEGGBGGBGEGGGEEGFEGCFFAE?=C@	A	47	G	11	9911951	AG:8	AA:0	GG:0	GA:3	0.00606
21	10862618	T	280	TTCCCcCtTCCCTCTCTCCCCCCtCTCCCTCCCCCTTTCccTCTCCCCCCCcCcTttCCCCcTCCCTCCTTTctCCCCcCCTCCCtCCCCctcccCCcCtTCctCTCccTctTCctttCTCCCccTCTTccttCCCTccCCCTCccTCccccTCcctttctctccTCcCTTCCTCtCCTcccCCcTTCtcCCccccCCtcTTtctTcCCCTtctTcccTTCTCTtCtcCCCTCTCCTtcCCCtcCtCTCCcTCttTcctcccttCTtTCCtcctCccCCc	BB??>CAAACEFEGEGEGGGGG@DGDGGGEGGGGGEDCGGGEEEGGGGGGGGGGEDDEGEGGEGGGEGGEDAGDGG@GHGGEFAGDGGGGHD?<HFGHGE<@CEGEFHHEHEEGHEEBGEGGGHHEDEEH;EBGGGDGHGGGEFGCDGGHHHEFHF?<DHEHDHHCFHFDDFFDFEDFEHGHFFHDDFEHFFHHGIF6;HDD>HEDHFFFDEHEDHHHDDFDFD6DCHFFFDFDFFCEHFFFDHF5FDFFHCDEECGFCGGHDDDCABCB@?C@A;ACCC	C	184	T	96	10862599	CT:140	CC:0	TT:0	TC:70	0.00000
21	10863155	G	125	gggtgttgtgtGTgggtgGGtgggGggtTggtttGggggggGgggtggttgggtgttgggggggGgggggttttgggttttgggggggtgttGggtgggtggtgtggttgggggggtgtgggggg	CCBCABBAAACDCACCEGEGEFFEGFFDCFFEEEGFFFFFFGCFFEFFEEFFFECEEFFFFFFFGFFGGFAEEEFFGFEDEEGEGFFFFGFFGGGBGGGEGGFEFFGEEGGG<@GGFGFDGGGGB	G	87	T	38	10862947	GG:0	GA:8	TG:9	TA:0	0.00004
21	10916290	T	74	TTTTTTTCTCTTTTTTTTCTTTTTTTCTCTTTtTTCTTCTCTTTCTTTTTtTTCTTttttctCcTTttTtCCct	?FFGGGGAGGGGGGFGFFGGGGFGGGGGFGBGEGGFGFFFFFFFFFCFFEEFFBCFEEA>HEFHFFEDFDBBC=	T	58	C	16	10916226	TA:13	TG:0	CA:0	CG:2	0.00952
21	10942756	G	557	GGagAGaGgggGGGGGAGggaGGGGGGGgGGAGGGGAAgagAGGAGGaGGAGAGAGgGGagGAGGAGGGGgGGGGAggGGGAgggGagggGGaggGggaaaGGAGAgGGGggGAGGGGAgaGAGGgaaGAAAGGgGGGAggaGAaggggaaGAGAgaggGGAgGAGGGAggagGAaggGGAGAggAGgagGGAgaGGGGAGGagagAGAGaGGggggAGGGGGaggGAAAAGGGagaAggGGAGAGggaGAgggaaGGGaggGAGggGAGGgAGggAGAGGgggagagGGGgggaGAgggGAGggggggaGAGGggGGgggGAagggGGAAggaGAggggagagGgggGgggaaggGGggaAgaaggaaaggAaggagGgaagggaagGGGGgggaagaGgggaAGGgaggggggaggagGaGggaggagAagaggagGagAGggggGagGaggaGgaggaaGGgagAGggGgggGggaGGgagaGAgaggggagaaaagggaagggggggggaggGggggagGaggggagaggGaaggggggggagaagggggAga	AAAC@=B;AAA>>>>=C>BBB???;???DAAFABCBGHFEFHCAE=ADBBGBF=HCFCCDDCFC@HC@CCF;CCCGFFBBCHFEECEFFEC<DFECDFEEECCHCHFCCCFEAHCCBCDFECHC<EEEBHHHC@E<CCHFEE@HCFEEEEE>F?HFEFDCCIDCFCCBHCFEE:HAEFCCDCAEEHCGFECBHEEACCCHCBEFEED<HCECBFEBFHCCCCCEEEAHHHGBC@EEEHGFCCHCHCGFFBAF?F=DACCFFFCBCFFAHC?GG?BFE@ECCGFFFGEF?CCFFGFBGFFFCHBDGGFFFFCHCCFFCCGGFBGFGFFCCHHGFECFGCFFFFDGCGFEC<DDCFFGCCEFEHGFFG7FFEFAGFGGBGCAFFFBFEFFCBBBFBFFFFFBGGGFFC;GFGGFF?GFGGFGCFBGGCFFFDGFGFGGEFBFFGBFFFGC:FBFGGC?GFGGFFBBFGGGBDFBG<GBGGFBBGFFFBGGFGGGGCEFDDDEEEEFGGG@GGGGEEFFBFGGGFFBFEFFFFGFFFBFFFEEDEEEDBBA?B>>>>CDB	G	393	A	164	10942601	GC:20	GT:0	AC:0	AT:9	0.00000
21	11038998	G	753	GGGgGGGGGGgggGGgggggGGGGGGGggGGGGgGGGggGGgGggggAGGGGAggGAGggGgggAGGgggGGGAggGGGGGgggGGGAGGGagGGGGGAgAGAGGgaGGGGGGAgggggGGGGGGgggGaAGGGGGGGggggGGgggggggGAgGGAGGGGGgGGGgGGGGggggGGGAGGGAGGggGAAGGggAGGAGGGgAGGAGGggGGGggaGGGGGGGGggggGGGGGGaggAGGGGGgggGGgAGGGGGGGGGAagGGGAGGGGGGGGGGgggGAGAGAggGAGggGGGGAggaGGGGgggagGgGGGGGgGGGGGaGAGgggGGGGggggGGGGGgggggGGGGggggggaGGGgggGGGGGGGGggggGgggGGGGAGGGgggagggGGGGGgagGGGgggggggGGGGAgggggggGGAgggGGAgggGGGGgaggGGGAGGGggggGGGGAgggggaGgggGGggggGGGGGgAGGGaggggGGGGGGGGgGGGGgGGGGgggGGGGgagaGgGGGGggggGGGGgggggggGGGGGggGGGGGGAggggggggggGAGGGGGAGGggggagggGGGGGGGGggggGGGggggGGGGGGGggggaggggaGGGGGGgggggaGGGGAggggGGGGAGGggggGggggGGGGgggggggggGGggggggGGGGGGAgagGGGGGGGGggaggaggGGGGGgagggGGGAgGGGAGggaagGGGgggagGGGGGggggagAGGgg	DBCCAC@AA@=?ACAAA@@@CBCDDDECCFFHGCFFHCBHFCGBCCCCHHHHECC5EHCCGCCCEGHCACHHHECCHHHGGCCCHHHEHHH6CG>GHHDCEHEHHCFHHHHHHECCCCCHHHHHHCCCHFDGHHHHHHCCCCGG@CCCCCBHD@HHEHGHHHCHHHDGHHHCCC>HHHEHHHEHHDC@EDEFCCEHHDGGH=EHHEHGDDBHHDDGGHGGHHHHDDCCG=GHGHFCCEHHGHHDCDGHDEHHHGGHGGHEGC>EHEHHHC8GGHHHD9CHDFCHEDDHE5DCHH:GEDDGHHDHDDDGDHDHHHHHDHHHHHGHDGDD@HGGHDDBCGHHHGDCD@DHHEHDDDDDDGHHGDCDHHHGHHHGDDADGDDDGGGHEHHHDDDGDDDF?HHHCGCGGGACCDDDDHGHGEDDDDDDDHHEDDDCGCDDCGHGGDFCDHHGDHGGDDDDGGGG@DDDDDGGDDDGGDDDDGGGGGDBGGGGDDDCGGGGGGGGDGGGGDGGGGEDEGGGGDFEGGDGGGGDDDCGF?GEDDEDDDGGGGGDDGGGGGGDDDDD=DDDCDGBGGGGGDGGDDDDGDDDGGGF>G>GDDDDGGGDDDDGGGGGGGDDDDGDDDEGGFGG?GDDDDDFGGFGADDDDFFGGDGGDDDDGDDDDFGFFDDDDDDDDDFGDDDD@CFGFGFGCDGCGG@GFFFFBBECBGDDHFGGGCFBBCEFFBAEDDAA??BA?DCC><<<<ABB@B??<<?<CC@A@	G	677	A	76	11039072	GG:227	GT:0	AG:0	AT:23	0.00000
21	11039152	A	642	AaaaaaaaAaAAaaaaaacaaAaAAAaaacAAAaacacAAaaACAaaacaaacaaCACAAaaaaaAAAAAcaaacaaCAcaaaaaaaaAACCaaaaCAAAAAAAcacaaCAACAACAAaaaAAAAAAacCCAAAaaaAAAaCaaaaAAAAaaaaAAAccAACAAcaaAAAAAAcAAAAaaaaAAAAAAacCAAAacaaAAAAaaaaacAAaaaaaacAAaaaAaaaaaaAAAcaaaaaCAcaACAaAAAAAaaaAAAAAAAAccACAaccCACAACAAaaaaaAAAAAaaAAAAAAAaaAAACCaaaaAAACcaAACAcaAAAAaaACACAAAAAAaaaaAAAaaaCaAAACAAaaAaaACAAAAaaaaaaAACAaaaAaaACaAAAAaaaaaccCAcaaaAccaAAACAACCaaaaAAAaaacaaaaAAAcaaaAAaaaAAAcacaaacAACAaAACACaaaaAAAAaaAAaaAACaaCAAAaaACAAAAAaCACAacacaacACaaAACAAAcCACaaaaaaAAACaaAAaAaaaaAAaaaAAAAaaacAaaaAAAAaaaAAAAcaaaaaAAcCAAACaaaaaAAacaaAAAaaaAAAaaaaacaaacaaaAAacaAACaaaAACAAAaaaaAACAAaaa	=C?AAAAC>B@=BDDDCDDDDEFGAGBEEEHFHFEFEFGFFFHDGDFEEFEFEEED>DHHFEFF6HHHHHFFFFC@FDHFFFFFEFFFDHDDFFFEDHHHH>HHFFFFFDHHDHHDHHFFFHHHHHHFFEDHHFEFF@FHEEFFFEHHHG<FFFHGHFFHHBHHFFEHHHHHHFHHHHFEFFHHHHHBFFDHDH:FFFHHHHFGGGFFHHFFFFFFFHHGEGHGGFFEFHHHFFFFFEDHFGHDHF@HGHH@GEHHHHGGHGGAE9HGGGCHCGHDHGGDGGGGHHGHEGHHHGGHHGFHHGDDGGGGHHHDGGHHDHGGHHHHGGHDHDHHHHGEG=FFFHHFFGDGHHHDHHDBHFFHDHHHAGGGGG@GHBGGFGHFGG@FGHGGFGGGGGGCGGFGGHGGGGGFCDHCCGEGGGGGGGGGGGGFGGGGGFEGGGGEGGGG7GGGGGGGCGGGGCGCGGGGGGGGGFGGHHGGCFFCEGGF=GCGGGGGGCGCGGGFGGG>GCGFGGCGGGGCGC=EAFCEGGGCGGGGFGGGGGGGGGFGGGEGGGGGFGGGGGGGGGGGFGFGGAGFGGFCGFFCGGGGGGGE7EEEGGFEE5DE?C;DDCDCAACCCDDAA>>>A=;@B@ACBB@@B??????@@D	A	539	C	103	11039142	AT:464	AA:0	CT:0	CA:88	0.00000
21	11039344	G	460	GAaggGGGaggAGGgAGaaAagaGGAGGagggGGGaggaagGaaGAAGAGGGGGGGggGGAAGAagAGGaagaaagGAGgaGAGGgaGGGGGGGAagGgaaGGaagggGGgggaagGAggggaAGGAGGgaggAggaggAgagaGAgaGAGggagGAGaGggAGGGaAggggGAaGGgggggAaagGGGAGgaAAGgagGGgggGGGgaaGGgggAAGGagaAgagaAaGagggAAAagaAGagggaaggaaAagagGggggggGgaggAAAGAAgggGGaaggGggGaggaaggagGAggggaggGGGGGggAGAGGAaagaAAggAaggaggGGgGGGgggaGaagAggaGGAGaaAGGGgagggGGaaaggagagggggggGggggGgAGgggagGgaGGaagagggaGgGggAggGGAgGgagggagGaGgggagggaGggGagagaaaggggggg	@BCCC6;=A>A><5AB=BBDCDDA<HCBEE>F;A=BFDCDE87ECHHCHCCCCCCBFEC@EHCGEFGCCEEFED?EC=BF>CE?CFBCCCCBBCHEFBFEDCCEEFEFACFEFEDECHFFFECHC>DCAFEFEIFFDEFHFEECBHFEAHBFFDF;H6E>DEFC?C;HGEEECHECCFDFFEHFFFCCCHCADHHCEEFCCFFFBBCFEFAAGFFHHCCEFFGAEGAEBCFFFFHHECFDHCFGFFFEGGFDHFEFGCGGEGEFCGFEFHHHCHHEGGCCFEEECGGAFEGFEFFDGAHGEFGDFGC?CCBGGA?GCA>6<FFGGGGGFEGBGGB@GBBBGFCFBCC?GDDFBBGBDEGBBBEFFGGBADFGDFFF>GGGFFEGBGFFFBFGBEFGFCBECBBFEFDGGFDBFBG6GFGBBGGBGFGGGFF?FAAE:@FEBE@FF@AD>@>@@@>>@DD?	G	304	A	156	11039450	GA:48	GG:0	AA:0	AG:21	0.00000
21	11114703	T	79	TtTTTTTtttTcctTctcttttTtttccctcCtcTccttcttttctTcttttttttttTtttttttttttttTttttcc	A?@==B@:AADDDEFDEDEE=DG;CEDDDEDDEDGEDFEEFFBEDEGDFEEFFFFFFFFEFFFEBFFFFFFCFGFFD:B	T	62	C	17	11114683	TC:60	TT:0	CC:0	CT:15	0.00000
21	11114728	C	66	CccctttctTctCttcctcccctcCtcccccccccccCcccccccccccccCcccctttTcTtcct	DC>?DEFBGGAFDGFBBGBBBBGBGGBBBB@B:BBBBB@BABBBBCAB@C;GCCCCFIDECFHBB>	C	48	T	18	11114683	CC:42	CT:0	TC:0	TT:11	0.00000
21	45215046	T	127	CTCTTCCCTTTTCTtTtCCTTTTTcCTcCtTTTtTTCCTTTTtCtTTTTtTTcCTcCcTTTttCttTTcTCtcTCCTCtTTCTCTttCTCtttCtTTtCtCCTTtTtttttttCCtcctccttctTT	BBFE9GGAGGAFDGGGEEGGGEHF@EGBGGGFFGD<GGFFGGGGHGGFGHEG?GACDCEFFHHGHHDFBFFFCFFFEFFFDFFFFHGDFFHHHCHFFHFHAFEEHF>HHHHGHFFGAAF@@A;<ABC	T	85	C	42	45215055	TC:80	TG:0	CC:0	CG:37	0.00000
21	46930993	C	35	CCACcCCCaCCCCCccCCCCAcacACCCcaACCCc	8FGFEFAFFAFFFFEEFFFFGEFEGFFFD>FEEB@	C	28	A	7	46930992	CA:27	CC:0	AA:0	AC:7	0.00000
22	16414380	G	94	GggGggaaGGgggGGggggGgGggggggggggagggggggagggggggggggagggaggggggggaagggggggggggggggggggggggaagg	>C?<=ABC;>BBA?@CCD9CCCCBCCCCCCCCFCCCCCCCFCCCCCCCCC@CFCCCFC=CCCCCCGEDCC?CDDDDDADDD>DDDDDDDDGGDC	G	84	A	10	16414348	GT:29	GC:0	AT:0	AC:2	0.00215
22	24323227	G	138	AaGAgGGaaAgGAgGagGaGGaGAGaaggAGGGggagGGgggGgaaGAGgagggAGggggGagAGggggaggagagGggGaaaaggAgagggAgGgagggAgggggaGgaagggAaGgggGaaggaagaaGagggggg	AC>AB@=CEDF@EFEFEDEE<FEFEFFFFFEEDFFFFBEFFFEFFEEFEFFFFFFFFFFFEFFF?FFFFFFFFGFFEFFEFFFFGFEFFFGFFG:GGGGGE:GAFDGDGGG;FGEGDGGGDGGGDGGEFGDABGGF?9	G	92	A	46	24323131	GT:0	GC:4	AT:5	AC:0	0.00794
22	42912029	G	108	GGTGTGGgTGgGTGgGgTGtgtGGGGTGggGTtGGGgGGGGTGGTGGGGGtTGGGTTGTggGTGgGGGGGtGTggttTGTTgTGGGgGgggGGgTGGGGtgTgTggtg	ACDFDGCCEFCGBHBGDEBHCHHHCGEHDDH@=:HG7HGFGCCGDGGGGADDGGGDDDADEFDGDGAGG@HGDDDH?DGDDDDGGGDFBDDGFBCEFD5?>=<@<AEA	G	77	T	31	42912136	GG:35	GT:0	TG:0	TT:17	0.00000
X	228810	C	36	CctTCCctCTtcTcTCcCcttcTcTcctCctCTtct	<HGGDDGCDCHHGHFCHCHGH@FHF?HHCHGCF:;G	C	20	T	16	228811	CA:18	CG:0	TA:0	TG:16	0.00000
X	228811	A	39	agGGAAagAGgaGGaGAaAaggaGaGaagAagAGggaGA	FC=HHHFCHGDGHDGFHGGGDDGGGGGGDGGCGG@D><A	A	20	G	19	228810	AC:18	AT:0	GC:0	GT:16	0.00000
X	228832	C	39	tCtcTcTCcCcccCcCcctCccCTccccCCCCtcCCTTC	BEDGCHE=HFHHG=HGGHEGHHGECGHHFFFE:GFEDDF	C	30	T	9	228804	CT:20	CC:0	TT:0	TC:5	0.00002
X	229542	G	47	aAggaGAaGgAAaGGgGAGAGAagAGgGGGaaGGagggaaggagAaG	FECCFGEFHCE:FHHDHEHEHEGDDFBGGGGGGGGDDDGGDCFC@BB	G	26	A	21	229645	GA:8	GT:0	AA:0	AT:5	0.00078
X	229645	T	28	AtAtTAaatAttaaataaaTtttaaaat	<CBEDDFFGEGGFFFGGGGFGHHGGGFD	A	16	T	12	229651	AC:13	AT:0	TC:0	TT:9	0.00000
X	322066	A	25	TTttAtAAAtATaATTAtTTAAATA	BADCHEHCGEH=FHFFFAFFGFGEC	T	13	A	12	322161	TA:0	TG:6	AA:10	AG:0	0.00012
X	322161	A	120	GGGgGGgAAGGGAGGGGaAGAAGGGGAAGGAAAGGGAGGAGGGAgGGgGAgAAAAAAAGAGgaGAGgaAAgGAAaaaaAaAGgGaAAggAaaaagGGGgGAgAAgAagGGGGaAgaaagG	CCBFCCFEH<DCHCC@CFGCFGCCCCHACCHGHCCCHCAGBC=HGCCGCDGHHFGGDEBGBGGBGBGDGFGBGFHHHHEGGBHBBGGEGGGFGGEBBB=BGFGGGGFFBBAAEHE=B;?C	G	64	A	56	322193	GC:0	GT:48	AC:51	AT:0	0.00000
X	322193	C	159	TCCCTTTCCTTCCCTTTCTTCTTTCtTtTCtCCCCCCCTCTtcTCTtcCCtTCCccccCcCTtTcCCttCcccctTTTtTCtCCtCctTTTTcCtccctTttTtCttTttcTCttttcCcCcctttCCtctcTTcTCTtcctcctttTTccCtttCTtt	@@?@EEEF8EFGFED?FFD>FFFFF=EGFFGFGFGF9AFGFHCEFEGBFBADFE=CCBGCGFHFCFFHHGCCBBGFFFFBGHGFHGCHDFDFCBHCCCHEHHEGFHGEHHCEDHHHH@EBECCHHHFEHCDCEECEFEGCCHCBHHHEEBCCD@A>CCC	T	84	C	75	322161	TA:0	TG:48	CA:51	CG:0	0.00000
X	322335	C	44	ctccctccTttctTctCTtttCCccttcttttctttccTctttc	AD?@CGABEGGBGEBGGDGDGEGBBGG=GGGGCHHBCCDBHGC>	T	25	C	19	322161	TG:8	TA:0	CG:0	CA:6	0.00033
X	1422868	G	91	GAGGGAAAgGGgAGAGggGGaGgaAAgggggAaggggggGgaaagaAAAGGagGaGAGaAggaggaGAaggGGgAaaaaGggGgaagagGg	@ADFGCCECHCCDH:HCCHHFHCFEECCCCCEFCCCCCC@CFFGDG::EHHGDHFHEHGBDDGDDGG;GDDGGDDDGHHGDDFDGGDGDD?	G	55	A	36	1422943	GT:9	GC:0	AT:0	AC:5	0.00050
X	1499835	T	52	TcTTTTTTTCtTCTCTTTTTCTTCTcTTCCCtCCTTCCCTTTTTTCCCTTTt	@DFFFFFEFG>8FEEFFFFAFEEFEEDCFFEFFFEEFEEDEDEEACBBBB?A	T	34	C	18	1499878	TT:23	TG:0	CT:0	CG:16	0.00000
X	1537002	C	41	cGgcgccCgCcgGGgCCCgcCccggcgcggcccgcCgcgcg	@;A?CAADCDBCCBCADDCCDBCDDCCCDCCCCDACDCCC?	C	23	G	18	1537013	CT:17	CC:0	GT:0	GC:14	0.00000
X	2658783	C	57	ACaCACccaAcAAaCcACAACACacCAACCCCAaaAcCCAACACAAACacaaCccCa	BCDGEG9DCFDFFEGDEGFEGFGFDGDFDGGGFFFEEDDEEFEFEEEFEEFEGDAA=	A	29	C	28	2658800	AC:26	AT:0	CC:0	CT:25	0.00000
X	2835831	C	44	CCTTTTTTTTTCTTcCCCTTCCTcCCCtCcTcTcTTCCCCTCtc	GGBFBEFFFCFFFF>EAEEE@CEAFEDHEBECECEEEDECCAC@	C	23	T	21	2835863	CG:22	CT:0	TG:0	TT:20	0.00000
X	2835863	G	71	GTTTTTTTTGTTgGGGTTGGTgGGGtGgTgTgTTGGGGTGtgGGGttTtttGgTGGtgGtTTTGGTGtGTt	GGGGBCAGGGGHEGGGGGGGFGFGGFGFGFGGGGFFFGFFEGFGFFFFFEF?FFDFFGFEFEEGDCD@C?C	T	36	G	35	2835831	TC:0	TT:20	GC:22	GT:0	0.00000
X	2836041	A	65	aaAaaaAaaAaaAAAaAaAaaaaaaAAAATttttaAaTaTAtTtTAaaTAAatAAATaTaaaAAa	ADA@GEFFFFFFFFFFFFFEFFGGAECDFEHHHGDEGFEDEHFHFEGGFEDGH=EDEGFEGD??D	A	50	T	15	2836084	AC:28	AG:0	TC:0	TG:14	0.00000
X	2836047	C	65	cCccCccCCCcCcCccccccCCCCTttttcCcTcTCtTtTCccTCCctCCCTcTcccCCcCtcTt	:@?BDBBDEDBDBDBBBCBCDDDDEHHHDBC8GCFCHFHFBDCFCCCHCCCFCFACCBBACE;AC	C	47	T	18	2836084	CC:30	CG:0	TC:0	TG:17	0.00000
X	2836060	G	66	ggGGGgGgGggggggGGGGAaaaagGgAgAGaAaAGggAGGgaGGAgAgggGGgGagAaAGGAAGG	@ABCCC@CCCCCCCC<C?BHFEGFDC<HDFCGHGHBDDGBBDGBBGDGDEDBBDBGDGGFC@EDCC	G	45	A	21	2836084	GC:33	GG:0	AC:0	AG:20	0.00000
X	2836084	C	77	cccCCCCGggggcCcGcCgGgGCccGCCcgCCCGcGcccCCcCgcGgGCCGGCCGgCgGgCgCCGcccGCgCCCgcc	C<BGGFGECCDCBH;EBFCECEFBBEDECD6FGECECCBFFBFDCDDDEADDEFDDECDCFDFFDAACDF?BBA?;>	C	47	G	30	2836041	CA:28	CT:0	GA:0	GT:14	0.00000
X	2836181	A	86	tAAAtaaAaaAAaAtATtTATtaataAtTataaAaTaaTaTaaTtaaAaAATTATttTaaATtAaTAAAaaaTattaattaaatta	C?@@ACCDFFFGFHEHAEFHGEF<EDHE?GEDF5GGEEGGGGGCFG:HG@HGGHGF8GF5HGFCFDGHGBGFFDEFGHFFGGABA?	A	53	T	33	2836138	AG:37	AA:0	TG:0	TA:25	0.00000
X	2836184	C	82	cCccCCcCtCTtTCTtcctcCtTctccCCcTccTcTccTtTcCcCCTTCTttTccCTtCcTCCCcccTcttccttcccttcc	C>9@B@CBDEFEFFEED>EDFEFDEDDG>DFDDEEFDEEFBEFEFGFEGFFFFEEGFEGEBGFFEEEEAFFECGFEEAFEC@	C	50	T	32	2836138	CG:34	CA:0	TG:0	TA:24	0.00000
X	2836238	G	31	GgAGGGgggAgaaggaagggaaggaggggag	B?CCEDFFFFFDDFFDDGGCEDGGEGGGGFG	G	21	A	10	2836211	GA:20	GT:0	AA:0	AT:8	0.00000
