1	16974662	C	92	cacccaccCACcCcCccccccCACcCCCcCCCccaCCaCcCCccCCCccCccccCCccccccCcccccccccCCcCCccccccCCccccaCc	CB@BACCDG@GDBDGDDDDDDGEEDGGGDGG:;DEGGAGDGFEDGEGEEG?EEEFGEEDDEEGEEEEEDEEEFFBFFECEEEEFFEBEEFFD	C	85	A	7	ALIGNMENT_OK:49,1	ALIGNMENT_MISSING:0,0	MULTIPLE_ALIGNMENTS:14,1	CHROM_MISMATCH:0,0	ALIGNMENT_MISMATCH:1,0	NEAR_SIDE:19,4	NEAR_GAP:0,0	NM:2,1	misalignment:36,6	0.42353	0.85714
1	16974666	C	87	cccCCCctCccccccCCTcTCTcCCcccTCcCcTccCCTttCccccCCtcccctCtccccctcttCCcCCccctccCCttcccCtcc	A:?DAFBFFBBBB@BGFEBEGFBGF=BBBGBGBFBBGFFHHF9ABCGGHCCC@EFHCCCCCCAGHE<CFECCCFC=DFHDCACEA=<	C	68	T	19	ALIGNMENT_OK:31,13	ALIGNMENT_MISSING:0,0	MULTIPLE_ALIGNMENTS:16,3	CHROM_MISMATCH:0,0	ALIGNMENT_MISMATCH:2,0	NEAR_SIDE:18,2	NEAR_GAP:0,0	NM:1,1	misalignment:37,6	0.54412	0.31579
1	16976569	G	139	agaGGGGgGGGGAGAAAGAGGGGGGGGGaAGGAGGGGGgaGGAGGGGGGGGGGGGGGGGGGAAAggAAGGAGGGGgGGGGGAGGGGGGGgAgaaGAGGAGGGAgGGAgGaagGGggggagGgAgGGGGGGAGGGGAAGG	FBEEEEECADEEDEFFEEFBEEFE@AEEFFE;AAEEEECE9EFEEEEEEEDEDEDEEEEEEFFED9EFDDEEEDEDDDDEDEDDDDDDDCEDGGDEDDEDDCEDD@EDDFGDDDDDD?GDDDECDD>CABB@AA@ACAA	G	106	A	33	ALIGNMENT_OK:50,10	ALIGNMENT_MISSING:0,0	MULTIPLE_ALIGNMENTS:21,12	CHROM_MISMATCH:0,0	ALIGNMENT_MISMATCH:0,0	NEAR_SIDE:35,10	NEAR_GAP:0,0	NM:0,1	misalignment:56,23	0.52830	0.69697
1	17023511	C	52	aaaaAaaaaaaaaacaAaaaaaaaaCaacaacaaaaaAaaaaaaaaaAacac	@<CBGCCDDDDDDDGDHDDDDDDDDDDDGDCGDDDDDHDDDDDE=E=CEHCB	A	46	C	6	ALIGNMENT_OK:21,4	ALIGNMENT_MISSING:0,0	MULTIPLE_ALIGNMENTS:0,0	CHROM_MISMATCH:0,0	ALIGNMENT_MISMATCH:0,0	NEAR_SIDE:20,2	NEAR_GAP:0,0	NM:5,0	misalignment:25,2	0.54348	0.33333
1	17085542	G	67	gggAagggggGAggggaggggggggagggggGagggAGGGGgggGGgGGgggGgGGgAgGGgGGggG	C=@BB>CBCCCCCCCCFCCCCCCCCFCCCDDBGD>DHBCCC@CDBBD8BDDDBBBBDGDAABBB@?C	G	59	A	8	ALIGNMENT_OK:21,1	ALIGNMENT_MISSING:0,0	MULTIPLE_ALIGNMENTS:10,4	CHROM_MISMATCH:8,0	ALIGNMENT_MISMATCH:0,0	NEAR_SIDE:20,3	NEAR_GAP:0,0	NM:0,0	misalignment:38,7	0.64407	0.87500
1	144951959	T	166	TTCTTTTTTTTTTTTTTTTTTTtTTTTTTTCCTTTTTTTTTTTTtTTTCTCTCCTTTTCTTTTCTtTTTCTTTTTTTTtTCTTTTTTTCCTTtTCtTTtTTTTTTTCCTTTTTttCCTcTCCtTtTTCTttTTtTTTTTcTTTTTtttTttttTTcttcTcTtTtt	C<AFFFGEGGGGFGGF?HGGGGGGGFFGGGDCFFGGGGGGGGGGHFGGDGDGDBGGGGDFGDGDGHGFGDFGGGGGGGHGDGFGGFFFDB@FHFCGFFHFFFEFFFCCFFFFFFHCCFCFCCGFGFFCFHHFFHFFFFFCFFFFFHHGDHGGGEEADG>C=CCCEB	T	140	C	26	ALIGNMENT_OK:27,8	ALIGNMENT_MISSING:0,0	MULTIPLE_ALIGNMENTS:58,11	CHROM_MISMATCH:0,0	ALIGNMENT_MISMATCH:6,0	NEAR_SIDE:48,5	NEAR_GAP:0,0	NM:1,2	misalignment:113,18	0.80714	0.69231
1	144951973	T	214	CTCCcCCTCTCCCCTTCCTCCCTCTCCTtCTTCTCTCCTCCTCCCCCCCcCTTCCCCTTCCCtCCCCCTTTTCCCTCtCCtTTcCCTCCCCCCCCTCTctCCCcTCCtCtCCCCccCTcCCCTTcCCTCCcccTttttcCTcccCcCtCcctcCCCCCTctCCTcccccCcttCTcccCCccctccCcctcccCtcccTtTTcctttCCCCctc	ADA<D>?C@FCDDCFGCDED@DGDGEDHCEHHEGDGD7GDCGDDDDDDDGDGGDDDDGGD8DEDDDDCGGGGDDDGCECDEGGGDDGDDDCDCCBFCF;DCCBGGDCECE>CCCHGDFHCCCFCHCCFCCHHHEEEEEHCFHGHCGCECHHEHCCCCCFHCCBEHHHHHCHEECFFGFCCCFADFFBEEBDCD>@CBB?=ACAC>==CCC?BBE	C	148	T	66	ALIGNMENT_OK:44,16	ALIGNMENT_MISSING:0,0	MULTIPLE_ALIGNMENTS:40,26	CHROM_MISMATCH:0,0	ALIGNMENT_MISMATCH:0,0	NEAR_SIDE:60,23	NEAR_GAP:0,0	NM:4,1	misalignment:104,50	0.70270	0.75758
1	145016076	C	52	cccctcTcccctccccccccctcccccccccctccctctccccccccccCcc	CCCDFF=EFFBEFFFFFFE?FEFFEFEFFFFFEFFFEAFGGGGGGGFGGFGG	C	45	T	7	ALIGNMENT_OK:29,3	ALIGNMENT_MISSING:0,0	MULTIPLE_ALIGNMENTS:0,0	CHROM_MISMATCH:0,0	ALIGNMENT_MISMATCH:0,0	NEAR_SIDE:16,3	NEAR_GAP:0,0	NM:0,1	misalignment:16,4	0.35556	0.57143
1	145039821	C	51	cccccAcccaCccccacccaccCcCcccccccacAcacaCccccccaCccc	CC?@?B?BBE>BBBBFBBBFBBABEBBBBCBCGBECGCF5CCCB;BGGC?C	C	42	A	9	ALIGNMENT_OK:25,1	ALIGNMENT_MISSING:0,0	MULTIPLE_ALIGNMENTS:0,0	CHROM_MISMATCH:0,0	ALIGNMENT_MISMATCH:0,0	NEAR_SIDE:17,4	NEAR_GAP:0,0	NM:0,4	misalignment:17,8	0.40476	0.88889
1	145074882	G	73	GtGGGGGgTGGGgGTGgTGGGGGGGGGTGGGGGTGTGTGTgGGGGGgTGTGTGGGGGTTGTTGTGgTGGTgGG	CDHHDHIEEHHHEGEHFEHHGFGGGGGDGGGG=DGDGDGDFGGGBGFBGDGDGFGGGCD<CCFCHECECA?DC	G	54	T	19	ALIGNMENT_OK:32,8	ALIGNMENT_MISSING:0,0	MULTIPLE_ALIGNMENTS:0,0	CHROM_MISMATCH:0,0	ALIGNMENT_MISMATCH:0,0	NEAR_SIDE:22,11	NEAR_GAP:0,0	NM:0,0	misalignment:22,11	0.40741	0.57895
1	145273520	G	158	ggagggggggggAgggaGagGaaggaggaGgggagGaGGggaGggaAagggggagggaagggAggggagggaaggggaggagggGGagggagggggggggggaggggggggggggggggagagagggggaggggggaggaaGggggggGggaggggga	ACC@AAAAAABA?BCCEGGFFEFEEFEFEFFFDFFDFHHFBFFFFFCFFFFFFFCFFFFFFFBFFFFECFFFFFFFFFFFFB;FGHFFFFFFGGF=FFEEFGGFGGGGGGGGGGGGG8GGGGFGGGGGGF?FEGAGGGGG@GGGGHGGEGGGGGGEDA	G	123	A	35	ALIGNMENT_OK:64,17	ALIGNMENT_MISSING:0,0	MULTIPLE_ALIGNMENTS:23,5	CHROM_MISMATCH:0,0	ALIGNMENT_MISMATCH:0,0	NEAR_SIDE:36,12	NEAR_GAP:0,0	NM:0,1	misalignment:59,18	0.47967	0.51429
1	148902298	G	146	GGGGGGGGGGGGGgAGGGgGGgGGGGGGGGGGGGGGgGGGGGGGgGGGGGGGGGGGGAGAGgGAGAgGGGgGGGGgGGAgGGGgaGGGGGGGGgGGggGggggggGgGaggaagggGGggGGGGGGgggGggGgagGGgggggGGg	C:CDDDGHHCGHHF@GHFCFHGGHDHHBHCHHHHEHGHHDEFHHGHGHGHGHHH?DHDGDGGG9GDGGGGGGGGFCGGDFFGGFGGFG?FGGGGGGDCGGGGGGGGDGGGGGGGGGFGGGGFGFFG>GGFFEGCB=D?A@@@?C?>	G	135	A	11	ALIGNMENT_OK:38,5	ALIGNMENT_MISSING:0,0	MULTIPLE_ALIGNMENTS:39,2	CHROM_MISMATCH:0,0	ALIGNMENT_MISMATCH:0,0	NEAR_SIDE:58,4	NEAR_GAP:0,0	NM:0,0	misalignment:97,6	0.71852	0.54545
1	148903089	G	242	AggGGGgGGggggggggggGgaggggGggagggggggggaagaggggagGGGgggggggaggagggaggggGGggggggGAagaaGagaggggAaggggaaGGGgggaAAGggggggGGgggGagggGgAggggAGGgGaagggAggaGaGagggGgGgggagggagggaaaaggggagGgaagaggggaaaggGaggagggaggggggggGggggaggggggggggGgaggGggagggggg	A@A6;;B><BBCCBCCFDEBEEEECFCFFEFDEFFDFEEDEEEEFEEEF>CCFFFFFEEEFEEFFDEFF>E>>FFFEEECHEFEECEEEFEEEHEDEEEEECCCFE8EIICEFFEEFCCFDECDFEFCFHFFDFHCCD@FEEEDCGEE9ECFFGE>FCFFFEFFFFFFGBFFFFFBFDF=DFFGFGDGGFDCDFCFGFFFFGFFGFFFGGGAGFGFEFGGFFDFFFFAFDFE?EEEEDA?9?	G	191	A	51	ALIGNMENT_OK:77,13	ALIGNMENT_MISSING:0,0	MULTIPLE_ALIGNMENTS:34,0	CHROM_MISMATCH:0,0	ALIGNMENT_MISMATCH:0,0	NEAR_SIDE:72,11	NEAR_GAP:0,0	NM:8,27	misalignment:114,38	0.59686	0.74510
1	152187606	G	346	gAGggGGGGGGGgAGGgGaGGGGGGGGGGGaGGGGGGGGGGGGGGGGGGAGGGgGgggGGGGGGGGGGGgGGGagggGGGGGGGgGGgGGGGGGgGGgGGGGGGGGGGgGGAgGGGGGGGGgGGGGGGGGGGGgggGGGGgggGGGGGGGGGAgggGGGGGaggagGGGggGGGGGGGGGGGGGgggggGGGGGGGggGGGGGGggggGGGGGAGGGGGgggGGGGggGGGGgggGGGGGGGGGGggggAGgGGGGGggGAGGGGGGGGgGGAGGGGgggGGGGGGGGagGGGGGgGAGGGgggAGgggggGGGGGGgGGaggGggggggggggggggGGGGGGga	AD<BBCCCCC=@CHACCCFCCCBC@CBBCCGAB<CCBACBCCCBC=BBCHCCCDCDD>C@CCCCCCCCBDCCCDDDDBBBBCCCDCCDACC6CBCBCD@BCBCCCCC;D@BGCCBBBBABBDBBBBBBBBBBBDDDBBBBDDDBBB@BBB?BGDDDABBBBGDEBDBBBDDBBBBBBBBBBBBBDDDD9B9BBBBBDDBBBBB@BDCCBB@BBGBBABBADDBBA>DCBBBBDDDBBBBBBBBBBD=DDGBCBBBBBDEBGB@BBBB7BDBBGABABDDDAABBABBBGDABAAAD@FBABBCCF?A@@@:>>??>>>=>><;<?=;===8<<<8>>=AAAC??AD	G	327	A	19	ALIGNMENT_OK:159,5	ALIGNMENT_MISSING:0,0	MULTIPLE_ALIGNMENTS:18,0	CHROM_MISMATCH:0,0	ALIGNMENT_MISMATCH:31,0	NEAR_SIDE:118,10	NEAR_GAP:0,0	NM:1,4	misalignment:168,14	0.51376	0.73684
1	152188118	C	147	CccCCCCcCccCcCcccccCcCccCCCcCcCCCcCCcCCTCCCCCcCCCTcCCCCCCCCCCcccCCCCCCCCcccCCcCCCCccCTCCCcCCTCCCccCCCCCCCCCcCCCCCCCTTCCTCcCCcCCCTCCCCTCCCcCCCcCCCcc	D??9A?BCGBBFBGBBABBGBF<B9FFB>BGFFBGFBGGF8GFFFCEGEFCDFFGGGEFFGCA;GGFFGGFF;CCGFAGGFFBCFEGFFCEDE@FFCCEDFEEDFFE8FFEAEFFDE>FEFCFFCFFDEEEEEECB?9@?@;AAA>>	C	138	T	9	ALIGNMENT_OK:9,0	ALIGNMENT_MISSING:0,0	MULTIPLE_ALIGNMENTS:84,7	CHROM_MISMATCH:0,0	ALIGNMENT_MISMATCH:1,0	NEAR_SIDE:44,2	NEAR_GAP:0,0	NM:0,0	misalignment:129,9	0.93478	1.00000
1	152188176	G	293	GGaGGGGaaAGGaGGaGGGGGggGAGGGGGGGGGGGaGGGGGGGGGaGGagGgGGGGGGGGGGGgGGGgGAGgggGGGGgggGGGGGgagggGAgGgGGGGGgggGGGaGGgGGGGGgGGggggGgGGggggGGgGgGGgGAGGGGGgGGgGGGGGGGggggGggGGGGgggGagggAGGGGGGGGGGGGGGGggggAGGggGGGGGGGagGGGggGGGGGGggGGggGGgggGggggGGGgAggGGGgggGggGAGGggGAGAgGGgGgggAggGGGAGGGGAGGGGGGggg	@@C<>:=DF;AAE;AFCCCCCCCCGACBCCCCCCCCCCC@C@CCC=FCCEC=CCBCCCCCCCBC@C:ADCFCD?DBBCCDDDC=CC;DGDBDBGDCDCBCCCDDDCCCGCCDCCCCCDCCDDDDC@CCDDDDAACBCBCDCHBBBCBDBBDB@@BBBBD>DDBDA@BBBDDDBF@D7FBBBBBBBBBBBBBBBCDDDG@7DDBBBBBBBFDBBB9EBBBBBBDDBBDDBBDDDBDDDCBBBDGADBBBCADBDCBG=BDDAGAFDABDBCCCDA?>>>B=AACC??CC??AAA	G	267	A	26	ALIGNMENT_OK:168,9	ALIGNMENT_MISSING:0,0	MULTIPLE_ALIGNMENTS:32,1	CHROM_MISMATCH:0,0	ALIGNMENT_MISMATCH:0,0	NEAR_SIDE:66,14	NEAR_GAP:0,0	NM:1,2	misalignment:99,17	0.37079	0.65385
1	152188998	C	67	CCttCCCcccCCTtcttccCccCtccccccCCtccctcccccCCCtctcCctcccCcTCcccccCcc	<?EDD@DBBBDDGGBGECCDCCDCCCCCCCDD@CCC=ACCBBDDDFCHCDCHCB?DCGD<@CCCCCC	C	54	T	13	ALIGNMENT_OK:32,6	ALIGNMENT_MISSING:0,0	MULTIPLE_ALIGNMENTS:13,5	CHROM_MISMATCH:0,0	ALIGNMENT_MISMATCH:0,0	NEAR_SIDE:7,2	NEAR_GAP:0,0	NM:2,0	misalignment:22,7	0.40741	0.53846
2	28854958	C	93	TtCCTcctCCTTtcCcCTCCCcTCCCtCCCCctcCCTCcTCCcctcCCCCccCCccCCCcCCcCCtctCctccTccTtTCCcccTcTccTTcT	<EEFEB<GFGFDGBFBFF9GGBFG?GHGFGDCHBFFFGCFFFCCHBGFGGBBFEBCGFECFECFEHCHFCHCCECC>GBEEC7CDCEABCB;?	C	67	T	26	ALIGNMENT_OK:49,10	ALIGNMENT_MISSING:0,0	MULTIPLE_ALIGNMENTS:0,0	CHROM_MISMATCH:0,0	ALIGNMENT_MISMATCH:0,0	NEAR_SIDE:18,16	NEAR_GAP:0,0	NM:0,0	misalignment:18,16	0.26866	0.61538
2	90458792	G	45	gcgcggggggggcggggcggggggggggggccgcggggggGgggc	BDBCDCDCGFFFFEFFFGDFF9FFFFFFFFGGFGFFFGEGEGE<I	G	37	C	8	ALIGNMENT_OK:0,0	ALIGNMENT_MISSING:0,0	MULTIPLE_ALIGNMENTS:22,4	CHROM_MISMATCH:0,0	ALIGNMENT_MISMATCH:0,0	NEAR_SIDE:15,4	NEAR_GAP:0,0	NM:0,0	misalignment:37,8	1.00000	1.00000
2	179296821	G	100	AGGGAGGGGAGAGGAAAGGGGGgGGGGGGGGGgGAggAAGaGGGGAGAGGGGAGGGGGGgGGagAaaAgGAGGGAgGGgAAAGgAAAAAGGGGGAGGGGG	@CGGFGHBHFGFGGFFFGG:GGGGGBGGGGGGEFBFGFCGEEEFFE?DFFAFEEFF>FFGFFEGEDEEEFEF=FEEFFGEEDFFDEFFFFEBDD>ABBCC	G	70	A	30	ALIGNMENT_OK:46,14	ALIGNMENT_MISSING:0,0	MULTIPLE_ALIGNMENTS:0,0	CHROM_MISMATCH:0,0	ALIGNMENT_MISMATCH:0,0	NEAR_SIDE:24,16	NEAR_GAP:0,0	NM:0,0	misalignment:24,16	0.34286	0.53333
2	179309165	G	92	ggGGGGgGGGgGGGGgGggGGgGGgGGGGGGgGgggGggggggGgGgGgGggggGGggGGGGGgGAAAAAAAgaagaaaaagggagggGGGG	?ABAGECFBGCGFGGCFCDGGCGFDGGGGGGDGDDCG>D@DDDEDFDFCFDDDDF=DDFFFFFDFEBFEDFFDGFDFGFGGEDDF??>?BC?	G	77	A	15	ALIGNMENT_OK:60,0	ALIGNMENT_MISSING:0,0	MULTIPLE_ALIGNMENTS:0,0	CHROM_MISMATCH:0,0	ALIGNMENT_MISMATCH:0,14	NEAR_SIDE:17,1	NEAR_GAP:0,0	NM:0,0	misalignment:17,15	0.22078	1.00000
2	234740758	A	57	AAAAAAAAGAAAAAgGAAGGaGAGGGAGGAAaAAaaAAAAAaAAaaAAAaAAAAAaa	ABE@DEBFEE7FE:GDDFEDGEFEEEFEEFFFFFFGEEEEEGEEGFEEDFBCCCB=B	A	46	G	11	ALIGNMENT_OK:26,3	ALIGNMENT_MISSING:0,0	MULTIPLE_ALIGNMENTS:0,0	CHROM_MISMATCH:0,0	ALIGNMENT_MISMATCH:0,8	NEAR_SIDE:20,0	NEAR_GAP:0,0	NM:0,0	misalignment:20,8	0.43478	0.72727
4	53446	T	225	CcccctttctttcttttttctCctctctTtcttcttcttcTtttcttttttCTTccttctttttTttcttccttTttTTttttCttttcttcttTtttccttcttttttttttttCctcctttctCttctCTctcCtTtttctttttccttTtttttttctttttttttcttcTttctctttttcttttttttcttttttTccttttttttctttctttcctcct	ACAC:BBC>CBD?EEDEEE8CB?E?EADDGCFGA>GAGFBEEGF@FFFGGFFGGAAGGBFFFFFGGGBCGBBGGGGGG7EGGFGGGGGBGGBGGFGEGBBGGBGGGGCFFAGGFGGBGBBGFGBGHGBBFDGBEBGGDEHHBGGGGG?CFAGGHGFFH?CHFHFGFHH@=HFCGHHCCCHGHGHBHFHEEGGH=HAHHHBF?CHHHHFHHHCEFDCDHGCCG?>;	T	166	C	59	ALIGNMENT_OK:97,24	ALIGNMENT_MISSING:0,0	MULTIPLE_ALIGNMENTS:0,0	CHROM_MISMATCH:0,0	ALIGNMENT_MISMATCH:0,0	NEAR_SIDE:63,28	NEAR_GAP:0,0	NM:6,7	misalignment:69,35	0.41566	0.59322
4	60294	T	229	TTTttttTTTTTTTTTTtTtTTTTTTTtCTTtTCTTttTTTTTTTCTTTTttTTTTCTtTTCTtTTtCTTTttTTtttTTTTTTTTTtTCTTTttTTTTTttTTTTtTTTTTTTTtttTtcTTTttCCTtttttttTtTTttTTtTttctTtttTTtTCTttttttctTTtcTTCtTtTTttTtttctttTTTttTttttTctttttttttTCTTttttTTtccTCTTt	DB@AAAAFEEEGGEGGGDGDGGGGGGGDDFF?GGGGDDGGGGGGGGGGGFDDGGGGGGEGFGGEGGDGFGGEEGG?EEDFFGGGFFGEGGEGFEEGGGFF?EGGGGEGGGGGGGGEEEEEHEGGEEGGGE;EDBEDFEFBEEFFDFEEECCEEEFFEFFFEDCEEEHEFFEHFFFEFEFFEEFEEEGEE>FFFEEFDEEEFHEEEEEDEDCGBDDA>@?BC@B=CC??B	T	208	C	21	ALIGNMENT_OK:136,4	ALIGNMENT_MISSING:0,0	MULTIPLE_ALIGNMENTS:0,0	CHROM_MISMATCH:0,0	ALIGNMENT_MISMATCH:3,0	NEAR_SIDE:57,6	NEAR_GAP:0,0	NM:12,11	misalignment:72,17	0.34615	0.80952
4	60345	G	208	GGggGGGGggGAGGgGGGGGGAGggaGgaGGGggAAGgggggagAGgggGGgGagaGgggGGgGAGggggagagGGgaGGAgGgGGaaGgggaaggGGGagGagggGagggggggggGAGAggagGGgaaGAAGaggGggaagggggAGGGaggggggGGggaGgggAGgGgGgggggggggggGagGgggaggggggaaggGggggg	@8AC@@:@@>>@ACCFGEEEEFGFEFGFEGGGFFFCGFFFFFFFFGFFFGGFGFFEGFFFGDFGGHEFCFFCFFG?FFGFFFDFGGFFGFFFFFFFFFGEGGGGGFGFEGGGFGGGGGEGFGGGGFGGEFGFFFGGGFGFGFGGDDGFGGFGGGFGGGFFGGGGFGGFGGFGFEGGGGGGGHHHFGEFGGGFGGGGGDFGFGFGGG<B	G	168	A	40	ALIGNMENT_OK:115,0	ALIGNMENT_MISSING:0,0	MULTIPLE_ALIGNMENTS:0,0	CHROM_MISMATCH:0,0	ALIGNMENT_MISMATCH:0,0	NEAR_SIDE:49,8	NEAR_GAP:0,0	NM:4,32	misalignment:53,40	0.31548	1.00000
4	47033772	G	53	ggGgTttggggtGggggttttttgggGgGgGgtGgggGgGggggggGgggggt	A6?DEEEEFFEDCDEFFEEEEDDEEEBE;ECFFCEFE6@5FFGGEE<EEFG?>	G	41	T	12	ALIGNMENT_OK:25,5	ALIGNMENT_MISSING:0,0	MULTIPLE_ALIGNMENTS:0,0	CHROM_MISMATCH:0,0	ALIGNMENT_MISMATCH:0,0	NEAR_SIDE:15,6	NEAR_GAP:0,0	NM:1,1	misalignment:16,7	0.39024	0.58333
4	169086441	A	52	AAAAgAgGAgAAAgAAagagaaAaAaGaaAAaAAGaaAaAAaaAaggaaaaa	CB@DC@CCHCHHHCHHCCFCGFGFFGCGGHHGHH9CGGHGGGEGGDDFFC??	A	41	G	11	ALIGNMENT_OK:28,5	ALIGNMENT_MISSING:0,0	MULTIPLE_ALIGNMENTS:0,0	CHROM_MISMATCH:0,0	ALIGNMENT_MISMATCH:0,0	NEAR_SIDE:12,6	NEAR_GAP:0,0	NM:1,0	misalignment:13,6	0.31707	0.54545
4	191033615	C	47	CTcCcttCcCTctcCcccCccCCCccCCtcCccCCcCccCctccccc	:@FFGDDGGBEGDGGGGGGGGGEGFHEG?HGHEGGHGDHFG:HBHBH	C	40	T	7	ALIGNMENT_OK:35,3	ALIGNMENT_MISSING:0,0	MULTIPLE_ALIGNMENTS:0,0	CHROM_MISMATCH:0,0	ALIGNMENT_MISMATCH:0,0	NEAR_SIDE:5,3	NEAR_GAP:0,0	NM:0,1	misalignment:5,4	0.12500	0.57143
5	175530166	G	133	GGGGGCGGGGGCGGGgGGCCGGGGGGGCGCGGCGGGGGGCgCGCCGgGCGCGGCCGGCGGCGGGCgGCGGGGCGGGGCGGCGGCGGGGCCGGGGGGGGGGCGGGGGGGGGGGGGGGCGCGGGGGGCGCGGGGG	?EE@GGGGFGDEFGGF9GGGGGGGGGGGCGEGAFFGEGGGDGAGGFDGEGGGFFD9GFFGEFFFFGFFFFEEFFFFFFFFFFEFEFFFFFFFEFFEFFFFFFFBFFFFFFFFFEEFFEEEFGFDC=BBCA?B?	G	103	C	30	ALIGNMENT_OK:0,0	ALIGNMENT_MISSING:0,0	MULTIPLE_ALIGNMENTS:64,25	CHROM_MISMATCH:0,0	ALIGNMENT_MISMATCH:0,0	NEAR_SIDE:37,5	NEAR_GAP:0,0	NM:2,0	misalignment:103,30	1.00000	1.00000
5	177309472	A	145	aaAagGgGgaaaaaAaAaaAGaaGGaaaAAGGGAAAAAAAaGagAAAGAaGAAGGGAgGAAAAaAGAGAAAAggGgAAAAGAAAAAGAAGGAAAAGGAAAGgAaAAaaGAAGAGAAGGAAGaaaagAGGAAAAAAGAAAAAAAAA	CCBCA>A?CDEFFFHFGFFHCFEC=FFEHHCCCH:HHFHHFCGDHGGBHG<HHCCCHDCHHHHGG@FBHGGGDDBDGGGGBGHGGGBGEBBGG>GBBGGG=DGGGGFCBGGBGBGGBBGGBGFG<DGABGFFGGF@EBBCBBE@C	A	101	G	44	ALIGNMENT_OK:0,0	ALIGNMENT_MISSING:0,0	MULTIPLE_ALIGNMENTS:62,31	CHROM_MISMATCH:0,0	ALIGNMENT_MISMATCH:0,0	NEAR_SIDE:39,12	NEAR_GAP:0,0	NM:0,1	misalignment:101,44	1.00000	1.00000
6	58776517	G	62	GGGGGGGGGGCGGGGGGGGGCGGcCGCGCCGGGGCGGGGGGGGGGGGGCGCCGGCGGGGGGG	?F;G@EGGBGGGGFFFDFGGGEFDFFFFFFFFFFFFFFFFFFFFFFEEFEGGDCABBABACC	G	50	C	12	ALIGNMENT_OK:0,0	ALIGNMENT_MISSING:0,0	MULTIPLE_ALIGNMENTS:30,8	CHROM_MISMATCH:0,0	ALIGNMENT_MISMATCH:1,0	NEAR_SIDE:18,4	NEAR_GAP:0,0	NM:1,0	misalignment:50,12	1.00000	1.00000
6	58776982	G	199	TGTTTttTTTtTtttttTttTGTTTTtGTTTtTTTTGTTTtgTTTTTtgTtGtttTTttTTTTttTttttttttTTttTTTTTTTtTTTtTTgttTTtTtTtttttTttTTttTTtGTtTtgtTTttttGTtgtGTgtTTtttTttttTtgTttttttttttttttttttgtttttttttttttgtttgtttttttttg	AC>@=:=CDCDEDEDEEEEEEHEEECEHEEEEEEEEHBEEEFEEEEEEFEEGEEEEDEEFFEEBECEEEEEEDEBEDEEEEEEEEEEEEEEEFFEEAFE>DFFFFFEFFEEFFAEFHEF<FGFEDFFEEGE@GFHEFF;DCFFEEFEBEFGDFFFF<FFFFFFFEFFFFFGFFFFFFFFDFFFFGEFFEFEFFFFFDCA	T	180	G	19	ALIGNMENT_OK:86,12	ALIGNMENT_MISSING:0,0	MULTIPLE_ALIGNMENTS:12,1	CHROM_MISMATCH:0,0	ALIGNMENT_MISMATCH:0,0	NEAR_SIDE:37,5	NEAR_GAP:0,0	NM:45,1	misalignment:94,7	0.52222	0.36842
6	58777053	A	72	aagaaaagaaaaaaaaaaaaagaaaaaaaaaaaaagaaaaaggaaaagAAaaaaaaaaaGaaaaaAaAaAaA	C??CCFFFFFFFFFEFFEFEFFFCFEFFFEFFFFFFFEEEGGGGFEEGDEG6FDGGGGFGGGDFGDGDF7?@	A	64	G	8	ALIGNMENT_OK:0,0	ALIGNMENT_MISSING:0,0	MULTIPLE_ALIGNMENTS:30,1	CHROM_MISMATCH:1,0	ALIGNMENT_MISMATCH:0,0	NEAR_SIDE:23,3	NEAR_GAP:0,0	NM:10,4	misalignment:64,8	1.00000	1.00000
6	58778577	T	141	ATaAaaAATAtaaaTAAaTAAaaaAaaAaAaaaAATaataaTAAATTtAaAAAttttAAAAtTtAATaaaAATTAatAtaaaaatAaataaaAttTTaaATAATTAAaaTaAaAAAaaAAATTAaAaAAAATaaAaaAaat	A?GDFECEEEDEFFEEDFCDDFEFEFFEFEFFEEEEF;EFEEEEEEDEDFEE@AEEEEFFFEEEEEDFFE=EEEEDEEEGGDGGFDGGFGFFEFFDEGGDEDEEDDDGGCADHDCCGEDDDD5DGDGDCDACFFDDC@=DC	A	104	T	37	ALIGNMENT_OK:32,14	ALIGNMENT_MISSING:0,0	MULTIPLE_ALIGNMENTS:23,13	CHROM_MISMATCH:0,0	ALIGNMENT_MISMATCH:0,0	NEAR_SIDE:34,7	NEAR_GAP:0,0	NM:15,3	misalignment:72,23	0.69231	0.62162
6	58778584	T	143	GGGGggggGGGgGGGgggGggGgGgggGGTgggggGGGGGGtGgGGGtggtGGGGgGgGGGgggGGTTGgGGgggggggGGggtgggGggGGggGTGGGGGGggGgGgGGGggGGGGTGgGgGGGGGggGggGggtGGggTTG	@@@<AABB>=@DB7BFEECFECFCFEFCCHF=FDFCCCCCCECECC6DFEEABCCECECCCFEF@DFGCF?CFBEFDEF>CGFFFFFBFFCCGECGGC=CBBFFBEBFBAAFGBB<BFBGBFBBB9@GGBDFBEGFB?BBCC<	G	131	T	12	ALIGNMENT_OK:22,3	ALIGNMENT_MISSING:0,0	MULTIPLE_ALIGNMENTS:36,3	CHROM_MISMATCH:0,0	ALIGNMENT_MISMATCH:0,0	NEAR_SIDE:51,4	NEAR_GAP:0,0	NM:22,2	misalignment:109,9	0.83206	0.75000
6	58778649	C	177	CtTtCTTccCTCCCTtTtTCTCCtcCttCtccTCtcCCCCCCCctTTCCCCCCCCTcCTCCcCCCCTTCTCTCCCCttTCtccCTcCTCtcccCcTCTcCtCCtCtcttcTcCCcCTTccTCCTcCcTTCccCCCtcCcCTtCTtttCcCccctCCTCCcCTCcTCCcccCcctcct	BCFEGEFEFGGGFGGEFEGEF:DEFEEEH<FFDGEFGGG>EFAGEBEGGEEGFGFGGFGGGGGGGGG<CGGGGGGGFFFFFGGDEGFFDFBDGGGFFFGFFBFEFFGEFGCG@EGFFFGGFFFFGFCDEFGGFCFFGFGFEFFFFFFFFFG=GECFEFCFGFGFCCCBBB@?BA?DC	C	116	T	61	ALIGNMENT_OK:40,21	ALIGNMENT_MISSING:0,0	MULTIPLE_ALIGNMENTS:38,11	CHROM_MISMATCH:1,0	ALIGNMENT_MISMATCH:0,0	NEAR_SIDE:36,20	NEAR_GAP:0,0	NM:1,9	misalignment:76,40	0.65517	0.65574
6	167591954	G	126	GGGGGGGGAGGGGGGAGAAGGGGGAGGAAGGGAGGGGGAGAGGGGGgaGgAGGGaggGgGgggagGGggGGAGAgaggAaagGGagggggGAgggGGgGGAagGAGgGGGGgGGaAGGGgGGGGAg	>==AACCCHCCDD:CHCH;CCCCCHCCGH@CBHCCC;CHCHCCCCBGGBGGCBBG?FBGCGGCGGBBGGBAGBGGGGG;GGG?BGGGGGGBGGDABBFBBGGFAGB:BABBEAAFH@:?A?<AC?D	G	98	A	28	ALIGNMENT_OK:35,11	ALIGNMENT_MISSING:0,0	MULTIPLE_ALIGNMENTS:28,10	CHROM_MISMATCH:0,0	ALIGNMENT_MISMATCH:0,0	NEAR_SIDE:35,7	NEAR_GAP:0,0	NM:0,0	misalignment:63,17	0.64286	0.60714
7	5967738	A	69	AGAGGAGaAAaAAAAAAGAAGAAAAAGAAGGaAAAaAAAaAAggAAAAAAAAGAAAAGAAAAAAGGAAA	DFFGGF=BEEFEEEEEEFAEFEEFED=EEF>GE=DGEEEGEEDDEDEEDDEDDC=DB>B:AA??A:BCC	A	54	G	15	ALIGNMENT_OK:20,6	ALIGNMENT_MISSING:0,0	MULTIPLE_ALIGNMENTS:1,3	CHROM_MISMATCH:0,0	ALIGNMENT_MISMATCH:0,0	NEAR_SIDE:32,6	NEAR_GAP:0,0	NM:1,0	misalignment:34,9	0.62963	0.60000
7	6803602	C	85	ctCCCCTCTtcCCcCTTCTcccTCCCTCcCcCCCCTCcccccctcccctccccccccccccccctccttccctctcccccctccc	5D;A9DAFEFAEFBGGGGFBBBGGGGGGBGBGGGEGFBBBBB@GCCCCHCCCCBBCCCCCCBC>HBBHECCBHBHCCCAB;B>>;	C	67	T	18	ALIGNMENT_OK:9,1	ALIGNMENT_MISSING:0,0	MULTIPLE_ALIGNMENTS:29,7	CHROM_MISMATCH:0,0	ALIGNMENT_MISMATCH:0,0	NEAR_SIDE:29,10	NEAR_GAP:0,0	NM:0,0	misalignment:58,17	0.86567	0.94444
7	100643477	A	190	ACAAAACAaAAAAAAACAAcACAAAAAAAaAACCAAAaAcACACAAAAAAACCAACCAAaACcAaaAACaACCACaaACAaCaCAcAAACCACAAAaaACCACAAAaAAACCACaAAAaAAccAAAaACAAAAaacCACCCAAcaCAaAAaaCaaAAAcAAAACAAAaaCAACaAAACAAAAAAaAAAcc	B=FBH>DHFEHHHHGHDDH@HDEHHG5HAGGHDDHHFGHAHDHCHHHGHHHDDHHDDHHFHDCHGGHH=EGBBFDDGGCHFBGCGCHGGCCGCGGGD=EDCGCGGGHGGGCCGCGGGGGGGCCGGGGGCGGGGGDACGCCCGG<DCGGGGGHCFFFGGCFGGFBFF>EADGECCCCBABDCCB@;A@C>@	A	139	C	51	ALIGNMENT_OK:47,14	ALIGNMENT_MISSING:0,0	MULTIPLE_ALIGNMENTS:43,20	CHROM_MISMATCH:0,0	ALIGNMENT_MISMATCH:1,0	NEAR_SIDE:47,17	NEAR_GAP:0,0	NM:1,0	misalignment:92,37	0.66187	0.72549
7	100643843	G	54	AggGggggGGGGGGGggAGGGAGGgGggaggggagggaggaggGgggggggGgg	C=@CBCBCCCCBCCCCCG@>6HCCDCDDGDDDDGDCCGDDGDDBDDDDDBBA?A	G	47	A	7	ALIGNMENT_OK:4,0	ALIGNMENT_MISSING:0,0	MULTIPLE_ALIGNMENTS:22,6	CHROM_MISMATCH:0,0	ALIGNMENT_MISMATCH:0,0	NEAR_SIDE:20,1	NEAR_GAP:0,0	NM:1,0	misalignment:43,7	0.91489	1.00000
7	149990114	C	150	TCCCCCTtcCCTTTCcCccCCCcTCCCCCcCCctCcCTCCCCccCCCTtCCTtccTTcCCTccCtCCCCTCcCCccTCTcTTTCctCccctctccccccttCcctcccctccccccttctttcCccctttccCctcccctcccccccCcc	:???BAAABDCCACBFEFFBGFGGGGGGGGG<GDGGGGEEFFGGGGGFDFGGDGGGGGG:EGGHCGGEGGGGDGGGGGGGGGD6GDBGGGCHDHHHGHHEBGHFEHGFHDGGHFHHEEEEEFIDEGIFEEGHFHD>HGHEHHHGGFGCD@	C	110	T	40	ALIGNMENT_OK:36,16	ALIGNMENT_MISSING:0,0	MULTIPLE_ALIGNMENTS:36,15	CHROM_MISMATCH:0,0	ALIGNMENT_MISMATCH:0,0	NEAR_SIDE:37,9	NEAR_GAP:0,0	NM:1,0	misalignment:74,24	0.67273	0.60000
7	158387945	G	107	TAaAAAAAGGAAAAGAAAAaaaaaaaaaaaAaAgAAAAAAAAAAAAAAAAAAAAAAAAAaaaaaaaaaaaaaaaaaaaaaaaaaaaaaaaagaAgaAaAAAaaAAAa	CEFDB?C>GGE6D6HEEC?FGFFGAG=FGDD?DDD??EEE5DDCEDEC6<CADCEDDBAAGFFGFBGFFDFFGGDGGFGGGFGFGGGFGFE7DDADDDDDD=BDBBG	A	100	G	6	ALIGNMENT_OK:1,0	ALIGNMENT_MISSING:0,0	MULTIPLE_ALIGNMENTS:7,1	CHROM_MISMATCH:69,3	ALIGNMENT_MISMATCH:3,1	NEAR_SIDE:13,1	NEAR_GAP:0,0	NM:7,0	misalignment:99,6	0.99000	1.00000
8	7398650	T	53	tAattTtttattttaaTaattattAttttTttttTtttttttatatttatttt	AAAABACECDEDEEFE>FBEEEDCFEEADGEEEEGEEFEFFEGFGFFFGEEFF	T	41	A	12	ALIGNMENT_OK:13,1	ALIGNMENT_MISSING:0,0	MULTIPLE_ALIGNMENTS:12,3	CHROM_MISMATCH:0,0	ALIGNMENT_MISMATCH:0,0	NEAR_SIDE:16,8	NEAR_GAP:0,0	NM:0,0	misalignment:28,11	0.68293	0.91667
8	142446923	C	54	cccCCcttCccTtCcCCcCCctTcCcCccCcCcCccttccCtccccccTtcTtC	<<>?=>EEDBAGGDBEEBDDBGGBDBCCCCCDCDCC:HCCCHCCCCCCFHCFFB	C	41	T	13	ALIGNMENT_OK:28,6	ALIGNMENT_MISSING:0,0	MULTIPLE_ALIGNMENTS:0,0	CHROM_MISMATCH:0,0	ALIGNMENT_MISMATCH:0,0	NEAR_SIDE:13,7	NEAR_GAP:0,0	NM:0,0	misalignment:13,7	0.31707	0.53846
9	43816832	A	55	GaagAAagaaaAAaaagaaaaAgaaggaaaaagaaaaagggagaaaaaaaaagAa	BA??A?:AAA>=@CFGGFDEFFFEEEFEFEFFFFFFFFFFFEFFFEGEGGGGGEG	A	42	G	13	ALIGNMENT_OK:4,2	ALIGNMENT_MISSING:0,0	MULTIPLE_ALIGNMENTS:12,2	CHROM_MISMATCH:0,0	ALIGNMENT_MISMATCH:0,0	NEAR_SIDE:26,8	NEAR_GAP:0,0	NM:0,1	misalignment:38,11	0.90476	0.84615
9	66457652	C	40	CcccccTccCtCccccccCccccccTctctcttcCccccc	;???CC;BADF@BBBBBBDCBCCC@C=HCHBHG<CCB8CB	C	33	T	7	ALIGNMENT_OK:9,5	ALIGNMENT_MISSING:0,0	MULTIPLE_ALIGNMENTS:4,0	CHROM_MISMATCH:0,0	ALIGNMENT_MISMATCH:2,0	NEAR_SIDE:13,2	NEAR_GAP:0,0	NM:5,0	misalignment:24,2	0.72727	0.28571
9	67281824	G	100	AaaGaGAGGGagGGGGGAGAGGgGgggAGgAgggagaGGggggGgggagggggaGaggGgGgggGgGgAGggAgGGaggggGggaaggaagggggagggg	@CC;D;FBBBFCCCCCCHCHCCCCCCCHCC?CCCFCFA6CCCCCCC@GCBDDDGBGDDCDCDDDCCCCABDDGCBAGDDD8BBBDGEEGGDDDDDGC@?<	G	77	A	23	ALIGNMENT_OK:44,11	ALIGNMENT_MISSING:0,0	MULTIPLE_ALIGNMENTS:12,3	CHROM_MISMATCH:0,0	ALIGNMENT_MISMATCH:0,0	NEAR_SIDE:20,9	NEAR_GAP:0,0	NM:1,0	misalignment:33,12	0.42857	0.52174
9	68415292	C	59	CCCCTCCCCCCCccCCCCCTCCCccccctccCCCcctccccCtCTcCCCcccccccccc	A=?>FDDDDDBDFFDDDDDEDDDEGGGGFGGD?CFGFGGGGCFCFFCCCGGGGGGGE@?	C	53	T	6	ALIGNMENT_OK:7,0	ALIGNMENT_MISSING:0,0	MULTIPLE_ALIGNMENTS:33,5	CHROM_MISMATCH:0,0	ALIGNMENT_MISMATCH:0,0	NEAR_SIDE:13,1	NEAR_GAP:0,0	NM:0,0	misalignment:46,6	0.86792	1.00000
9	126143662	G	47	GAAGAAaAAGAAAAAAAAAAAGgaaAAaaAGAGGAAAGAAGGAaAAA	GCBGEFFDDGFFEDEEEBEEEFGDGEEGGDFEFFEDEFDEDCB?:>C	A	36	G	11	ALIGNMENT_OK:23,4	ALIGNMENT_MISSING:0,0	MULTIPLE_ALIGNMENTS:0,0	CHROM_MISMATCH:0,0	ALIGNMENT_MISMATCH:0,0	NEAR_SIDE:12,7	NEAR_GAP:0,0	NM:1,0	misalignment:13,7	0.36111	0.63636
10	46963951	G	463	GAGGggggaGAGGGgagggGaGGaaggAggaAGaAAGAaagGGgaggAGGGAGGGggaAAGAggAAGggggggGGgAGGAGGGaaaGGGagaGAGAGAGGggGGAGGgaaggggggGggGGGAggGAgaaGAAaggGGGGggGGAGGGGGGAagAGGAGGggAAgGGGgggGGAGaaagGggaggggaAgggggggaggAGAGGggggGGagAGgggGGGGgaaaGgGGGGGagggGggaggaGGgggAAGGGGGGGggaGggggggggGGAgggaagagaGAgAGGgGAgggAaAagaAaggGAGaGGGggGaGAGggaGGaAAGgAGGGGaggaaAggGggggggggaGGGAgAaagGGgggGgggaGGaagGAgGGGAggagaggggggaggGgagggGaggAaggggggGAGAgaaagGGggGggggGggggGAGggGGGGGgagaGGGAGGagggaag	DBDDC@@ABA?A@ACBBCCCCDEEDFFAEEDEFDEFGFEDDFGFEEEFGGGFGGGEF<FFGFAFFFGFEDEEFGGFDEGFG@FEEEGGGEEEGF@F<FGGFEGGFFFFEEFFFFDEHFDGFGEFEGFFEDGFFEEAGGEGG@GGFGGGGGGFEFFGGFGGGD?FEGGF?FEGEFGFEFFFGF=9FFFEFFFFGGFFFGGBGCGGGGEFFFFGEFGEFGFGFGFFFGGGGGGFFFFFGGGFG7FGGGFC:FGG?FGGFGEEG6FFEFFFFGGFGF?BEFFGFGEFF;FG:FEGFFFEFE>FEFGFEFFFFFGGFFGEFG?FFFFEEFFEFFFAFBGEDEGGFDGGGG9BFFFFFEFE=FFEFEEGFGGFEFFDA@FEGFFFEFFFFFGFGGEEFFFFGEFEGFEEFEBGFG7EFEEFEGEFFFEEFFEFFDEG??:DCCCB@:BCBBBA??A?CBBC?B>=CCD	G	333	A	130	ALIGNMENT_OK:124,46	ALIGNMENT_MISSING:0,0	MULTIPLE_ALIGNMENTS:108,41	CHROM_MISMATCH:0,0	ALIGNMENT_MISMATCH:0,0	NEAR_SIDE:101,41	NEAR_GAP:0,0	NM:0,2	misalignment:209,84	0.62763	0.64615
10	46999190	A	122	aaggAgGgGGgagGagggggggGgggaagGgggGagGGAGggGAAaGGGaAGGGGAAGggGgGgGGagGAGGAGgAGgGGgGgGGggGAGgAgggGgGGGAAggGaGGgggGGgAAAGGGgg	?C?@GCFBHGCFCHFCCC=CCCHCCCFFCHCCCHEC=AHHDD?GHFBBCGHHBGHHHHDCBDHDHGGDHGB@GGDGGDGGDGDGGEDGFBAGDCCBDGGBGFDDAGGGCC<?>?BBAC??AA	G	94	A	28	ALIGNMENT_OK:22,18	ALIGNMENT_MISSING:0,0	MULTIPLE_ALIGNMENTS:0,0	CHROM_MISMATCH:0,0	ALIGNMENT_MISMATCH:0,0	NEAR_SIDE:28,10	NEAR_GAP:0,0	NM:44,0	misalignment:72,10	0.76596	0.35714
10	81373542	C	78	TCcTcCCccCTTCTCcCTCTCTcCcCTCCCcCCCCCTccctcCttCcctcccttcccCcttccCtcccCCCCctCCCc	D?AAEBDGGEFGDGDGDG@GDGGEGDGDDDGDDDDDGGGGDHDEC>GHEGHGDE;HGCGEEHHCEHHHCC=CHECB@E	C	58	T	20	ALIGNMENT_OK:19,5	ALIGNMENT_MISSING:0,0	MULTIPLE_ALIGNMENTS:24,9	CHROM_MISMATCH:0,0	ALIGNMENT_MISMATCH:0,0	NEAR_SIDE:15,6	NEAR_GAP:0,0	NM:0,0	misalignment:39,15	0.67241	0.75000
14	19499429	G	90	GGGGGGGTTGGTGGGGGTGTGGTGGGGGGGTGGGGGTGGGGGGTGGGGGGGtgtggggggggggggggggtgggtgggtggtggggtggg	@@>ACFGGFGGE9FGGGAGGG<<6GGGGGGFG@EGGFFGGGGGGGGGGGAGH>HDDDDDDDEC?EDEDDDCDDDHDDDFCDHCCB@DA>?	G	74	T	16	ALIGNMENT_OK:0,0	ALIGNMENT_MISSING:0,0	MULTIPLE_ALIGNMENTS:54,11	CHROM_MISMATCH:0,0	ALIGNMENT_MISMATCH:0,0	NEAR_SIDE:19,5	NEAR_GAP:0,0	NM:1,0	misalignment:74,16	1.00000	1.00000
14	20097699	C	36	CCctCcCccttCtCCTCccTcCcccccccccTcccc	BB>GG>GB>GGGGFEEGBBE@FA?CCBCCCCCC7CC	C	29	T	7	ALIGNMENT_OK:5,4	ALIGNMENT_MISSING:0,0	MULTIPLE_ALIGNMENTS:12,1	CHROM_MISMATCH:0,0	ALIGNMENT_MISMATCH:0,0	NEAR_SIDE:11,2	NEAR_GAP:0,0	NM:1,0	misalignment:24,3	0.82759	0.42857
14	20137084	A	38	AaaAaAgaaAaAGagaAAaAAaaagaaGAggAAAGaaa	DBCBEFEEEEDEGBEEF<F@BFEEFFDFEDE>DEEFDC	A	30	G	8	ALIGNMENT_OK:20,0	ALIGNMENT_MISSING:0,0	MULTIPLE_ALIGNMENTS:0,1	CHROM_MISMATCH:0,3	ALIGNMENT_MISMATCH:0,0	NEAR_SIDE:9,1	NEAR_GAP:0,0	NM:1,3	misalignment:10,8	0.33333	1.00000
14	20137730	C	71	CcCcccGCcccgccggcccGcCCGgcgGGCCccGcccCCCccccCcCcCcggCcCGCgcccCCCCCCcGCC	@>BBED=GDDDEDDEFDDDFDGHGED?GGGCDEGEEEGGBEEEEFEFEFEFGFEFFFBEEEFCFCEFDD>?	C	55	G	16	ALIGNMENT_OK:26,10	ALIGNMENT_MISSING:0,0	MULTIPLE_ALIGNMENTS:0,0	CHROM_MISMATCH:8,0	ALIGNMENT_MISMATCH:0,0	NEAR_SIDE:19,2	NEAR_GAP:0,0	NM:2,4	misalignment:29,6	0.52727	0.37500
14	20147318	G	49	GgGGGaGgggGgGgggGgGaggggaggggggaggggggaGgggaggggG	@C9;AF?BCCCCCCCCCCCFCC7CFCCCCCDGDD@D?DGBCDDEDDDDB	G	43	A	6	ALIGNMENT_OK:21,4	ALIGNMENT_MISSING:0,0	MULTIPLE_ALIGNMENTS:1,0	CHROM_MISMATCH:0,0	ALIGNMENT_MISMATCH:0,0	NEAR_SIDE:19,1	NEAR_GAP:0,0	NM:2,1	misalignment:22,2	0.51163	0.33333
14	20147788	C	97	CTccCtcCCTCTcCCcccCCCCcccCCCcCcCTCcTCCCTccCcTCCCCCCTTCcCcCTCCTcccCCTCCTCCcTCCtcctcccCCCctCccCCCTc	BFAAGGAGEGG<BGEBBBGHGGBABGGFBGBGGEABGGGFCCDCFGGGGCGGEGCG?GGFGFCCCF7FFDFFFCECFHCCH7CCFFC?CA=5@>>B@	C	78	T	19	ALIGNMENT_OK:1,0	ALIGNMENT_MISSING:0,0	MULTIPLE_ALIGNMENTS:50,11	CHROM_MISMATCH:0,0	ALIGNMENT_MISMATCH:0,0	NEAR_SIDE:24,8	NEAR_GAP:0,0	NM:3,0	misalignment:77,19	0.98718	1.00000
15	20279507	G	46	GgagaGGGGgGGGaGGGGGgAAGGgGGGgggaGggGggaggggGgg	;@DDECCCAECCCECBCCCFGD8CFCCCFFGDBGFBGFDFGGD:BA	G	39	A	7	ALIGNMENT_OK:14,2	ALIGNMENT_MISSING:0,0	MULTIPLE_ALIGNMENTS:11,2	CHROM_MISMATCH:0,0	ALIGNMENT_MISMATCH:0,0	NEAR_SIDE:13,3	NEAR_GAP:0,0	NM:1,0	misalignment:25,5	0.64103	0.71429
15	20453932	T	152	ttTTtGtTTTTtTTttTGTgGtTttttgTTTttggTtTTGTTGttTTTgTgTgTTttTttTttTGtTGTGtttTTTTTTTtTgTttGgtTTTttTTTTTTTTTTtGTTTTGTGtttTGTTTTTTggTTtTtttTTGTTTTtTTTTTTttttT	AC?CGCGFGGCGGDGGGCGCCGEGGGGCGGCGGDCGGFGBGGCHHGFFDGCGDFDHHFHHGHHGCEGAGCAHHGGGGGFGGGD?CHCDHFGFG>FFFFFFFDCFGBFFFFBFBFFHFBFFDFFFDDFFFFHH>EF@EFEEDDBC<CDCB@;A	T	127	G	25	ALIGNMENT_OK:83,4	ALIGNMENT_MISSING:0,0	MULTIPLE_ALIGNMENTS:3,1	CHROM_MISMATCH:0,0	ALIGNMENT_MISMATCH:0,0	NEAR_SIDE:37,3	NEAR_GAP:0,0	NM:4,17	misalignment:44,21	0.34646	0.84000
15	20467242	C	158	CccccccCcccccCCcccTCCcccttCTCctctcCCccCccTcCCcTccccCCCTCCcccctcccCtccccCcccCccCCcccctCCCccCcccCCcccCccCcccccCCCctTcTccccCcCCctcCcccCTCCcCCccCCcccCccCtccCctccc	@A?CC>>=??>>>@BCCAGDDBA?GEDHCBGBDBDDBBDABGBDDBGBBBBDDDGDEA??BGABBDGBCCBDCCBCACDDCCCBHDDDCCDCCBDDBB@8@CCCCC=CBDDBHGCFACCCCBCCDI;CCCCCFCCCCCCCCCCCCBCCBD??B@>@@@	C	139	T	19	ALIGNMENT_OK:16,3	ALIGNMENT_MISSING:0,0	MULTIPLE_ALIGNMENTS:70,7	CHROM_MISMATCH:0,0	ALIGNMENT_MISMATCH:0,0	NEAR_SIDE:53,8	NEAR_GAP:0,0	NM:0,1	misalignment:123,16	0.88489	0.84211
15	21258187	C	186	CACCCCCCCCCCCACCCCCACCCACCCCCCCCACCCCCCCAACCCCCCACCCACCCACCCCCAACCCACAACAAAACACCCCACCACCAACCCCccCccaCcacCCccccAAcaCCcACAAcAAccacAACccCccCAAAccccaCAcAaccCCACCaACcCcccCCAaCCCCccCCCccaACAca	??BEFGGGGGGGGFGGGGFF@DFFGGHGBGGGFCGEGGGGEEGGGFGDFEDFFDGGFGGGGG>EGGGFGFFGFFFFGEGGFGDGGEGGEDFFFFEEFEEFG@FEFFEEEEEEEFCFEEFEEEEEEEFEAEFCCFEEFEEEEEEEEF=DEFEE@FEFFFEEEFCDDFGE?CDAB@>>@B>@@AC?@@	C	133	A	53	ALIGNMENT_OK:33,17	ALIGNMENT_MISSING:0,0	MULTIPLE_ALIGNMENTS:52,20	CHROM_MISMATCH:0,0	ALIGNMENT_MISMATCH:0,0	NEAR_SIDE:46,15	NEAR_GAP:0,0	NM:2,1	misalignment:100,36	0.75188	0.67925
15	21258315	A	120	gGgGagaAggggggAGgagGGGgaagggGaagGGggggGGGgggGgagggagaGgagGGaaaGagggAAGgaGAGGgaggaaagggagagggaagagaggagggggaagggaggggAgaG	B>A=BBCDCGGEFGF=EEFCCCFFFFFFCDFF@CFDDFA<C>FFCFFFDFFFECCFFDCFEFCFFFFHC?FFCHACFCFFGDDE;GGGGG?GGGGF>GEGCCGDGDGGGGGGGGABC@??	G	83	A	37	ALIGNMENT_OK:33,13	ALIGNMENT_MISSING:0,0	MULTIPLE_ALIGNMENTS:16,11	CHROM_MISMATCH:0,0	ALIGNMENT_MISMATCH:0,0	NEAR_SIDE:32,13	NEAR_GAP:0,0	NM:2,0	misalignment:50,24	0.60241	0.64865
15	21936925	C	117	ctTctcctTTccCTTctcCtTcTCtcCCcCCtCctccCctCcctCctCccccccCctccCcCccccCtCTtctTTCttcCCcccccCcTctccCtctctcCccCccCttCTTCcTct	AC;CBBEFFECDGGGCCDG;?DGDEDGGDGGEFDEDDGAEEDBEDDEDDD<DDDGDCDDGEGEEEEGFGGEEFGGGEFEGGBEEBEDEGEFEEFFEFC?EFEEFEEFFFFFB@>BBA	C	79	T	38	ALIGNMENT_OK:56,17	ALIGNMENT_MISSING:0,0	MULTIPLE_ALIGNMENTS:0,0	CHROM_MISMATCH:0,0	ALIGNMENT_MISMATCH:0,0	NEAR_SIDE:23,19	NEAR_GAP:0,0	NM:0,2	misalignment:23,21	0.29114	0.55263
15	22016259	T	52	tTCCTTtTTttTTtTTtttTTcCtTctTtCCTTTTcTTtTTTttTTtCTtTT	??EGEEDFFEEFFEFD=EEFBDFFFEFFFGGFFEFE=FFD>?FFEEEEDFAC	T	43	C	9	ALIGNMENT_OK:15,0	ALIGNMENT_MISSING:0,0	MULTIPLE_ALIGNMENTS:18,6	CHROM_MISMATCH:0,0	ALIGNMENT_MISMATCH:0,0	NEAR_SIDE:9,3	NEAR_GAP:0,0	NM:1,0	misalignment:28,9	0.65116	1.00000
15	22016334	C	79	CTctCCcCTtTCtCCTCCCCCCCTCCCCTCCCtCCTCCCCCCTcccCCcCCTcCCtTtCCctTCcTCCCCCtTCCCCTC	D?DEGE<EEEDHEEA@GGGEFGGEGGFFE>FFEFFDDFCFFFAEEEFFEFFDDFFFDFFFEECEDDEEFGFDDCECBBC	C	57	T	22	ALIGNMENT_OK:18,3	ALIGNMENT_MISSING:0,0	MULTIPLE_ALIGNMENTS:19,7	CHROM_MISMATCH:0,0	ALIGNMENT_MISMATCH:0,0	NEAR_SIDE:20,11	NEAR_GAP:0,0	NM:0,1	misalignment:39,19	0.68421	0.86364
15	22369290	A	622	GGAAAAggggGGGGgagaaGAAGAaaaAAGGGaagAAGgGAagaaAGGAGAAGAGGAAAGGGGAGgggaAaAGaggagagagGGGGAgaaaagGAaGggagagGAGaggaGAAGgaaAagagggGGaGgggGGGGGAGaGGGAgaggGGAGgggGGagaggGGGggaAGgaaggaGGGGgaGAAAAaaagaaGGgaggGggggGGGGGgGAaaggaAGGAaaaAGGGGAggGGagAGagaaGGGAagagggAGgGGAAgaaaGAGAGaGGGGGGAaAGGGGGAAGAGGaggGGGAGGaaagggAAGAAGagaGGGggaAGAgAAAaGAGaGAGAaAAgGAAAAAGggGGAGgggggggGGAGGAGGGAGagGGGAAAgaggAGAagggGGGAagAGAGagggggGAGAGGggaAGggaaGAGgaGAGGagaGGGGGaAAGaGAGGAGGAagaAAAggaaaGGGgAAGAGAAGGGggGAAggAGAGGAGAAGgGAGAaGGGGAAGGAGAGGGaGAGGgAGAGgGGGGggGAgggGgaagGGggagGgaagaGAAGAAGGaggGAAGaagAAGgaggGAGGaaggGAGGGaagGAAgaaagGgAAAGAAAGGGgaGGGAAGAag	:@ECEEAC??>>;9>?>AB9BB6ABCB>C><<CDCDC@CADGGGGFBAGBGEBHCB@HHA;CCHCFECDGFFCDFFFEEEFFCC==GFFFFFFCHFCF?FFFFCHCFFFECHHCFFFEFFFFFFBCFAFFFCCCCCHCECCCGFFFFCCHCFFFCDFFFFFDCCCFE9CFFFFFDC;CCGFCHHHHFFDFFFCCF@FFBCFFFCCCCCFCHGFFFEFCCHFFFHCCCCBGGCCGGDCGFFGCCCHGGGGGGHCGCCHHGGGGBGBHCG=;BCBCHGH@AB=B7A8HCCGGGACCHCCGGGGGGHHCHHCGGGC>CGDGHCGGHDHDCHCFCHC>GHHGCHHGHH@GGCAHCGGGGGGGBBH99HCCBGBGGCCBGGGFGGGHBG7EG:CCCEGGGBGBGGGGFACGBGBBDGGHBGGGGBGBGFBGBBGGFBBBBBGGGBFBGBBG?BGGGGGGGHGHHHBBBFGGBGBGGBB;GGBGGGBGBFBBGBGGBGBGAGG@BBBGGBBGBGBBBEBFBBGG>G9GBB5BGGBGGG@BGGGGBBGGGEBGDGGEBGGBGGBBGFGAFGBGGGGGAGGGC<FBAGGGCBGBABFGFBDHFCEFE@CDB@:@BC><<??AAAAC?@DA	G	368	A	254	ALIGNMENT_OK:77,38	ALIGNMENT_MISSING:0,0	MULTIPLE_ALIGNMENTS:167,114	CHROM_MISMATCH:0,0	ALIGNMENT_MISMATCH:0,0	NEAR_SIDE:114,97	NEAR_GAP:0,0	NM:10,5	misalignment:291,216	0.79076	0.85039
15	23469716	G	100	GGGgGgggGgGGGGGaggGgggggGAgaGAGgGggAggGgGggGGgAgaGGgGGgggGGggGAGGGAAGGagagggggggaaggagaggggaggggggga	=??BBDEEDFCEEEEEEDEEFEEEEEFEEFDEEDEFDFCFEEFFFEFFEEDEEEFEE?EFEHFEEEEEDEDGFGFGFGGGFFG=DFFGG9FFEFF:E>DC	G	82	A	18	ALIGNMENT_OK:37,10	ALIGNMENT_MISSING:0,0	MULTIPLE_ALIGNMENTS:17,6	CHROM_MISMATCH:0,0	ALIGNMENT_MISMATCH:0,0	NEAR_SIDE:28,2	NEAR_GAP:0,0	NM:0,0	misalignment:45,8	0.54878	0.44444
15	29347019	T	32	cTtCTTctTTtTTtcTctTcTtTtttTttttt	:?EAGDBGGGGGGGFGCHG:EBFH@HFHCFBC	T	26	C	6	ALIGNMENT_OK:19,2	ALIGNMENT_MISSING:0,0	MULTIPLE_ALIGNMENTS:0,0	CHROM_MISMATCH:0,0	ALIGNMENT_MISMATCH:0,0	NEAR_SIDE:7,2	NEAR_GAP:0,0	NM:0,2	misalignment:7,4	0.26923	0.66667
16	15110077	C	187	cctcctcccCctctCtccTtCCtcTCctctCCctccTCCctcCCTttCTccccccCTCtctCcCCCtcctccTtttCtccCtctCTccccCcccCCCCCcctctcTccctccctcctccctcCtccctccctccccCtttttcctcccttcccccctcCCcctccccccccccccccctcctcccct	CCAACCC???<B=B>C??CF?CGAGCBGBFDDBFBBGDDBGBDDFGGDFBBBBBBDDCGBGDBDDDGBBGAAGGGGD9BBDGBGDGBBBBDCBCDDDDDBBGBGAGBCCG@CCGCCDCCCHCCHC@C<BCC>CCBBD@HHAGCCG?CCH;BCCCCCHCDC7@HBC?>CACBBC=CCCC=CCHBBA>F	C	133	T	54	ALIGNMENT_OK:44,14	ALIGNMENT_MISSING:0,0	MULTIPLE_ALIGNMENTS:52,20	CHROM_MISMATCH:0,0	ALIGNMENT_MISMATCH:0,0	NEAR_SIDE:37,20	NEAR_GAP:0,0	NM:0,0	misalignment:89,40	0.66917	0.74074
16	32893880	G	136	GGGAAGGGGGAGAGAGGGGAGGGGGGGGGGGGAGGGGGGAAGGGGgGGggGGAGgGagGGGGggAGgAGggGagGgGgGAGGGGggGgGGAAgggggggGagaggaggGGggAggGAGGgAGGgGAGGGAAGGAgg	<;=GHCCCCCHBFCHCCCCHC<CBCCCCBCCCHCCCC=CHHC;BBDCCDDCB?<DBGDBBBBDDGBDGBD7BGEBD@DBGBB>BDDBDB>GGDBDDDDDBGDGDDGDDBBDDGDDAFAACH?A@?B?::@CA?CAA	G	109	A	27	ALIGNMENT_OK:48,9	ALIGNMENT_MISSING:0,0	MULTIPLE_ALIGNMENTS:24,6	CHROM_MISMATCH:0,0	ALIGNMENT_MISMATCH:0,0	NEAR_SIDE:35,12	NEAR_GAP:0,0	NM:2,0	misalignment:61,18	0.55963	0.66667
16	46386600	A	37	aacaAcaaAAaaCAcaaCAAaAAaaAaAACaaAAAAA	CDFEEFFFGGEF>FGGGGFFFEEGGEGEDEEEDCBCA	A	31	C	6	ALIGNMENT_OK:14,4	ALIGNMENT_MISSING:0,0	MULTIPLE_ALIGNMENTS:2,0	CHROM_MISMATCH:0,0	ALIGNMENT_MISMATCH:0,0	NEAR_SIDE:15,2	NEAR_GAP:0,0	NM:0,0	misalignment:17,2	0.54839	0.33333
16	46386802	G	69	CgcgcgGGgGGcGCggGggCggGGggGcGGGcCGGGggccGggGgGGgGCggggGgGCCGGGCGgcggg	;>DCEECAFBBGCDF=DFFDDGCBGDCHCC@HDCCBGGHHBGG?GBBEBCGEEEB?BCC>BBCBGG==B	G	53	C	16	ALIGNMENT_OK:39,6	ALIGNMENT_MISSING:0,0	MULTIPLE_ALIGNMENTS:0,0	CHROM_MISMATCH:0,0	ALIGNMENT_MISMATCH:0,1	NEAR_SIDE:14,7	NEAR_GAP:0,0	NM:0,2	misalignment:14,10	0.26415	0.62500
16	46387361	C	60	CCCcCCCCcCCCTCCCTTCCCCCCCCccCctcCCCCccCCcCTCccCcCTCcCTcCCccc	CGGBGE=EBEGGCGEGEECDFFFDFFDDF@G@FFDFCCFDCF<DCAFBFBFCFCCEB==<	C	53	T	7	ALIGNMENT_OK:20,1	ALIGNMENT_MISSING:0,0	MULTIPLE_ALIGNMENTS:17,3	CHROM_MISMATCH:0,0	ALIGNMENT_MISMATCH:0,0	NEAR_SIDE:11,2	NEAR_GAP:0,0	NM:5,1	misalignment:33,6	0.62264	0.85714
16	46387441	C	111	CccCgCCCccCcCCCcCCcCCcgcCCcCCGcCccCCCCCGcCcGCCCCCCcCCCgCCccCcCcCccccccCccgCCccCccccCcccccCCcccCCcgccCccCcCccCcC	DAC<BA?BCCEEFAGDGBDGGDFDEGDGGHDGDDGGGGGHDGDHGDF:GGAEGGFFGEEG;GEGDEDEEDGEEEGBDCGEEDEFE?EDEFFEDDFFEGEEFEEDDECDC;B	C	103	G	8	ALIGNMENT_OK:48,6	ALIGNMENT_MISSING:0,0	MULTIPLE_ALIGNMENTS:17,0	CHROM_MISMATCH:1,0	ALIGNMENT_MISMATCH:1,0	NEAR_SIDE:33,2	NEAR_GAP:0,0	NM:3,0	misalignment:55,2	0.53398	0.25000
16	46387488	C	96	CCccCtCcTttcttcCttcTCctTtcccCccttcCCcccCCtcctTttCcccCCcccctcCccTCCCCccCCcttcccctttcccCCccCccccTc	AAC??C@=FFG@GGBDGGBG=BGGFBBBDB=GGBDDCBBDDFBBHGHHDCCCDD?CBCDCCCCECDCCDCCCCHHBBCCHHH?CC>BACDA=>=D@	C	69	T	27	ALIGNMENT_OK:13,8	ALIGNMENT_MISSING:0,0	MULTIPLE_ALIGNMENTS:29,8	CHROM_MISMATCH:1,0	ALIGNMENT_MISMATCH:0,0	NEAR_SIDE:26,11	NEAR_GAP:0,0	NM:0,0	misalignment:56,19	0.81159	0.70370
16	46390940	A	42	AaaAaAaaAAGAGAaaAaAAAaGAaAAAGgAGagAAAaaAga	??:FFEFFEFEDBFGEFGFDFFEFGFFEEGE=GFEEEEGEG=	A	34	G	8	ALIGNMENT_OK:15,4	ALIGNMENT_MISSING:0,0	MULTIPLE_ALIGNMENTS:9,0	CHROM_MISMATCH:0,0	ALIGNMENT_MISMATCH:1,0	NEAR_SIDE:8,1	NEAR_GAP:0,0	NM:1,3	misalignment:19,4	0.55882	0.50000
16	46391293	A	105	AGAAAaaAAaaAAggAAGAAAAAgAaGaAGaaAAaAAAAAAAaAAaAAaAAaaaAaAaAaaAaagAAAaAAaaaAAAaaAAaaaaaaaAAAAAagAaaAAAAAgA	FGFFAFFEFFFFFF;FFGFFFFEFFFGG?GGGFDED?FEFFFGFFGFFGFFGDG>GFGEGGEGGGDEEGEEGGGEEEGFEE;GFGDGFDDEDFCCBBABB?BB@C	A	95	G	10	ALIGNMENT_OK:57,4	ALIGNMENT_MISSING:0,0	MULTIPLE_ALIGNMENTS:1,0	CHROM_MISMATCH:0,0	ALIGNMENT_MISMATCH:1,0	NEAR_SIDE:28,3	NEAR_GAP:0,0	NM:8,3	misalignment:38,6	0.40000	0.60000
16	46391452	G	208	GggGgGaGGgGgGGGGggGgGGGGgGgGGGGGGGGggGGggGaGGagGGGGGggaGggGGGGGGgGGagGaGgagGGAagAGGGGGgAGGGGGggGGggGaggGGgaggGggGGgggggAggGgggggGgggaGGGgAAgGgGggggGGgGgGgagGGgGGGGgggGgggggGgggGAGgagGgAGGGgggGGGggggggggggGGAA	A?B>B?DBAFAFCCCCEECFCCBBF?FC@CCC;CCFFA?FFCDCCDFCCCCDFFDCFF@CCC>C5C<DFBD>EEEC@?DFHCCCCCFHBCC=CGGBCGGBE9FCCAEGGCGGACFGFG<@AGCGGG?F?GGGECBCGEGGBGBE?GEBBGBBBEEGBBGBA>BHFFBGEGGGBFEGBGBGEEBGGBB;GEGABAGGAFDCCD=B?AC?	G	185	A	23	ALIGNMENT_OK:51,6	ALIGNMENT_MISSING:0,0	MULTIPLE_ALIGNMENTS:45,5	CHROM_MISMATCH:0,0	ALIGNMENT_MISMATCH:15,0	NEAR_SIDE:53,4	NEAR_GAP:0,0	NM:21,8	misalignment:134,17	0.72432	0.73913
16	46391465	G	199	GgGGGGGGGTggTGggGgGGgtGGGGGgtgGtgGGGGTGgGGggGgGgggTGGggGGTGGgGGGGGGgtTGgtGgggGGgggggGggGGgggggGggGtttggGggggGGGgGGgTggGtgggGGgGgGtggGGgGGGGgggTGgggggGgggTGGgtGgGTGTgggTGGggggggtgggGGGGGgggggGTGgggGGg	ACC=@BC9<=BA@?BCDEHHEBEHHGHFDFHDFCHHHEHFHGFFHFHFFFD@GEEGHEHHFHHHHDHFDEHFDG=9FHH8FFFFHFFCHGGGGGHEGGEEEGFGGGGGGHHGHHGEGGHEFGGHHGGGHEGGGHGHHFFGGGDFGGEGEGGGGDGFGDGGGDGDEEFDGGGGFGGGDGGGGGGGGEFGGFFDGEFDDCB	G	174	T	25	ALIGNMENT_OK:68,5	ALIGNMENT_MISSING:0,0	MULTIPLE_ALIGNMENTS:20,2	CHROM_MISMATCH:0,0	ALIGNMENT_MISMATCH:19,0	NEAR_SIDE:45,6	NEAR_GAP:0,0	NM:22,12	misalignment:106,20	0.60920	0.80000
16	46391572	G	166	GgGgggggGGgcgggGGgCGGggGgCGgGcgggggGCgggGggcgccGGGggggGcggcgggGCgGgGgCGGGgGgGGGGgCGGcGGGgGGcGCGGcgGGGGGGGCgGGCggGGCCGGGGgCcgGGGGgggGGGcGGGggggCGgggCGgGGGggGgGGGcgggGc	@AC=A@@AA@B?AABGGCGHHBBGBGHCHBCCC;CFGCCCHCCBCABIIDCCCCHBCCBCCCGGDHCGDGHHHDHDHGHHDEGHCHHGCHFCHGHH?DHGHGGGGDCHGFDBHGFFDGGGDFCCGG@GDCDGGGCGGGDDDDFGDDDFGDGGFDDFAE?C<9=>C<	G	138	C	28	ALIGNMENT_OK:20,3	ALIGNMENT_MISSING:0,0	MULTIPLE_ALIGNMENTS:61,14	CHROM_MISMATCH:2,0	ALIGNMENT_MISMATCH:1,0	NEAR_SIDE:51,8	NEAR_GAP:0,0	NM:3,3	misalignment:118,25	0.85507	0.89286
16	46392113	C	200	CCcctCCCctcCCCCCCCCCccccCCCcCtcCTCccCCccCCcCCCcCCcccccccccCCccCccccCccCtccCCCcCCCcCcCcccCCCccCcttCCCCCCCCCCCCcCCccccCCCcCCccCCccCcccccccccccccccccccccccccccccctctccccccccccccccccccCcccCccccccCCcccccct	A?A@@?A@AAC@??@:AABBCDDCCCDGFDEGEDFFGDFEGGFGGDBGF9EFFFFFFFGGFFGFFFFGEFBEFFGGDFEGGF>FHFEEGGGFFGFEEGGGGGGGBGGFFFGGGEFFGGGFGFEGG>FGGFGFCGGGGGGGGGGGGGGGFG@GFGG9GFGFGFGGGGGG8GGGBGHF6GGFFEEGFGGGGGGEEGDA@?AC	C	190	T	10	ALIGNMENT_OK:77,0	ALIGNMENT_MISSING:0,0	MULTIPLE_ALIGNMENTS:51,1	CHROM_MISMATCH:0,0	ALIGNMENT_MISMATCH:1,2	NEAR_SIDE:61,5	NEAR_GAP:0,0	NM:0,2	misalignment:113,10	0.59474	1.00000
16	46393118	C	99	CtTtcCCCcCCcCCcCCCCccCccCcCCCCcTcccccCcCCccCTCCCcCcCtcccCccccCCCCCttTcccCCcCccccCCccTtcCcctCTcccccc	DGDFAGGFBFFBEGBGH@EBBGBC<BGBGGCEACCCCGCGGCCGEGGGBGCGGBBBGCACC=FGFF7HECCC@DCFBB@C?FCADHHF@CFDB<=;79=	C	86	T	13	ALIGNMENT_OK:60,4	ALIGNMENT_MISSING:0,0	MULTIPLE_ALIGNMENTS:1,3	CHROM_MISMATCH:1,0	ALIGNMENT_MISMATCH:2,0	NEAR_SIDE:18,5	NEAR_GAP:0,0	NM:4,1	misalignment:26,9	0.30233	0.69231
16	46393170	T	72	TTTtTtTttctTttttTTTTCtTtttTTtTttttTTttTttTtttTTttttccCTTttttTttTttcTtTtt	D@:B?BFEEFDGEDEDGGGGGDGEEEEGEFEBBEGGEEGEEGFFFGFFFFFGGGGGFEFFFCFGFFGFFFB?	T	66	C	6	ALIGNMENT_OK:15,0	ALIGNMENT_MISSING:0,0	MULTIPLE_ALIGNMENTS:22,0	CHROM_MISMATCH:0,0	ALIGNMENT_MISMATCH:1,0	NEAR_SIDE:25,2	NEAR_GAP:0,0	NM:3,4	misalignment:51,6	0.77273	1.00000
16	46394897	T	63	GTTTtTTTGTTGTTTTTTTTTTTTTTGTTttGttgtTtttttttTgTtggTttttTTTtGgTt	D@@@GAGGFGGFFGGFGDFGGFFFFGEEFHHFHHDHFHFFGHGGFDFHDDFHGHHFFDFC8C:	T	52	G	11	ALIGNMENT_OK:15,3	ALIGNMENT_MISSING:0,0	MULTIPLE_ALIGNMENTS:18,1	CHROM_MISMATCH:0,0	ALIGNMENT_MISMATCH:0,0	NEAR_SIDE:19,5	NEAR_GAP:0,0	NM:0,2	misalignment:37,8	0.71154	0.72727
16	46394949	T	78	TTTTTTTTTttTtttcTtttttttTtTtttCttttCTTtTtTtttTttttTttttctTTtTtCtCtttcTTttTTTtT	DDEGEGGFGEDGEEEFGEEEDEEEGFGFFEGEEEEFFAEGFFFFFEFFFFGF:FFGFFFEFFFBFFFFGGCBDDCC@C	T	71	C	7	ALIGNMENT_OK:33,3	ALIGNMENT_MISSING:0,0	MULTIPLE_ALIGNMENTS:14,1	CHROM_MISMATCH:0,0	ALIGNMENT_MISMATCH:1,0	NEAR_SIDE:20,3	NEAR_GAP:0,0	NM:3,0	misalignment:38,4	0.53521	0.57143
16	46401798	A	35	AATAAAAAaaAAtTAtAaaaAtaAATAaAaAAaaA	EHGHHHGHGGHAFGGF=EGGGFGGGFGEGGGGC9C	A	29	T	6	ALIGNMENT_OK:11,3	ALIGNMENT_MISSING:0,0	MULTIPLE_ALIGNMENTS:6,1	CHROM_MISMATCH:0,0	ALIGNMENT_MISMATCH:1,0	NEAR_SIDE:10,1	NEAR_GAP:0,0	NM:1,1	misalignment:18,3	0.62069	0.50000
16	46403716	C	130	ccCCGgCccgcccgccCcCCcCccgCgGcgCCcgCcCCccGccgGcCCGCcCcccCCcCccCcCGCgcgcgccGGcgccccgcGCgccCCccccccCCccCgccccccgcccccCcgcggcccgcggcgc	AA=<;CAEEDEEEGHGBGDDGDGGF@FCGF?DGFBGD@GFAAGFBGDDCDGDFHGDDHDHHCFDCDEHFHGHFBCHGHHHGEHCDGHHDCGGGGCHDCHHCGGHGGHHHFAHH>CGGHEGHHHGFF:FFC	C	98	G	32	ALIGNMENT_OK:49,12	ALIGNMENT_MISSING:0,0	MULTIPLE_ALIGNMENTS:10,1	CHROM_MISMATCH:6,0	ALIGNMENT_MISMATCH:1,0	NEAR_SIDE:28,14	NEAR_GAP:0,0	NM:4,5	misalignment:49,20	0.50000	0.62500
16	46403717	A	128	AAAaTataaaaaaaTaAAaAaaaTaAAaAaGaaAaTAaaAaaaAaAAATaAaaaATaAaaAtAAAaaaaaaaAAaaaaataaAAaaaATttattaAAaaAatataaaatgaaaAaaaaaaaaaaataa	C@@CBBCCBCCDDDEFFHFHEFFGFECF:FCFFHFGEFFFFFCFFAHFGFHFFFHGFHDGGEFFDEFEGGG<CFGGGGGFGFFHGGFHGFFFEDGGGGEFGFBFGGBGGGGG9GGGEGGEGGFE?FF?	A	108	T	18	ALIGNMENT_OK:48,12	ALIGNMENT_MISSING:0,0	MULTIPLE_ALIGNMENTS:10,0	CHROM_MISMATCH:6,0	ALIGNMENT_MISMATCH:1,0	NEAR_SIDE:37,5	NEAR_GAP:0,0	NM:6,1	misalignment:60,6	0.55556	0.33333
16	46404581	C	77	cccccccCCCCCcCgCCcCGCcCcGCCCcCCcCCCcCCCCCCCGccCCCCCCCGCCCcccCccgcggcccccccccc	???BBBDCFFDEEGFGFFGCFFGFGGBGFGGFGGGEFDGGGGGGGGF@GDGGAGGGGDDGGGGGGG?GGGFGGGFDC	C	69	G	8	ALIGNMENT_OK:34,2	ALIGNMENT_MISSING:0,0	MULTIPLE_ALIGNMENTS:7,2	CHROM_MISMATCH:4,0	ALIGNMENT_MISMATCH:0,0	NEAR_SIDE:24,2	NEAR_GAP:0,0	NM:0,2	misalignment:35,6	0.50725	0.75000
16	46405048	T	82	ggGTTTTtttTgttTTTTgtgttgTtTTtGttGTTttTtTTTGTggGTtTTGTGTTgTTTtTGTTTtttTTTtGttgtTtTT	CC?@>@?EGGECGGEEEECGCGF@=CDEGHHHGEDHHEGEDEHE8CGCH>EGDGDCDADCIDGDDDHHGCCDHGFG=DBC@C	T	63	G	19	ALIGNMENT_OK:21,2	ALIGNMENT_MISSING:0,0	MULTIPLE_ALIGNMENTS:5,0	CHROM_MISMATCH:0,0	ALIGNMENT_MISMATCH:9,4	NEAR_SIDE:27,7	NEAR_GAP:0,0	NM:1,6	misalignment:42,17	0.66667	0.89474
16	46405159	T	107	TtttttTtTTTttgtttttttGTTTtTGtTTgtgTgTttTGGttTtTTTtTTTGTTtTTTTtttTgTTttTTTtttTgttTtttTttGtTTTTTtttTttttTtgtg	B?>CDGDGEEEBGCFGGGGGGHEEEGEEGEECGCDCFGDAHDGGEDEEEG=DEHEDHEDEEHHHEDEEEHEDBFHHDDFGDHHGDIIGH@DDDCHHHDHHHEDGDCA	T	93	G	14	ALIGNMENT_OK:45,7	ALIGNMENT_MISSING:0,0	MULTIPLE_ALIGNMENTS:2,0	CHROM_MISMATCH:0,0	ALIGNMENT_MISMATCH:3,0	NEAR_SIDE:30,5	NEAR_GAP:0,0	NM:13,2	misalignment:48,7	0.51613	0.50000
16	46405873	T	122	TTTTTTTTTTCTCCTTtTTCTTCCTTCTTTCTctttttttTTTTTTttTCCcttttcCttcctttTttcttCctttttccctcTttTttcttTtttTtcTtctttccTccttttttttTtCt	8>AEEEEEEEGEGEF9EEEFEEEGBDG<EDGE9FFFEFFFEEEEEEEFEGGEFFFFDGFFEDFFFEFFEFFDEDEEFFEEEFEDFFAFFEFEDFFFDFDDFEEEFEDDEEFEDEFEEBC>>>	T	91	C	31	ALIGNMENT_OK:34,10	ALIGNMENT_MISSING:0,0	MULTIPLE_ALIGNMENTS:29,12	CHROM_MISMATCH:0,1	ALIGNMENT_MISMATCH:2,1	NEAR_SIDE:24,6	NEAR_GAP:0,0	NM:2,1	misalignment:57,21	0.62637	0.67742
16	46405874	C	121	CCCCTTTCCCCTCCCCcCTCTTCCTTCCTTCCctttcccCCCCCCccCCCcccttcCccccctcTcccctCcttctccccccTccCcccctCtttCccCcctccccCcctctttcccCcCc	@?AGEDEGGGDED6GE?GECEEDD;BDGEEDGCHHCC>CGEGGGGBCGDDB?CHHCDCCC@CGCECCCCHCC@HBCCCCCCCDCCFCB?DHEHHHFCCFCCGBCCCFCCHAFFHFBAD=@;	C	89	T	32	ALIGNMENT_OK:34,12	ALIGNMENT_MISSING:0,0	MULTIPLE_ALIGNMENTS:30,11	CHROM_MISMATCH:1,0	ALIGNMENT_MISMATCH:3,0	NEAR_SIDE:20,7	NEAR_GAP:0,0	NM:1,2	misalignment:55,20	0.61798	0.62500
16	46407013	T	163	TtgttTtTTTTGtgttTtttTTTtttttTtTTTTtttggTTtggttTtgTtTGtTttGtGGtTttTTtTTtTTTTgtTTttgTttttttTTttttTTTTTtgtttgttttTtttgtttgttttttgtgttgtttttttgtttttttgtgtttttttttttttt	DC?CC<@BBAA?@BDDBDFEFFEFFEFGGGFGGFGGGCCGDGCCGGGG?GGGEFGGEFGGGGGEGFGEHFGGGGFCGGDGGC<GGGCGGEGFGGHGGF@EHDGAHCHGGFDHHHDHHHDHHHHHHDHDHHDHAHHHHHDCHHHHHHAHDHHHHHHHHBHHHHH	T	139	G	24	ALIGNMENT_OK:54,10	ALIGNMENT_MISSING:0,0	MULTIPLE_ALIGNMENTS:37,5	CHROM_MISMATCH:0,0	ALIGNMENT_MISMATCH:0,0	NEAR_SIDE:43,8	NEAR_GAP:0,0	NM:5,1	misalignment:85,14	0.61151	0.58333
16	46407752	T	93	ttTTttttggttTTtTTtTgTtTttTTTtTttTtgTTTtTttTtTTttttgTTttTTtTttTgTtgtttTttttttttttttttttttttttt	?B?ACEDDEEEEEEEEEEEFF@EEEEEDEBEDEEEECEFEDFEFEDEFDF>EEFFEECEEEEGEFEEDFDFFFFCFFFFFFFFEFFFFFFEFF	T	86	G	7	ALIGNMENT_OK:45,0	ALIGNMENT_MISSING:0,0	MULTIPLE_ALIGNMENTS:18,2	CHROM_MISMATCH:0,0	ALIGNMENT_MISMATCH:2,2	NEAR_SIDE:18,2	NEAR_GAP:0,0	NM:3,1	misalignment:41,7	0.47674	1.00000
16	46407977	A	50	AATAAAAAaAAAAAAATATAAAAaatAAAAaaaaaaataatAaaaaaaaa	>AFFFFFF@F=9EEFFFEFEFFFFFFEEFEFGEGGGGF@GFEGGFGGGD@	A	44	T	6	ALIGNMENT_OK:5,0	ALIGNMENT_MISSING:0,0	MULTIPLE_ALIGNMENTS:22,3	CHROM_MISMATCH:0,0	ALIGNMENT_MISMATCH:3,0	NEAR_SIDE:14,2	NEAR_GAP:0,0	NM:0,1	misalignment:39,6	0.88636	1.00000
16	46420386	A	70	AAAAAATAtAAAAAAAAAaAATtAATAAaAAaAaaAATAaAtaaAAAAAAATAaTaaaaaaaaaaaataa	CCGGFHGEEHEHHCHHHHFFHGEHHFGHDFHFHFFCGGHFHFGGHHGHHHHGH:GG<EGGGGGGGGEDDC	A	60	T	10	ALIGNMENT_OK:28,7	ALIGNMENT_MISSING:0,0	MULTIPLE_ALIGNMENTS:12,0	CHROM_MISMATCH:1,0	ALIGNMENT_MISMATCH:0,0	NEAR_SIDE:18,3	NEAR_GAP:0,0	NM:1,0	misalignment:32,3	0.53333	0.30000
16	89178474	T	86	CCCcCCCCCCCCcCccCCCCTTTTTTTTTTTTTTTTTTTTTTTTTTTTTTTTTTTTTTTTTTTTtttttttttTTTTCTTTTTttt	BDCEDDDCCCCCGCH5CCCCF<FFFFGGFFGFGGDGGGFGGFFFFEGEFFFGFGGGEFFFFGFGD?CEEEEDE9FGFBFEEEE:?;	T	65	C	21	ALIGNMENT_OK:13,1	ALIGNMENT_MISSING:0,0	MULTIPLE_ALIGNMENTS:0,0	CHROM_MISMATCH:0,0	ALIGNMENT_MISMATCH:40,19	NEAR_SIDE:11,1	NEAR_GAP:0,0	NM:1,0	misalignment:52,20	0.80000	0.95238
17	21194771	A	140	AAAAAAAAAAAAAaaaAAAAAAAAAAaAATAaaaTaaatAatAaatAAaATaAAtaaaAAAAaaAaataAAaaATAAAAAAaAAAAAaTAaTAAaAAtAtaAAAATaAAAAaAaaAAAaaAAaAaaaaAAAaaAAaAaAa	CC<??DD<FFFFFEEEFFF=FFFDFFEFFFFEEEEEEEEFDEFEEEEFEFFEEEEEEFFEEFFFDEFFFFFFFFFF9FFFEFFFFFFFFFEFFEFEDFEFEEEDEDFEEEEEEEEEEEFFEEDEFFFEEEDFFDDEC@?@	A	126	T	14	ALIGNMENT_OK:89,0	ALIGNMENT_MISSING:0,0	MULTIPLE_ALIGNMENTS:0,0	CHROM_MISMATCH:0,0	ALIGNMENT_MISMATCH:0,0	NEAR_SIDE:28,0	NEAR_GAP:0,0	NM:9,14	misalignment:37,14	0.29365	1.00000
17	33769038	C	84	CCCAACCCCCCAAACCCCCCCccACCcCaacAccccCcCCcAccccccacccccaaccaccccaccAcCcCcCCaaCccCCacc	DBFFFGGEFFGFFFBFGGFGECBBEGCGGD=FC=CCAC=ECFBCCCCCFCCCCCGGCCGC=D8FBCECFCECFEGGDCCDD@88	C	65	A	19	ALIGNMENT_OK:42,9	ALIGNMENT_MISSING:0,0	MULTIPLE_ALIGNMENTS:8,3	CHROM_MISMATCH:0,0	ALIGNMENT_MISMATCH:0,0	NEAR_SIDE:14,5	NEAR_GAP:0,0	NM:1,2	misalignment:23,10	0.35385	0.52632
17	36365172	C	209	ctctctcTCCccccctcccCtcCTCccCtcccctctccCCCCtccTTtccTtCCtccttccctctcctcctctCTtcttcccccccCcttcctcccCcccCccCtccctctccCCCccctctCtctttcctccccccccccctcctcccccctccctcccctttcccccctccttcctcttccctcccctctcctccccccccctcttt	ACC?C@?B?<==>==@=??@EACFBCCCGA;AAGBFBBDCDDGABGGFAAGGDDGBBGFBBBGBGBBGBBGBGDGGBGGBABBBBBDBGGBBGBBBDBBBDAB@GBBBGBGB6D9DBBBDBEAGBGGGBBHABBBBBBBCCCHAAH@@BCCAHBCCHCCCCHHGBCCCBCGCBGHCCH5HHCCCHCC<CHBHA?HCCCC@CCCCHCH@E	C	147	T	62	ALIGNMENT_OK:43,15	ALIGNMENT_MISSING:0,0	MULTIPLE_ALIGNMENTS:49,17	CHROM_MISMATCH:0,0	ALIGNMENT_MISMATCH:0,0	NEAR_SIDE:54,30	NEAR_GAP:0,0	NM:1,0	misalignment:104,47	0.70748	0.75806
17	45669359	T	463	TGTTTTTgtTTTggTTTTTgtttTGGTTTTTttggtTTGTTTTTTtTtTTtTTGTTttgtGTTTttgtttTTGTGGgttGTTTTTTTTtGTGTTTGtttttTtttTgGTTttTTTtgtttttTTTGTTTTtttTTttTTtttTGtTTtTGGgtgTTTTttttttgtTttgttTGTTttgtttttGTttggtTTTtttgTTTTtttttTGTTttttGtTtttTTTTtTTtttttttTTttttTtgtGTtttggtttttTTtgttttttttTtttgtttttttgttgtgttttgtttttgtttttttggttTttttgtTtttttttttttgtgtttttgtgtttggtggtggggtTtttgttttttttggttgttgtgtttttttgtTtgttttttgtttgtttttgttgTttttgttgtttTtgTttgttttttttgttttttTTttttttttttttTtgtttt	BEBBBBBA?==:>B8:@>>@:>A@CB??B@ACCCDDCDFCDCDCDECEE>EDEGEEEDFEHEEEDDEEDEEEBDFHFEEHEEEEED;EDHE;EEEHEE@EEEEEDBFHEEEEDEBEFEEEEEEEEHEEEEEEEEEDE7DEEEDFEEEEEHHFEFEEE9EDEDEEFEEEEDEEEHAEEEFEEEEEHEEE9FEEEAEFFFEEEEFEF9EEHEEFEFEHEEEFFEEEBFEEFFFFFFEDEFFFFBFGFGDEFFGGFDFFFEEFGFFFFEFFFEFFFGEE?EEFFGFEFEGEFEFGFEEBEGF@FFFFFEGFFDFFFFGF9EFF?FEFEFEFD@GFEEEFGFGFFBGFDFGEFCGEEDFF@GFFFFFFFFGGFFGF<GFGFFFFFFFGFDF8;FFFFFGDFFEFFFFFGEFFDFFEFGFFG?FFDFHDEFGFFFBFFFEEFEFFFFDDDFFCEFFFEFFFAE:FE=?	T	378	G	85	ALIGNMENT_OK:157,24	ALIGNMENT_MISSING:0,0	MULTIPLE_ALIGNMENTS:115,36	CHROM_MISMATCH:0,0	ALIGNMENT_MISMATCH:5,1	NEAR_SIDE:99,23	NEAR_GAP:0,0	NM:2,1	misalignment:221,61	0.58466	0.71765
19	2643436	C	57	ccccTCCccCcTCTcCcCCCCCccCCTcCtcccccctCCCccCTcCcTCcCtCCCCC	CCEFAADFFDFGCDF@GDCD@DFGBDGD@EGFGHGEFCCCGGCEGCEFCGBFDDDC@	C	48	T	9	ALIGNMENT_OK:21,3	ALIGNMENT_MISSING:0,0	MULTIPLE_ALIGNMENTS:5,2	CHROM_MISMATCH:0,0	ALIGNMENT_MISMATCH:0,0	NEAR_SIDE:20,4	NEAR_GAP:1,0	NM:1,0	misalignment:27,6	0.56250	0.66667
19	49547446	G	72	GGCGgGGCCGCcGCggggGgcGGGGGgcGCggGcgGcGgGgggCcgGccgggggcgGgGgGCgggGggcCgg	@5>@CBCDDCDGCCFFFDC@GACBADDG>DFFCGFCGCG=;GGDHGCHHFGGEGHG9GBEBCGGGAGGFAA@	G	53	C	19	ALIGNMENT_OK:23,7	ALIGNMENT_MISSING:0,0	MULTIPLE_ALIGNMENTS:16,3	CHROM_MISMATCH:0,0	ALIGNMENT_MISMATCH:0,1	NEAR_SIDE:14,8	NEAR_GAP:0,0	NM:0,0	misalignment:30,12	0.56604	0.63158
21	9826141	C	1387	CTCcccccCCCccCCCTcccCCctctcCCtcccCCcCCCCccCCCcCTCccccccCCCCTtccCTCCCcCCCtcCCCTCCCTTCCCCCCcccccccCCTCCcCTCCCCCCCCccCCCCCCCCTTCCTCTCCCtCCCCCCcctcCCTCCcTCTCTTcTCCCCcccCcccCCCCCCccccCTCCCCCCTCCCCCCcCCCCCCCcCCCCTCCctCCCCCTCCCCCCTTCCCCTCCTCCCCCCCCTTCCCCCCccctCCCCCCCCTCCCCCCCCCCCCCTCTtcCCCCTCCCTCCCCTCCTCccTCCTCCCCCCCCCTCCCCTCCCCCCCCCCCCCCCCTCCTTCCCCCCCCCCCCCCCCccccCCCCCCCCCCCcCCCCCCCCCTCCCCCCCCTcTCCCcTTCCCCCCCcCCTCCCCCCccTCCCCCCCCCCTCCCCCCCCCCTCCCCCCCCCcCCCTCCCCCCCCCTCCCCCCCCCCCCCCCCCCCCCCCTCTCCTCtCCCCCCCCCCCCCTCCTCCCCCCCCCCCCTCCCTCCTCCCCCCtCTCCCCCCCCCCCCCCCCCCCCCCCCCCTCCCCCCCCCCCCCCCCCCCTCCCCCCCCCCCCCCCCCCCCCCCCCCCCCcCTCCCCCCCCCCCCCCCCCCTccCCCCCTCTCCCCCCCCCTCCCCCCCCCCCCcCCCCCCCCCCCCCCCCCCCCCCTCCCCCCCCCCCCCCCCTCCCCTCCCCCCCCCCCCCCCTCCCTCCCCCTCCCCCCCCCCCCCcCCTCTCCTCCCCCCcCTTCCCCCCTTCCCCTTCCCCCCCCCCCCCCCCCCCCCCCCCCCCCTTCCCCCCCCCCCTTCCCCcCTCCCTCCCCTCTCCTCCCCCCCCCCCTCCCCCCCCCTTCCCCTCCTCTCCCTTCCCCCCCCCCCCCCCCCCCCTCCCCCCCTCCCCCCCCCCCCCCCCCCCTCTCCCCCCCCCCCCCCCCCCTCCCCCtCCCCCTCCCCTCCCCTCCCCCCCCCCCCCCCCCCCCCCCTCCCTcCCCCCTTCCCcCCCCCCCCCCCTCCCCCCCCCTCTCCCCCCCCCCCCtCCCCCCCCCCCCCCCCCCTCCTCCCCCCTCCcCCTCCCCTTCCCTCCCCCCCCCCCCCCCCCCCCCCCTCCCCCCCCCCCCCCCCCCCTCCCCCCCCTCCCCTCCCCTTCCCCCCCCCCCTCTCCCCCCCTCCCCCCCCTCCCCTCCCCCCCCCCCCCCCCCCCCCCCCCTTCCCCCCCCCTCCCCCCTTCCCCCCCCCCCCCCCCCCCCCTCCTCCCCCCCCCCCCCCCCCCCCCCTCCCCCCCCCCCCTCCTCCTCCCCCCCCTCCCCCCCCCCCCCCTCCTCTCCCCCCCCTTCCCTCCCTCTCCCCCCCCCTCCCCCccct	ACAACC@?<:8=>9?><??=>9@D@GCDDFABABDBDDDDABACDBDFDBBBBBBDDD<EGBBDE@DABDDDGBDDD@DDDGGDD;ADCBBBBBBBADCBCBDFDD@DDEDDBBDEDDD9DDGGDDHCGDDDGDCADDDBA>BEEHE>AGDGDGDBGDDDCB=BD>BADDDD?C6>BBDGDDDDDDGDDDDDD7BDDBDDDB@DDDG?DBGDDDDDGD7DDDDEBDDBDCC@D@DDDDDDDGGDDDDCCCBBGDD?DDDDD<DDDDDDDDDADDDGDGHCDD@DGDDDGDDDDGDDGDCBGCDEDDCDCD>DDGACDD;A;DDDDDDDDDC?DDCFCCGGDBDDDDDDDDBDBDD?CCCCDCCDCDDCCCDCDDDD@DDDDGCDDCCD7CFCFDDCCGGDDDDDDDBD>GDDDDDDACGDDDDDDDDDDGD=DDCCDDDDGDD?DDDDBDCDDDGDDDDDDDDDGDDDDDDDDDCCDDDDDDDDDD?DFDG7DGCHCDDDDDDD:DDDDGDDDDDDDDDDDCDCDGDDDEDDGDDDDDCDCGCCDCDDDDDDD?DDCBBBBDDDCCCDFCCCCCDCCDDCDCDCCCC:FCDAC=DDCCCCDDDDDDDDDDD=BBBDDCCCFBCCDC?DDCDCCCCCCCCFCCDDCCDFCFCCCCCCCCCCCCCCCCCCCCCC;CCCCCCCCCCCCCCCCCCCCCCFACCCCCCCC;CCDCCCF?CCCFC?CCCCCCCCCCCCCFCCCFCCCCCFCCCC@CC@CCCCCCCCF@FCBE@CBBCCBCFFCCCCCCFFCCCCFFCCCCCCCCCCCCC6CCCCCCCCCC?CCCCFFCCCCCCCCCCCFFCCCCCCFCCCFCCCCECFCCFCCCCCCCCCCCFCCCCCCCCCFFCCCCFCCF@FCCCFFCCC<CCCCCCCC=CCCCCCCFCCCCCCCF:CCCCCCCCCCCCCCCCCC@CFCCCCCCCCCCCCCCCCCCFCCCBC:CCCCC6CCCCFCCCCFCCCCCCCCCCCCCCCCCCCCCCCFCCC?CCCCCCFFCCCBCCCCCCCCCCCFCCCCCCCCCFCFACCCCCCCCCCCGCCCCCCCCCCCC?CCCCCFCCFCCCCCCFCCCBBECBBBEFACBEBCBBBBCCBBBCCBBCCBBCBBCFBB5BCBCCBBCCBBBBCCCEBBCBBCCCFCCB>EBCBBFEBCBBCBCBBBBEBEBCBCBBBFBBBBBCC@FBBBCEBBBBBBBCBBBDCCDDCCDCCCCCDFFDDCCDCC@BECBCCBBEEBCCBBCBBBBBCBBBCCAAAADABA>AAAB<AABA>ABBAAAABBAADABAA>BBBABABDAAEABEBAA=AAAA?@@@@8@@AA@<@A@DAAD?B===?@@A@CC@@@?AAACACCAC?????C?@??@?@:>B	C	1215	T	172	ALIGNMENT_OK:0,0	ALIGNMENT_MISSING:0,0	MULTIPLE_ALIGNMENTS:829,110	CHROM_MISMATCH:0,0	ALIGNMENT_MISMATCH:0,0	NEAR_SIDE:378,53	NEAR_GAP:0,0	NM:8,9	misalignment:1215,172	1.00000	1.00000
21	10942923	G	58	aAGGaGgGgGAAGgAgGGGAgAGGgGGGGGAGGGGGGGAGGAGGGGggAAGgGGAGGG	BD?BCCFCC?HHBEHF=CCHFH@BFB@8?BGBBBBBBBGBBGB6BBFGFFA@@?C=A@	G	44	A	14	ALIGNMENT_OK:21,7	ALIGNMENT_MISSING:0,0	MULTIPLE_ALIGNMENTS:0,0	CHROM_MISMATCH:0,0	ALIGNMENT_MISMATCH:0,0	NEAR_SIDE:19,7	NEAR_GAP:0,0	NM:4,0	misalignment:23,7	0.52273	0.50000
X	1317404	T	48	CTTTTCcTTCTCCTtTTTCTCTTTCTCCTTCCTTCCCTTccTTtCCCC	GFAEFGAFBF<FFDHFEFGEGEEDEEEEAEEEDEFEEEECCCCCBBAA	T	26	C	22	ALIGNMENT_OK:18,10	ALIGNMENT_MISSING:0,0	MULTIPLE_ALIGNMENTS:0,0	CHROM_MISMATCH:0,0	ALIGNMENT_MISMATCH:0,0	NEAR_SIDE:8,11	NEAR_GAP:0,0	NM:0,1	misalignment:8,12	0.30769	0.54545
X	1546601	T	33	CCTTTCCtCTTTCTcTCctTCTtcCtcCCtCCC	?FFFF5FHFEFEGECECCIEFEFCFHCFDEBAB	C	18	T	15	ALIGNMENT_OK:8,13	ALIGNMENT_MISSING:0,0	MULTIPLE_ALIGNMENTS:0,0	CHROM_MISMATCH:0,0	ALIGNMENT_MISMATCH:0,0	NEAR_SIDE:10,2	NEAR_GAP:0,0	NM:0,0	misalignment:10,2	0.55556	0.13333
Y	58827389	T	71	AAtAtATttTATTAAAtTaTtattATtaTAaataaataTAtttattTtaataatattttaatttaaaaatt	>9B@B@?HGDEEEEE9GEFEGFGGEEGFEDFFGFFFGFEEGGGEFEDGCGHGGHGHHHHGFHGHGFFGGHH	T	38	A	33	ALIGNMENT_OK:27,15	ALIGNMENT_MISSING:0,0	MULTIPLE_ALIGNMENTS:0,1	CHROM_MISMATCH:0,0	ALIGNMENT_MISMATCH:0,1	NEAR_SIDE:10,9	NEAR_GAP:0,0	NM:1,7	misalignment:11,18	0.28947	0.54545
Y	58827390	G	69	GGgGgGGggGGGGGTgGtGggggGGggGGtgggtgggGGgggtggGgtgtgggggggtggggggggggg	C??B>B<DAGFACGGFHDAFFFFGH=FFGDFFFDFFFHGGEFBFEFEEGEGGGGGGGEGGGGGDDGGGE	G	61	T	8	ALIGNMENT_OK:39,1	ALIGNMENT_MISSING:0,0	MULTIPLE_ALIGNMENTS:1,0	CHROM_MISMATCH:0,0	ALIGNMENT_MISMATCH:0,1	NEAR_SIDE:19,2	NEAR_GAP:0,0	NM:2,4	misalignment:22,7	0.36066	0.87500
