1	89599037	A	120	AAAAAaaaaaaaaAaaaaaaaaaaaAAAaaAaaaAAaaaaaaaAAaaaaaAAaAaaAaaaaAGAaaGGGgaaaaaaAaaaaGaAAaaaaagAaaaaaaAaaggAAaaAaaAaaaaAaAAa	<@@CCCEDEEDEEEEEEEBEEDEEED=@EDFEEEFFEEA5EEEFEEEEDEFFEFEEC?F?AEFFFFGGGEF=FFEFFEEEFGEBEEE;BFDDFBFFFDEFFHHEEFFEFFEFEEF=FDB?	A	111	G	9	A(1.0):G(N/A)	-0.00009	-3.69906	-8.00009	-33.82222	-36.12360	-389.50072	-0.00000	-6.00035	-363.67850	0.00000
1	248112554	T	364	TTTcttTTTtTTtTTtttttttttttTttTTTtttttttTTttTTTTTTTTttTttTTTtTTTTTTTtTTTtttTTTtTttTtTttTttttTttttTTtttTttttTttTtTTttttTTTttTtttTTttTTTttTttTttttTtTTtTTTttCTtTttttTTTCCTTttttTTCttTTCTttCTTTTTtTTtttttttTTTtttttTTTTttTTTtTCtTTTTCTTTTTTTTTTtttTtttTTTTtttTTtTTTTTtttTttttttttTTtttTTTCTTtTtTtttttTTtTTtttttTTTtTttTTTTttTtTttTttTTTtTtcCTTttCCtttttTCtTTCtttTTTtttCTTTttCCtt	CDBAC>@???BACCCDFEDDDDEDEEFEDGHGEEEEEEEGGEEGGGGGGG>EEGBEGGGEEEFGFGGEGDEDEEGGGDGEEGEHEEGEEEDEEDEEGGF9EG:CEEFEEGEGGFEFDG=?DEGE?DGGF;FGF<E<FFGE@EEGFGGFFGFDFCGDG9EFFGGGDDGFFEFEGGDEBGEBGEDDGGGGGFGFBBFFFFFFGGFFFFFEGGGEFE=EEFCBFGGGCFFFFGFFCFDFEAFFCDFFFFEEFFFFEFFFFDFFFEFEFFFFFFDF<FFFFCFFFFFEFDDDEFFFFFFDBEEFFFEEFF@FFFEFFEFEFEEEEFFEEFECEFEEDCAEDEDEBBCD=>A@CCD@??=ACCA9ACB@	T	345	C	19	T(1.0):C(N/A)	-0.00009	-3.69906	-8.00009	-63.55188	-109.57492	-1235.80437	0.00000	-49.72200	-1180.25248	0.00000
1	248167186	A	100	AaaaaaaaAAaaaaaaaAaaaAAaaaaaAaAaaAAagAaaaAaAAaaaagaAaagaaaaaAaaAaaAaaaaaAaaaaaagaAgAAaaaagAAaaAAaAaa	=BBABEEDEEDEEEEDEEEEE@DEEEEDEEEBDDEEEDEEEEEEEADEFEEDEEFF?EFFDFBEFFEEFE>FDEEFAFFFFDEDDFFFBFDDFDDDFDEB	A	94	G	6	A(1.0):G(N/A)	-0.00009	-3.69906	-8.00009	-21.91328	-30.10300	-332.20059	-0.00000	-11.88869	-318.28731	0.00000
1	248224451	T	221	tttttttTttttttTTttttTtttttTttttttTttTtttTtTTtTTttTtTTttTttttTTtTTttTttttTTttTTttTTTTTttTCTTTtCCTtTtTTtttttTTTttTTTTTTtTTttttttttTtTCttTttTTTTtTtCTCTttttTtCttTtTtttttttTttTtCTTTtTCtCtTttTttTCTTtCTTTCCTttTtTTTCttTtttCTTttTT	ACA??BB@CDECCEDEGGFG?F@GFFFGGGGGGFGGAGGGDGEFGDEGGFGFFGGEGGGEGGGFFGGEGGGGFEGGFFGGFFFFFGEFGEFFHFFFFFHFFHHHHHFFFGBFE<FEEHFFHHHGGGHFFH@FHHF;DEFFEHFHG>FFHGCHEHFHHEHEHHHHHCHEHHEHFEDEHEEHFHEGHEHHEFEEHF7EEEEEHCEFDEEEHFDDGFCDDDECB	T	205	C	16	T(1.0):C(N/A)	-0.00009	-3.69906	-8.00009	-58.72556	-66.52763	-751.50153	-0.00000	-11.50104	-700.77597	0.00000
1	248224618	C	161	GgCCgcgcccCCgcCCccggCcgCCCCggccCCcCccgccgccgccccccCcCCCcCCCCcCCCCCCCcccCccCcccCcCCCcCccCcCCCCccCCccCccccCcccCcCcCCCCccCcccccCcccCCcCcCccCCcccccCCcCCCCcCCcCccCcCc	@A:>>CA=CCBBGFFGFECAGFEEGGFFFFFFFFFFFCFFFFCFFFFFFFGFGGGFEFFFFGGGGGCGFFGGFG7GGFFGGG7GGGGFFFFFAGGGFGGFFFGGGGGFEGFGEFEDGGFGGFGGFGGGEEGDGEGGFEGGGFGFEGEDEFDCDCCB@A<?E	C	148	G	13	C(1.0):G(N/A)	-0.00009	-3.69906	-8.00009	-44.62292	-48.46583	-538.00258	-0.00000	-7.54188	-501.37967	0.00000
2	27262769	A	107	CcccccccaAaaaaaAaAaaaaAAaaAaaaaAaaaaaaaaaaaaaaaaAaaaaaaaaAaaaaaaaaaaaaaaaaaAaaaaaaaaaaaaaaaAaaaaaaaAaaaaaaa	CAACCA?CDFFFFFFFFFFFFFFFFFFFFFFFFFFFFFF@FFFFFCFFFFFFGGDGFFEEFFFFFFFGFGFGGGG>EGGGGGGGF>GGGGGEG;GGFGGAGCDEDCD	A	99	C	8	A(1.0):C(N/A)	-0.00009	-3.69906	-8.00009	-26.21110	-32.21021	-362.80195	-0.00000	-9.69808	-344.59085	0.00000
3	196530013	A	168	AAAAGAGgaAaAAaAAaAAagAAgaAggAgGgaAaaaaaAAAAaAaAAaAAAAAAAaAAaAAAAAAAaAAaAAAAAAaAAAaaaaAAAAAAAAaaaAaaaaAaaAaaAaaaaaaAaAaaaaaAaaAaaaaaAaaAAAAaAAAaaaaAaAAaAAAaAAaaaaaaaaaaa	CAA>EEFEDEEFFFFEFFFFFEFFF?FFEFGFFEFFAFFEFFCFFFF?F;FFF?FFFFEBFEFEFFFEFFFFDFFFFFFFFGGGEEEEEF>EEGGGEGFGFEDGEG9EGGGGGGEFEGGGHHEEDEGGGFGEGGEEEEG@?EGGGEEEEEGEEDGEEFGGEG@C@B:B	A	158	G	10	A(1.0):G(N/A)	-0.00009	-3.69906	-8.00009	-36.92251	-50.57304	-569.60089	0.00000	-17.34950	-540.67839	0.00000
4	53428	G	341	AAaaaaaaaaaaaaaaaaaaaAaaaaaaaaaaaaaaaaaaAAaaaaaaaGgaaaaAaaaaaaaaAaaaaaaaaaaaaaaagaagaaaaaaaaAaaaaaaaaaaaaaaaAaaaaaaaaAaAggaaAAaaaaaggaaaaaaaagaaaaAaaaaaaAaaaaaaaaaaAaaaaaaaaaaAGAaaaaaaaaaaAaaaaaaaaaAaaGAgaaaAaaaaaaaaagAaaaaaaaaaaagagaaaagaAagaaaagaaAaaaaAAaaaAaAaaaaaaaaaaaaaGgagaaaaaaaaaaaaaaaaaaAgaagaaaaaaaaaagaaaaaaaaaaaaAaaaaaaaaaaaaaaa	CEAA?CC?A?AAA?AACBCAAAB=:B55BBABBCB>CC?ACBBCDDDEDBFFGGFGFFFEEFEEHEFAFFEEEEFFFFFFFEFEFEEFFEFEHFFFDFFFFFFEF:EE<FFFFFFFEGFFFFFFHGFFFFBFFFFFDDFFFDFFEEHDFFFFEHFFF5FFFFFEIDFFDAFFEEF@CHFFFFFFFFFFHFFFEFEFFFHFFC@FFF=HGFFFFFEFFD5FFE;GFGEFFFEFEGEEGGGEGGGGGGGGEGGBGGGHGGGHGGGEGEGGGCGFGFFCGGGFGFGGEGFGFGFEGGGG>GFFCGFGFFFGGEGFGEGGHHGGHGFGFGAGFGGGG?DCB=?@@	A	317	G	24	A(N/A):G(1.0)	-8.00009	-3.69906	-0.00009	-87.56085	-102.65123	-1135.90251	-0.00000	-10.78935	-1040.34166	0.00000
4	71227922	C	78	GccCccCcccccccCcCCgccccccccccccccccccgCcCCcccCCgCccCccccCgcCccgCcccccccccccccc	CAAACFEFFFFFFFGFGFFFFFFFFFFFFFFGFFFFFFGFGGFFFGGFGFFGGGG;FGGGGGGGGGFGGFGGGGGD:A	C	72	G	6	C(1.0):G(N/A)	-0.00009	-3.69906	-8.00009	-22.10896	-23.48034	-264.20057	-0.00000	-5.07035	-250.09161	0.00001
6	57398201	T	128	TTTTTTTtTtttTtTTTTtTTTTTtttTTtTTTTTTTTtTtttTTTTttTTTTttttTtTTtTtTTTtTtTTTCCttttcTttTtTTtcCTTCtTttTtttTTTTtTTttCttttttttTtctttTtT	=@==ACDFEGGGEGBECFGEDEEEGGFEEFEEEEEEEEGEHGGEEEEHHDBEEHHBHEFEDHCHEEDHEHDEEGFHHHECAHDDHDDGC9DDFHDIIDGHHDDDDHDDHDFHGHHHHFHCH?HFGDC<	T	120	C	8	T(1.0):C(N/A)	-0.00009	-3.69906	-8.00009	-27.11505	-38.53184	-436.00284	0.00000	-15.11576	-416.88780	0.00000
6	57398226	T	142	tTTTTTTTTtTtttTTTTTttTTTTttttTtTTtTtTTTtTtTTTGGttttgTttTTtTTtgGTTGtTttTtttTTTTtTTttGttttttttTtgtttTtTTTTtGTTtTtTtttttttTttTtttttttTttttttttttt	C>=>:EDFFDFEDDEFFEFEEEFFFEEDEFEFFEEEFFFEFFFFFEEEEEFFFFFF5FEFDF9FFDFFEFFFFFF?FFFFFFFEEFFFEFDFEFGFFFFFEDEEFDEED>ECEFEEFFFEFFEFCEBBFEEAABAAA?AA>=	T	133	G	9	T(1.0):G(N/A)	-0.00009	-3.69906	-8.00009	-31.42409	-42.74626	-471.70258	0.00000	-15.02114	-448.27849	0.00000
6	57398264	A	113	aaaagAaaAAaAAagGAAGaAaaAaaaAAAAaAAaaGaaaaaaaaAagaaaAaAAAAaGAAaaAaaaaaaaAaaAaaaaaaaaAaaaaaaaaaaaaggaaaaAaaaaAaaaaa	CC?=BBDDEDDDFBEBFFEEEEEFEEEFFFDEFFEEEEEEEDBEEFEGEEDFEFEEFDEFFFFFFEF@FFFFFFFEFFFEFFFFFFFFFFFFFFFFFFFEEGE<5FEEFBEEB	A	104	G	9	A(1.0):G(N/A)	-0.00009	-3.69906	-8.00009	-32.21729	-34.01639	-372.30111	-0.00000	-5.49807	-348.08383	0.00000
8	101721705	G	122	GGGGGgGGGGGGGggGgGGGGGGgGgggGGGgGGGggGGGGgGggGgGgggGGGGgGGGggGgGGgggGgGgGGggggggGGgGGGGGGGgGGGggGGGGgGGgTggTGGTgGTTTTTTTgg	CBHGHFHHHHHHHFFHFHGGAHHFHFFFHHHFGHHGGCGGHGHGGHG=GGG?HHHGHHHGFHEAGGGGGGGGHGGGGGGGGGGGGGGGGGGGGGGEGGGGGFFGCFGDFGCEFDCCBBB@@;	G	112	T	10	G(1.0):T(N/A)	-0.00009	-3.69906	-8.00009	-33.61073	-36.72566	-420.30196	-0.00000	-6.81390	-394.69124	0.00000
9	139327573	T	91	TttttttttTtttttttttttTtttTttttttttttTTttTttTTTTTtttttTTttTTTtTtTTTtTttTTTTTTTTTTTTTcccccTcc	AC?BB=ABCFEEDEEDEDCCEGEE:GEECEEEEEDEGG=FEFDGBEDGEFFF:GGF@;GGFGFGGFFFFDCFFEFFFFFFEEEE>>;:A??	T	84	C	7	T(1.0):C(N/A)	-0.00009	-3.69906	-8.00009	-20.51492	-27.39373	-296.90454	-0.00000	-10.57778	-284.38962	0.00000
10	124359524	C	148	CCCCCCCCCCCCCCtCCCCCcCtCCCcCctcctCCCccccCttcccccCcCccCcCcCCCCcctctCcCctCCcccccCcCCccCcCCCccccccccCCCCCccCCccCcCCCCCCCCcCCccCCccccCcCCCCccCCCcccCCCcc	@??F@EGGGCGFGGEGGFGGFBEDEEFGEEFFE>GGFFFFGEFGGEGGEGEGAGGGGGGFGGGEG>GG8GFGGGGGGFGGGGGGFAFFFGGGFGGGEFFFFFGGFFDGFGCFBFFFFFGFFGGFFGGGGF?FEFEFGGFFEFA>BB?D	C	139	T	9	C(1.0):T(N/A)	-0.00009	-3.69906	-8.00009	-31.91749	-44.55244	-508.30138	0.00000	-16.33392	-484.38389	0.00000
11	1213533	C	369	CCcttCCCCtttcCCCCCCctcCccCcCccccCCCctcCCCCttCCCcctCCCcCCCtctcCcCCccctcCCccccCCCtccccCCCCCCtCCCCcttccCCcCCCccCCCcCCcttCCCCcCCCCcCCCCCCccccCCcCCCCCCcCCCCCCcCcCCCCCccCCCcCCccccccccCcCCCCCCCcccCCCccCCCCcCcccCCCCCCCcCCCCCcccCCccCCccccccCCCccccccCcCcCCCcCccCcCCCCcccCCCcCCCCccCCCcCcccCCCCccccccccccCCCCcccCCCCCccccCCCCCCCCCCccCCCcccCCccccCccccCCccCCccccCCCCccCCCCCCCCCCCcCCcc	BBCC@8>@?CCC?B@@DCA?DAFC>FAFAAABFGFBGBGF@AGGGGGBBGGGFBGGFGBGBGBFFBBBGBGGBBBBBFEGBABBGGGEFFGGFFFBGGABFE<GGABBGGGBGFBGGGGGG:GFFCCBFFGGEBBC:GFCEEFFFFCFFEGEGCGCGGGGFC;GGFCGFCCCBC=CCFCGFFEF=CCCCFEFCCFFGFC>C<CEDEEEFF?DGGEFCCCF?CB?DACC<BCFEFCCCCBCCCECFEDCECCFCFFEFCCCFEECEFF=BCFFEBECCCFF:FCC?CCCCCBCFFEECCCDFBDE@C@CEEFFDEEDDFCCFEE;;BEEBABBFBBAACC?@BB>>>=6ABB>C>>>>@BABAAA;C?@>	C	350	T	19	C(1.0):T(N/A)	-0.00009	-3.69906	-8.00009	-69.67685	-111.08007	-1202.00207	0.00000	-45.10219	-1140.32522	0.00000
11	123886717	G	378	GGGGgaggaaGGggGtggggGGGGGgGGGgagGggagGgggGGGGGGGGGGggGGGagGGGGgggggGGggagGGGGGgGggggagGGgGgGGGgggggagGGGaGGGGGgGGgGggGgggGgGggggagGGggggGGGggGGgGGggGGGGggggGgggGGggGGggggGGGGGggggGGGGaggggggGgGGGGGGGGGGGaGgGgGGggggGGGGagGGggaggGGgggggggGGggggGGGGgGggggggGGGggGaaGGGGGGGGaggagagggGGGggggGGGgGaGgggGGggaGGGgGGGGgGgggGGgggGGGGagaGgggGGgGGggggGgGGgggggGggGGgGGgggggGgggggGGggGGGgggg	@=>ACAC?C?5;?@<;AAA@>>===BAAACEBCCCFBBCCBCC7CCACCCCCCCCCFCCCCACCCCCCBCCFCACCCCCCCCCCFCCCC=CCBCCCCCCFCB??F=CCC<@CCC?CCCCCCCCCCCCCFCCCCCCCC=CDDCCCCCBBCC<CCCCCBCCCCC@DACC>DDCCBBCDDDCC8CCGDDDDDDCDCCBBBCCCCCCGCDCDCBDDCCCCCCECCCDDGDDCC8DDDDDDCCCDCDCCCCD?DDDDBDABCDDBGGBCCCCCCBGDDGDG@DCBBBDDDDBABDBGB:DDBBDCGBBBDBBBBDBEEDBBEDDBBABGDGBDEDBBDBBDDDDBDBBDCDDDBDDAABA?@A@@A>>==<><<=<A??AA?A	G	353	A	24	G(1.0):A(N/A)	-0.00009	-3.69906	-8.00009	-88.39272	-113.48831	-1170.50253	0.00000	-28.79456	-1090.10981	0.00000
11	123893801	A	156	AaAAAAaaAAaAAAAaAAAAAAaAAaAAaaAaAaAaaaAaaaaaaaaaaaaAaaaaaaaaaaGAAAaaAAaaaaAAAaaaGAaGaAAaaaaaAaaGaaaaaaaaaaaaaaaaGaaaaaaaaaaaGGGaaaaAgagaaaGaaaaaaaaaaaaaaaaa	BC9<;BDEEDF?FFEFEFFEFFFFEFEEF@FFEFEEEFFFFFFFFFFFEEFFFEEEFGFE;<GF?C@FFFEBFFFF?GEGGDGEGFFGGFGGCGGGEGGGEGGGGFGF<FGGGEGG8@FGFGFGFFFGG=G=GGGDGGFCGGGFEGGGAGGGEDBB	A	145	G	11	A(1.0):G(N/A)	-0.00009	-3.69906	-8.00009	-41.22496	-46.96068	-519.80087	-0.00000	-9.43469	-486.57591	0.00000
13	31287994	C	68	tCCTTtttccCccCccccCCCCCcccccCCcccccccCcccccccccccccccccccccccccCcccc	<=EEDGFCBAGABFEBBBGFGGDBBBBAGGBBBBBBBFBB<BBBCCACCCCCCBC>CCBCDBIFCCBC	C	62	T	6	C(1.0):T(N/A)	-0.00009	-3.69906	-8.00009	-20.71253	-20.47004	-210.50144	-0.00015	-3.45663	-197.78906	0.00035
14	106363835	T	176	TTTttTTTTtTTTttTTTTTTTTTTTTTTTTTTTTTTTtTTTTTTTTtTTTTTtTTTTTTttTTTTTTTTTTTTTTTTTTTTTttTtTTTTTTTttTTTTTTtttTTTTTTTttTTtTTTtTTTtTTTCTttttTTTtCTTtTTtCTTCCTCCTttTTTTTTtTTTTctTCTTTCt	<@D:D=GFGDDGGDBGCGFGGDGGGGGGGEDFGGBEGDECFFGGGGGEFGGG@=GGFFGFCEEFFFGFGE@EEFFFFCFE@AFEDFEFFFFFFFEEEFFFFF>EEFFFFFFF:D9FEFFFCFFFEFFFCFDECEFFFECFFDFFECFEBCFCCFDAFGFDCC??D@@C=AA??CC@	T	166	C	10	T(1.0):C(N/A)	-0.00009	-3.69906	-8.00009	-33.72719	-52.98128	-591.80188	0.00000	-22.95306	-566.07469	0.00000
14	106363843	C	205	CCCCCcCCCcccCCCCCCCCCCCCCCCCCCCCCCcCCCCCCCCCcCCCCCcCCCCCCCccCCCCCCCCCCCCCCCCCCCCCccCcCCCCCCCccCCCCCCcccCCCCCCCccCCcCCCcCCCcCCCGCccccCCCccGCCcCCcGCCGGCGGCccCCCCCCcCCCCgcCGCCCGcCCCGCCCCcCCcCCccCccCCCccCCCCcc	9@@?@CDFFCDDGGGGGFGGGGGDGG98GGGDGGEGF?GGFEGGEFEGG=AGG?BGGGEEGGGGGGGEGGGGACGDGE=GDEEDE?EFFFFFEEFFFFFFEEBFF=FFCFEEFFFFFFEFFFEFFFGFEEEEDFFAEGFFDFFEDFFGGFFGFEEFDFFFFEDFFDGEEG>DFGEFFEGFFFFEFDDDBAAC@@B@B:>CAC?BB	C	194	G	11	C(1.0):G(N/A)	-0.00009	-3.69906	-8.00009	-41.43301	-61.71115	-690.80084	0.00000	-23.97711	-657.36783	0.00000
14	106926655	C	64	GgGGggcCCCcccCcCcCcCcccCcCcccCCCccCcCccccccCcCcccccccccccccCcccc	CC;A@BFEGFFFFGFGFGFGFFFG;HFFFGG?FFGGGGGGGGGGGDFGGFGGGGGHFGG>EFEC	C	58	G	6	C(1.0):G(N/A)	-0.00009	-3.69906	-8.00009	-19.00648	-19.26592	-214.40228	-0.00005	-3.95846	-203.39584	0.00011
18	9122611	T	199	TTTTTtTCTTcTTTTTTTTCtCtCTttTTCtCTtTTTTTTTtTtTcTTTTtTTTTTTTttttTTtTtTTtcTtTcttTTtttTTtcTtTTTTTTtTTTTTcTTtTtTTTTcTTtttTTTTTTTcTtctTTttTTTtTTtTTTTTtTTttTTtTTTtTTtttttTTtttTTtttTttttTTTTtttTTTTttttttttTt	CA?:?C@@@ABBCFFFEECFEFDGFEBEFGEGFEFFFDFF<FFFFDEEFFFFFFFFFFEFEFCCFDFFFEE;FFEFFFEFEFBFFEFFFFFFFFFDFEFFEEEFEFEFEEEEEFFFEEEEEEEECFEEEEFEECDGEEFEEEEEFEEFEEEFE7EFEEFFFFBBEFFFEEFFFEF?FEDEECCBCCCCBA=A@>:@?C@	T	184	C	15	T(1.0):C(N/A)	-0.00009	-3.69906	-8.00009	-53.93127	-59.90497	-651.10184	-0.00000	-9.67267	-605.17058	0.00000
19	15918177	G	119	GGTGggggggggGGgggggGggggggggGGGGgTTGTGgggggGggggTGGGGGgggggGGgGggGGGgTTggGGGGTGGGTGgggGGGGGgGgGGGGGGggGGgGGGGGGGGgGGGGG	B@>=>BBABBDD8EDFDEEEBEFEFEEFCEEDEFFEFEFFDFDEGFEEFEEEEEGEGG:?EFAGFEEEGFBGFECDEEDDDEAGAFDDD=DFDECADDDDEGDDFDDCDCDDDD@>BBA	G	110	T	9	G(1.0):T(N/A)	-0.00009	-3.69906	-8.00009	-31.92049	-35.82257	-383.50142	-0.00000	-7.60104	-359.58092	0.00000
19	50881832	G	96	CCccCcGGgGGGgGgGGgGGGgggggggGgGGGggGGgGggGgggGGggggGgggGGGggGgggggGgggGGgggggGgGGgggGggggGgGgggg	DCCCB>??AD?EFEEEEFEDEFFFDFDFEFEEEFFEDFEFFDAFFEEGFFFDFGGEEAEEEGFGGEEGGGEDFGGGGDEDDGGGDGGGECDEE?B?	G	90	C	6	G(1.0):C(N/A)	-0.00009	-3.69906	-8.00009	-19.91124	-28.89888	-323.90142	0.00000	-12.68660	-311.99018	0.00000
20	1895842	T	81	TtTTtttTtTtttTttTTTTtTTttttttTtttttTTtttttttttTTtttttttTTtttTTtttttCTCctCCttctctt	DAB@CDDDDFDEDFEEAGAGEHGBEEEEEGDEFFFGG<<EF:FFFFGGFFFFEEEG>FFDFFFFFFFCFCEFCCFFEEDB>	T	74	C	7	T(1.0):C(N/A)	-0.00009	-3.69906	-8.00009	-24.31208	-24.38343	-263.20105	-0.00007	-3.77039	-246.88904	0.00017
22	38699057	G	103	ccggccggGGccccGGgggGgggggggggggGGGGggGggggGgGgGgggGgGGgggggggggGGggggggggggGGgggGggggggggGgGggGGgGGGGGg	C?CBA9CBADDCDBEBFDEEFEFFFEFEEEEFEEDEEFFEGDEFEDEFEEEFDDCGFGGFGGEEDGGGFGFFFFGEEGFFDGGFFGGG@DFDGGDDFEDC=CB	G	95	C	8	G(1.0):C(N/A)	-0.00009	-3.69906	-8.00009	-25.71117	-31.00609	-343.00328	-0.00000	-8.99389	-325.29211	0.00000
Y	3720388	A	29	AaaAAaAAGgAAAAAgaAagGGaAGAaaa	FFEFFFFEDGBFFFADGEGFDDEEDEGGE	A	22	G	7
Y	3720391	A	29	AaaAAaAAGgAAAAAgaAagGGaAGAaaa	CFEDCGEBGGEEBCBEG=GFGGADGDGGE	A	22	G	7
Y	3720392	T	30	TttTTtTTAaTTTTTatTtaAAtTATttta	EEDFGFFFEGGG>GFGF>FFEEBFEFFFFC	T	22	A	8
